SourceFile,VideoName,ExpectedSpeaker,Emotion,TotalFramesVideo,SpeakerFramesFound,FramesExtracted,UnknownCount,ErrorUTACount,Status
res_dia0_utt0_20260731_235805_full.txt,dia0_utt0,Chandler,neutral,136,136,136,72,64,Processed
res_dia0_utt10_20260731_235848_full.txt,dia0_utt10,Chandler,fear,48,48,48,0,48,Processed
res_dia0_utt11_20260801_000008_full.txt,dia0_utt11,The Interviewer,neutral,199,0,0,150,20,Speaker Not Trained
res_dia0_utt12_20260801_000051_full.txt,dia0_utt12,Chandler,surprise,74,74,74,51,23,Processed
res_dia0_utt13_20260801_000136_full.txt,dia0_utt13,The Interviewer,neutral,72,0,0,58,6,Speaker Not Trained
res_dia0_utt1_20260731_235827_full.txt,dia0_utt1,The Interviewer,neutral,36,0,0,36,36,Speaker Not Trained
res_dia0_utt2_20260801_000203_full.txt,dia0_utt2,Chandler,neutral,70,68,68,2,2,Processed
res_dia0_utt3_20260801_000248_full.txt,dia0_utt3,The Interviewer,neutral,66,0,0,66,0,Speaker Not Trained
res_dia0_utt4_20260801_000328_full.txt,dia0_utt4,Chandler,surprise,155,155,155,0,0,Processed
res_dia0_utt5_20260801_000430_full.txt,dia0_utt5,The Interviewer,neutral,77,0,0,77,6,Speaker Not Trained
res_dia0_utt6_20260801_000500_full.txt,dia0_utt6,Chandler,neutral,74,74,74,0,3,Processed
res_dia0_utt7_20260801_000541_full.txt,dia0_utt7,The Interviewer,neutral,137,0,0,5,18,Speaker Not Trained
res_dia0_utt8_20260801_000602_full.txt,dia0_utt8,Chandler,neutral,24,24,24,0,24,Processed
res_dia0_utt9_20260801_000643_full.txt,dia0_utt9,The Interviewer,neutral,53,0,0,32,21,Speaker Not Trained
res_dia100_utt0_20260801_011903_full.txt,dia100_utt0,Ross,neutral,45,43,43,47,0,Processed
res_dia100_utt1_20260801_011957_full.txt,dia100_utt1,Ross,neutral,87,87,87,87,0,Processed
res_dia100_utt2_20260801_012025_full.txt,dia100_utt2,Ross,neutral,27,27,27,27,0,Processed
res_dia100_utt3_20260801_012051_full.txt,dia100_utt3,Ross,fear,59,59,59,38,21,Processed
res_dia100_utt4_20260801_012156_full.txt,dia100_utt4,Dr. Rhodes,neutral,180,0,0,1,32,Speaker Not Trained
res_dia100_utt5_20260801_012251_full.txt,dia100_utt5,Ross,neutral,109,109,109,109,0,Processed
res_dia100_utt6_20260801_012326_full.txt,dia100_utt6,Dr. Rhodes,neutral,68,0,0,68,0,Speaker Not Trained
res_dia100_utt7_20260801_012350_full.txt,dia100_utt7,Ross,surprise,42,42,42,42,0,Processed
res_dia101_utt0_20260801_012423_full.txt,dia101_utt0,Dr. Rhodes,neutral,11,0,0,2,2,Speaker Not Trained
res_dia101_utt1_20260801_012441_full.txt,dia101_utt1,Ross,surprise,13,0,0,1,0,Speaker Not Found
res_dia102_utt0_20260801_012545_full.txt,dia102_utt0,Dr. Rhodes,neutral,164,0,0,35,21,Speaker Not Trained
res_dia102_utt1_20260801_012611_full.txt,dia102_utt1,Dr. Johnson,neutral,67,0,0,21,17,Speaker Not Trained
res_dia102_utt2_20260801_012658_full.txt,dia102_utt2,Dr. Rhodes,neutral,56,0,0,56,0,Speaker Not Trained
res_dia103_utt0_20260801_012807_full.txt,dia103_utt0,Kristen,joy,82,0,0,135,0,Speaker Not Trained
res_dia103_utt1_20260801_012956_full.txt,dia103_utt1,Ross,neutral,218,218,218,111,81,Processed
res_dia103_utt2_20260801_013115_full.txt,dia103_utt2,Kristen,surprise,91,0,0,67,60,Speaker Not Trained
res_dia103_utt3_20260801_013154_full.txt,dia103_utt3,Ross,joy,60,60,60,0,60,Processed
res_dia103_utt4_20260801_013332_full.txt,dia103_utt4,Kristen,neutral,94,0,0,102,56,Speaker Not Trained
res_dia103_utt5_20260801_013516_full.txt,dia103_utt5,Ross,neutral,97,97,97,194,0,Processed
res_dia103_utt6_20260801_013532_full.txt,dia103_utt6,Kristen,joy,3,0,0,6,0,Speaker Not Trained
res_dia103_utt7_20260801_013655_full.txt,dia103_utt7,Ross,joy,201,201,201,0,201,Processed
res_dia104_utt0_20260801_013751_full.txt,dia104_utt0,Janice,surprise,94,0,0,63,57,Speaker Not Trained
res_dia104_utt1_20260801_013817_full.txt,dia104_utt1,Rachel,joy,38,37,37,0,0,Processed
res_dia105_utt0_20260801_013845_full.txt,dia105_utt0,Ross,fear,38,0,0,2,29,Speaker Not Found
res_dia105_utt1_20260801_013904_full.txt,dia105_utt1,Janice,surprise,33,0,0,0,33,Speaker Not Trained
res_dia106_utt0_20260801_013953_full.txt,dia106_utt0,Ross,neutral,107,107,107,2,0,Processed
res_dia106_utt1_20260801_014029_full.txt,dia106_utt1,Janice,surprise,44,0,0,42,42,Speaker Not Trained
res_dia106_utt2_20260801_014130_full.txt,dia106_utt2,Ross,neutral,165,165,165,0,0,Processed
res_dia106_utt3_20260801_014217_full.txt,dia106_utt3,Janice,neutral,68,0,0,27,8,Speaker Not Trained
res_dia106_utt4_20260801_014242_full.txt,dia106_utt4,Rachel,neutral,25,25,25,0,25,Processed
res_dia106_utt5_20260801_014316_full.txt,dia106_utt5,Janice,fear,54,0,0,56,8,Speaker Not Trained
res_dia107_utt0_20260801_014343_full.txt,dia107_utt0,Joey,neutral,37,37,37,0,0,Processed
res_dia107_utt10_20260801_014545_full.txt,dia107_utt10,Phoebe,neutral,315,291,291,39,114,Processed
res_dia107_utt1_20260801_014405_full.txt,dia107_utt1,Ross,neutral,42,42,42,0,0,Processed
res_dia107_utt2_20260801_014622_full.txt,dia107_utt2,Monica,neutral,28,0,0,29,14,Speaker Not Found
res_dia107_utt4_20260801_014701_full.txt,dia107_utt4,Monica,neutral,67,0,0,23,80,Speaker Not Found
res_dia107_utt5_20260801_014745_full.txt,dia107_utt5,Joey,joy,101,101,101,0,0,Processed
res_dia107_utt6_20260801_014808_full.txt,dia107_utt6,Ross,neutral,36,0,0,21,4,Speaker Not Found
res_dia107_utt7_20260801_014903_full.txt,dia107_utt7,Phoebe,neutral,30,0,0,66,0,Speaker Not Found
res_dia107_utt8_20260801_014928_full.txt,dia107_utt8,Phoebe,neutral,44,31,31,13,41,Processed
res_dia107_utt9_20260801_015057_full.txt,dia107_utt9,Phoebe,neutral,147,89,89,84,117,Processed
res_dia108_utt0_20260801_015155_full.txt,dia108_utt0,Chandler,neutral,178,178,178,1,58,Processed
res_dia108_utt1_20260801_015250_full.txt,dia108_utt1,Monica,neutral,111,0,0,0,54,Speaker Not Found
res_dia108_utt2_20260801_015320_full.txt,dia108_utt2,Rachel,joy,71,71,71,0,10,Processed
res_dia108_utt3_20260801_015406_full.txt,dia108_utt3,Monica,neutral,56,0,0,23,70,Speaker Not Found
res_dia108_utt4_20260801_015428_full.txt,dia108_utt4,Rachel,joy,54,54,54,0,0,Processed
res_dia108_utt5_20260801_015525_full.txt,dia108_utt5,Chandler,neutral,107,30,30,0,0,Processed
res_dia108_utt6_20260801_015817_full.txt,dia108_utt6,Rachel,neutral,269,165,165,197,132,Processed
res_dia109_utt0_20260801_020011_full.txt,dia109_utt0,Monica,neutral,114,103,103,129,262,Processed
res_dia109_utt10_20260801_020205_full.txt,dia109_utt10,Monica,neutral,46,41,41,0,222,Processed
res_dia109_utt11_20260801_020249_full.txt,dia109_utt11,Phoebe,neutral,46,46,46,0,58,Processed
res_dia109_utt12_20260801_020337_full.txt,dia109_utt12,Monica,neutral,79,79,79,7,79,Processed
res_dia109_utt13_20260801_020719_full.txt,dia109_utt13,Chandler,neutral,198,161,161,226,500,Processed
res_dia109_utt14_20260801_020808_full.txt,dia109_utt14,Phoebe,neutral,32,57,57,0,26,Processed
res_dia109_utt15_20260801_020850_full.txt,dia109_utt15,Chandler,anger,19,2,2,2,6,Processed
res_dia109_utt16_20260801_020932_full.txt,dia109_utt16,Chandler,fear,26,26,26,42,15,Processed
res_dia109_utt17_20260801_021201_full.txt,dia109_utt17,Chandler,fear,105,90,90,206,129,Processed
res_dia109_utt18_20260801_021257_full.txt,dia109_utt18,Chandler,fear,69,69,69,20,119,Processed
res_dia109_utt19_20260801_021336_full.txt,dia109_utt19,Phoebe,surprise,42,42,42,0,100,Processed
res_dia109_utt1_20260801_020108_full.txt,dia109_utt1,Chandler,disgust,58,66,66,3,126,Processed
res_dia109_utt20_20260801_021416_full.txt,dia109_utt20,Chandler,anger,33,0,0,2,73,Speaker Not Found
res_dia109_utt21_20260801_021530_full.txt,dia109_utt21,Monica,joy,62,62,62,112,17,Processed
res_dia109_utt3_20260801_021631_full.txt,dia109_utt3,Phoebe,anger,65,65,65,56,215,Processed
res_dia109_utt4_20260801_021825_full.txt,dia109_utt4,Monica,joy,79,53,53,145,123,Processed
res_dia109_utt5_20260801_022112_full.txt,dia109_utt5,Phoebe,joy,106,106,106,197,138,Processed
res_dia109_utt6_20260801_022429_full.txt,dia109_utt6,Rachel,sadness,78,0,0,300,220,Speaker Not Found
res_dia109_utt7_20260801_022538_full.txt,dia109_utt7,Rachel,sadness,82,71,71,51,82,Processed
res_dia109_utt8_20260801_022712_full.txt,dia109_utt8,Rachel,sadness,115,0,0,80,117,Speaker Not Found
res_dia109_utt9_20260801_022829_full.txt,dia109_utt9,Phoebe,joy,71,13,13,46,289,Processed
res_dia10_utt0_20260801_022911_full.txt,dia10_utt0,Phoebe,anger,35,24,24,43,38,Processed
res_dia10_utt1_20260801_022940_full.txt,dia10_utt1,Phoebe,anger,33,12,12,43,11,Processed
res_dia10_utt2_20260801_023018_full.txt,dia10_utt2,Phoebe,anger,52,51,51,4,8,Processed
res_dia10_utt3_20260801_023041_full.txt,dia10_utt3,Phoebe,anger,41,39,39,2,7,Processed
res_dia10_utt4_20260801_023125_full.txt,dia10_utt4,Phoebe,anger,99,97,97,2,7,Processed
res_dia10_utt5_20260801_023200_full.txt,dia10_utt5,Monica,neutral,54,0,0,15,43,Speaker Not Found
res_dia110_utt0_20260801_023247_full.txt,dia110_utt0,Monica,neutral,45,32,32,9,0,Processed
res_dia110_utt1_20260801_023312_full.txt,dia110_utt1,Phoebe,surprise,22,22,22,26,0,Processed
res_dia110_utt2_20260801_023411_full.txt,dia110_utt2,Monica,surprise,116,116,116,0,0,Processed
res_dia110_utt3_20260801_023427_full.txt,dia110_utt3,Phoebe,anger,41,41,41,0,0,Processed
res_dia110_utt4_20260801_023450_full.txt,dia110_utt4,Joey,neutral,25,25,25,0,0,Processed
res_dia110_utt5_20260801_023526_full.txt,dia110_utt5,Monica,joy,67,0,0,0,18,Speaker Not Found
res_dia111_utt0_20260801_023608_full.txt,dia111_utt0,Joey,joy,57,44,44,23,54,Processed
res_dia111_utt10_20260801_023650_full.txt,dia111_utt10,Chandler,surprise,22,22,22,0,0,Processed
res_dia111_utt11_20260801_023720_full.txt,dia111_utt11,Joey,neutral,67,58,58,0,0,Processed
res_dia111_utt12_20260801_023813_full.txt,dia111_utt12,Joey,neutral,158,158,158,0,25,Processed
res_dia111_utt13_20260801_023847_full.txt,dia111_utt13,Chandler,fear,64,64,64,0,0,Processed
res_dia111_utt14_20260801_024104_full.txt,dia111_utt14,Joey,neutral,484,475,475,9,75,Processed
res_dia111_utt15_20260801_024220_full.txt,dia111_utt15,Chandler,disgust,158,158,158,0,158,Processed
res_dia111_utt16_20260801_024251_full.txt,dia111_utt16,Joey,surprise,38,34,34,4,0,Processed
res_dia111_utt17_20260801_024433_full.txt,dia111_utt17,Chandler,disgust,266,249,249,48,139,Processed
res_dia111_utt1_20260801_023633_full.txt,dia111_utt1,Chandler,fear,23,23,23,0,0,Processed
res_dia111_utt2_20260801_024455_full.txt,dia111_utt2,Joey,joy,38,0,0,0,0,Speaker Not Found
res_dia111_utt3_20260801_024543_full.txt,dia111_utt3,Chandler,neutral,140,140,140,0,1,Processed
res_dia111_utt4_20260801_024706_full.txt,dia111_utt4,Joey,surprise,160,158,158,2,160,Processed
res_dia111_utt5_20260801_024812_full.txt,dia111_utt5,Chandler,fear,167,167,167,0,39,Processed
res_dia111_utt6_20260801_024844_full.txt,dia111_utt6,Chandler,fear,52,52,52,0,50,Processed
res_dia111_utt7_20260801_024927_full.txt,dia111_utt7,Joey,neutral,74,74,74,0,97,Processed
res_dia111_utt8_20260801_024956_full.txt,dia111_utt8,Chandler,surprise,31,31,31,7,7,Processed
res_dia111_utt9_20260801_025031_full.txt,dia111_utt9,Joey,neutral,48,48,48,0,48,Processed
res_dia112_utt0_20260801_025049_full.txt,dia112_utt0,Ross,surprise,40,0,0,0,2,Speaker Not Found
res_dia112_utt1_20260801_025128_full.txt,dia112_utt1,Phoebe,surprise,61,61,61,0,31,Processed
res_dia112_utt2_20260801_025200_full.txt,dia112_utt2,Ross,anger,92,92,92,0,0,Processed
res_dia112_utt3_20260801_025301_full.txt,dia112_utt3,Phoebe,anger,125,123,123,4,21,Processed
res_dia112_utt4_20260801_025410_full.txt,dia112_utt4,Ross,disgust,180,0,0,0,11,Speaker Not Found
res_dia113_utt0_20260801_025446_full.txt,dia113_utt0,Ross,neutral,68,57,57,11,0,Processed
res_dia113_utt10_20260801_025545_full.txt,dia113_utt10,Chandler,neutral,73,73,73,0,0,Processed
res_dia113_utt1_20260801_025521_full.txt,dia113_utt1,Monica,anger,48,48,48,2,0,Processed
res_dia113_utt2_20260801_025628_full.txt,dia113_utt2,Ross,neutral,41,41,41,8,41,Processed
res_dia113_utt3_20260801_025648_full.txt,dia113_utt3,Ross,neutral,6,6,6,0,6,Processed
res_dia113_utt4_20260801_025726_full.txt,dia113_utt4,Ross,neutral,61,61,61,1,40,Processed
res_dia113_utt5_20260801_025817_full.txt,dia113_utt5,Ross,neutral,121,105,105,8,8,Processed
res_dia113_utt6_20260801_025857_full.txt,dia113_utt6,Ross,neutral,53,53,53,0,29,Processed
res_dia113_utt7_20260801_025935_full.txt,dia113_utt7,Chandler,neutral,64,51,51,9,3,Processed
res_dia113_utt8_20260801_030039_full.txt,dia113_utt8,Ross,joy,48,45,45,51,18,Processed
res_dia113_utt9_20260801_030156_full.txt,dia113_utt9,Ross,neutral,148,153,153,22,0,Processed
res_dia114_utt0_20260801_030259_full.txt,dia114_utt0,Chandler,neutral,28,24,24,82,174,Processed
res_dia114_utt1_20260801_030343_full.txt,dia114_utt1,Chandler,surprise,83,83,83,0,55,Processed
res_dia114_utt2_20260801_030444_full.txt,dia114_utt2,Chandler,neutral,68,68,68,35,31,Processed
res_dia114_utt3_20260801_030601_full.txt,dia114_utt3,Joey,joy,89,89,89,10,183,Processed
res_dia114_utt4_20260801_030646_full.txt,dia114_utt4,Joey,joy,73,73,73,27,21,Processed
res_dia115_utt0_20260801_030755_full.txt,dia115_utt0,Jester,neutral,44,0,0,81,40,Speaker Not Trained
res_dia115_utt1_20260801_030955_full.txt,dia115_utt1,Monica,neutral,275,275,275,9,347,Processed
res_dia115_utt2_20260801_031213_full.txt,dia115_utt2,Jester,neutral,213,0,0,106,284,Speaker Not Trained
res_dia115_utt3_20260801_031305_full.txt,dia115_utt3,Joey,neutral,52,50,50,12,86,Processed
res_dia115_utt4_20260801_031408_full.txt,dia115_utt4,Jester,anger,47,0,0,48,118,Speaker Not Trained
res_dia115_utt5_20260801_031451_full.txt,dia115_utt5,Joey,neutral,50,44,44,22,60,Processed
res_dia115_utt6_20260801_031606_full.txt,dia115_utt6,Jester,surprise,47,0,0,83,11,Speaker Not Trained
res_dia115_utt7_20260801_031751_full.txt,dia115_utt7,Janice,surprise,93,0,0,98,88,Speaker Not Trained
res_dia116_utt0_20260801_031847_full.txt,dia116_utt0,Ross,neutral,87,0,0,38,4,Speaker Not Found
res_dia116_utt1_20260801_032005_full.txt,dia116_utt1,Ross,neutral,142,51,51,79,15,Processed
res_dia116_utt2_20260801_032145_full.txt,dia116_utt2,Sarah,sadness,180,0,0,111,0,Speaker Not Trained
res_dia116_utt3_20260801_032244_full.txt,dia116_utt3,Ross,surprise,112,112,112,9,1,Processed
res_dia116_utt4_20260801_032311_full.txt,dia116_utt4,Sarah,neutral,85,0,0,3,0,Speaker Not Trained
res_dia116_utt5_20260801_032449_full.txt,dia116_utt5,Sarah,neutral,236,0,0,73,64,Speaker Not Trained
res_dia116_utt6_20260801_032537_full.txt,dia116_utt6,Ross,neutral,102,100,100,4,68,Processed
res_dia116_utt7_20260801_032727_full.txt,dia116_utt7,Sarah,sadness,200,0,0,103,73,Speaker Not Trained
res_dia117_utt0_20260801_032812_full.txt,dia117_utt0,Monica,joy,52,27,27,28,1,Processed
res_dia117_utt1_20260801_032905_full.txt,dia117_utt1,Richard,neutral,68,0,0,17,66,Speaker Not Trained
res_dia117_utt2_20260801_033005_full.txt,dia117_utt2,Monica,joy,44,44,44,27,88,Processed
res_dia117_utt3_20260801_033114_full.txt,dia117_utt3,Richard,neutral,66,0,0,71,40,Speaker Not Trained
res_dia118_utt0_20260801_033159_full.txt,dia118_utt0,Chandler,neutral,79,65,65,18,2,Processed
res_dia118_utt1_20260801_033226_full.txt,dia118_utt1,Ross,surprise,51,51,51,2,16,Processed
res_dia118_utt2_20260801_033256_full.txt,dia118_utt2,Chandler,neutral,34,0,0,0,3,Speaker Not Found
res_dia118_utt3_20260801_033325_full.txt,dia118_utt3,Ross,joy,57,54,54,4,6,Processed
res_dia118_utt4_20260801_033352_full.txt,dia118_utt4,Chandler,anger,50,44,44,6,0,Processed
res_dia118_utt5_20260801_033433_full.txt,dia118_utt5,Ross,joy,76,76,76,15,8,Processed
res_dia119_utt0_20260801_033448_full.txt,dia119_utt0,Joey,neutral,13,13,13,0,0,Processed
res_dia119_utt10_20260801_033611_full.txt,dia119_utt10,Monica,neutral,62,83,83,0,0,Processed
res_dia119_utt11_20260801_174524_full.txt,dia119_utt11,Monica,neutral,22,36,36,2,0,Processed
res_dia119_utt12_20260801_174605_full.txt,dia119_utt12,Joey,anger,75,64,64,23,17,Processed
res_dia119_utt1_20260801_033526_full.txt,dia119_utt1,Joey,neutral,54,54,54,0,0,Processed
res_dia119_utt2_20260801_033655_full.txt,dia119_utt2,Joey,neutral,42,0,0,41,1,Speaker Not Found
res_dia119_utt3_20260801_033717_full.txt,dia119_utt3,Joey,neutral,26,0,0,3,26,Speaker Not Found
res_dia119_utt4_20260801_033820_full.txt,dia119_utt4,Joey,sadness,117,0,0,45,32,Speaker Not Found
res_dia119_utt5_20260801_033842_full.txt,dia119_utt5,Monica,neutral,45,44,44,0,1,Processed
res_dia119_utt6_20260801_033945_full.txt,dia119_utt6,Joey,sadness,144,144,144,0,70,Processed
res_dia119_utt7_20260801_034055_full.txt,dia119_utt7,Monica,surprise,120,82,82,16,12,Processed
res_dia119_utt8_20260801_034133_full.txt,dia119_utt8,Joey,neutral,95,67,67,14,0,Processed
res_dia119_utt9_20260801_034222_full.txt,dia119_utt9,Monica,neutral,78,75,75,22,0,Processed
res_dia11_utt0_20260801_034254_full.txt,dia11_utt0,Ross,neutral,29,29,29,0,30,Processed
res_dia11_utt1_20260801_034353_full.txt,dia11_utt1,Monica,anger,82,24,24,39,83,Processed
res_dia11_utt2_20260801_034454_full.txt,dia11_utt2,Ross,neutral,65,65,65,5,90,Processed
res_dia11_utt3_20260801_034529_full.txt,dia11_utt3,Chandler,joy,66,31,31,14,26,Processed
res_dia11_utt4_20260801_034601_full.txt,dia11_utt4,Phoebe,neutral,24,25,25,12,2,Processed
res_dia11_utt5_20260801_034615_full.txt,dia11_utt5,Phoebe,neutral,3,4,4,2,0,Processed
res_dia11_utt6_20260801_034653_full.txt,dia11_utt6,Ross,joy,47,31,31,8,23,Processed
res_dia11_utt7_20260801_034730_full.txt,dia11_utt7,Joey,joy,41,9,9,17,25,Processed
res_dia11_utt8_20260801_034750_full.txt,dia11_utt8,Joey,joy,42,0,0,0,46,Speaker Not Found
res_dia11_utt9_20260801_034853_full.txt,dia11_utt9,Phoebe,joy,154,96,96,0,7,Processed
res_dia120_utt0_20260801_174702_full.txt,dia120_utt0,Rachel,fear,71,71,71,35,113,Processed
res_dia120_utt10_20260801_174933_full.txt,dia120_utt10,Ross,neutral,174,156,156,13,92,Processed
res_dia120_utt11_20260801_174955_full.txt,dia120_utt11,Joey,neutral,47,30,30,0,0,Processed
res_dia120_utt12_20260801_175048_full.txt,dia120_utt12,Ross,neutral,58,58,58,1,64,Processed
res_dia120_utt13_20260801_175109_full.txt,dia120_utt13,Chandler,neutral,34,34,34,0,0,Processed
res_dia120_utt14_20260801_175139_full.txt,dia120_utt14,Ross,neutral,36,36,36,0,36,Processed
res_dia120_utt15_20260801_175201_full.txt,dia120_utt15,Joey,neutral,28,28,28,0,2,Processed
res_dia120_utt1_20260801_174810_full.txt,dia120_utt1,Monica,joy,129,102,102,13,45,Processed
res_dia120_utt2_20260801_175234_full.txt,dia120_utt2,Rachel,surprise,49,49,49,21,21,Processed
res_dia120_utt3_20260801_175325_full.txt,dia120_utt3,Monica,neutral,77,77,77,0,77,Processed
res_dia120_utt4_20260801_175416_full.txt,dia120_utt4,Rachel,fear,59,53,53,9,58,Processed
res_dia120_utt7_20260801_175454_full.txt,dia120_utt7,Ross,neutral,42,2,2,22,97,Processed
res_dia120_utt8_20260801_175516_full.txt,dia120_utt8,Joey,neutral,15,0,0,11,41,Speaker Not Found
res_dia120_utt9_20260801_175542_full.txt,dia120_utt9,Chandler,neutral,11,0,0,4,28,Speaker Not Found
res_dia121_utt0_20260801_175619_full.txt,dia121_utt0,Phoebe,neutral,100,93,93,8,0,Processed
res_dia121_utt1_20260801_175644_full.txt,dia121_utt1,Monica,joy,34,34,34,0,30,Processed
res_dia121_utt2_20260801_175721_full.txt,dia121_utt2,Chandler,joy,46,46,46,0,17,Processed
res_dia121_utt4_20260801_175801_full.txt,dia121_utt4,Chandler,disgust,132,132,132,2,0,Processed
res_dia121_utt5_20260801_175908_full.txt,dia121_utt5,Phoebe,anger,200,190,190,7,0,Processed
res_dia121_utt6_20260801_175942_full.txt,dia121_utt6,Chandler,neutral,37,37,37,0,39,Processed
res_dia121_utt7_20260801_180013_full.txt,dia121_utt7,Phoebe,sadness,43,43,43,0,4,Processed
res_dia122_utt0_20260801_180219_full.txt,dia122_utt0,Monica,surprise,188,68,68,115,246,Processed
res_dia122_utt10_20260801_180518_full.txt,dia122_utt10,Pete,neutral,152,0,0,153,260,Speaker Not Trained
res_dia122_utt11_20260801_180647_full.txt,dia122_utt11,Rachel,neutral,136,0,0,59,136,Speaker Not Found
res_dia122_utt12_20260801_180737_full.txt,dia122_utt12,Rachel,disgust,61,0,0,69,82,Speaker Not Found
res_dia122_utt13_20260801_181046_full.txt,dia122_utt13,Rachel,disgust,237,212,212,175,271,Processed
res_dia122_utt14_20260801_181204_full.txt,dia122_utt14,Monica,neutral,106,98,98,70,127,Processed
res_dia122_utt15_20260801_181300_full.txt,dia122_utt15,Pete,neutral,65,0,0,33,115,Speaker Not Trained
res_dia122_utt1_20260801_180306_full.txt,dia122_utt1,Monica,fear,87,73,73,16,85,Processed
res_dia122_utt2_20260801_181438_full.txt,dia122_utt2,Rachel,neutral,98,98,98,10,285,Processed
res_dia122_utt3_20260801_181554_full.txt,dia122_utt3,Monica,neutral,33,0,0,123,24,Speaker Not Found
res_dia122_utt4_20260801_181707_full.txt,dia122_utt4,Pete,neutral,69,0,0,62,107,Speaker Not Trained
res_dia122_utt5_20260801_181751_full.txt,dia122_utt5,Monica,neutral,45,30,30,16,64,Processed
res_dia122_utt6_20260801_181850_full.txt,dia122_utt6,Pete,neutral,85,0,0,38,50,Speaker Not Trained
res_dia122_utt7_20260801_182017_full.txt,dia122_utt7,Monica,joy,170,6,6,39,90,Processed
res_dia122_utt8_20260801_182129_full.txt,dia122_utt8,Pete,joy,62,0,0,78,73,Speaker Not Trained
res_dia122_utt9_20260801_182318_full.txt,dia122_utt9,Pete,disgust,145,0,0,69,138,Speaker Not Trained
res_dia123_utt0_20260801_182411_full.txt,dia123_utt0,Chandler,surprise,64,64,64,4,98,Processed
res_dia123_utt10_20260801_182635_full.txt,dia123_utt10,Ross,anger,60,60,60,107,44,Processed
res_dia123_utt1_20260801_182504_full.txt,dia123_utt1,Ross,anger,64,64,64,17,56,Processed
res_dia123_utt2_20260801_182651_full.txt,dia123_utt2,Ross,anger,5,5,5,0,5,Processed
res_dia123_utt3_20260801_182750_full.txt,dia123_utt3,Ross,anger,66,66,66,28,73,Processed
res_dia123_utt4_20260801_182840_full.txt,dia123_utt4,Ross,anger,58,58,58,11,71,Processed
res_dia123_utt5_20260801_182926_full.txt,dia123_utt5,Chandler,neutral,60,60,60,27,67,Processed
res_dia123_utt6_20260801_183015_full.txt,dia123_utt6,Ross,anger,56,56,56,3,56,Processed
res_dia123_utt7_20260801_183214_full.txt,dia123_utt7,Chandler,neutral,63,61,61,180,38,Processed
res_dia123_utt8_20260801_183304_full.txt,dia123_utt8,Ross,anger,54,54,54,16,55,Processed
res_dia123_utt9_20260801_183332_full.txt,dia123_utt9,Chandler,neutral,21,21,21,15,4,Processed
res_dia124_utt0_20260801_183437_full.txt,dia124_utt0,Ross,joy,95,95,95,69,66,Processed
res_dia124_utt10_20260801_183551_full.txt,dia124_utt10,Ross,neutral,75,74,74,1,0,Processed
res_dia124_utt11_20260801_183704_full.txt,dia124_utt11,Joey,joy,174,146,146,5,28,Processed
res_dia124_utt1_20260801_183513_full.txt,dia124_utt1,Chandler,surprise,40,40,40,4,6,Processed
res_dia124_utt2_20260801_183806_full.txt,dia124_utt2,Ross,neutral,70,70,70,0,70,Processed
res_dia124_utt3_20260801_183836_full.txt,dia124_utt3,Chandler,disgust,40,40,40,0,40,Processed
res_dia124_utt4_20260801_183949_full.txt,dia124_utt4,Ross,sadness,142,125,125,1,16,Processed
res_dia124_utt5_20260801_184045_full.txt,dia124_utt5,Joey,joy,87,39,39,0,48,Processed
res_dia124_utt6_20260801_184156_full.txt,dia124_utt6,Ross,joy,113,113,113,49,41,Processed
res_dia124_utt7_20260801_184236_full.txt,dia124_utt7,Joey,surprise,126,126,126,0,0,Processed
res_dia124_utt8_20260801_184304_full.txt,dia124_utt8,Ross,sadness,60,60,60,0,0,Processed
res_dia124_utt9_20260801_184346_full.txt,dia124_utt9,Joey,neutral,50,50,50,2,0,Processed
res_dia125_utt0_20260801_184527_full.txt,dia125_utt0,Emily,joy,121,0,0,122,96,Speaker Not Trained
res_dia125_utt1_20260801_184642_full.txt,dia125_utt1,Ross,neutral,65,54,54,94,3,Processed
res_dia125_utt2_20260801_184722_full.txt,dia125_utt2,Emily,neutral,30,0,0,52,8,Speaker Not Trained
res_dia125_utt4_20260801_184818_full.txt,dia125_utt4,Ross,neutral,74,72,72,7,69,Processed
res_dia125_utt5_20260801_184845_full.txt,dia125_utt5,Ross,neutral,31,31,31,1,15,Processed
res_dia125_utt6_20260801_184939_full.txt,dia125_utt6,Emily,neutral,53,0,0,41,3,Speaker Not Trained
res_dia125_utt7_20260801_185003_full.txt,dia125_utt7,Ross,neutral,30,30,30,0,30,Processed
res_dia125_utt8_20260801_185052_full.txt,dia125_utt8,Emily,surprise,37,0,0,33,5,Speaker Not Trained
res_dia126_utt0_20260801_185315_full.txt,dia126_utt0,The Singing Man,joy,321,0,0,4,298,Speaker Not Trained
res_dia126_utt10_20260801_185422_full.txt,dia126_utt10,Monica,neutral,45,44,44,1,42,Processed
res_dia126_utt11_20260801_185511_full.txt,dia126_utt11,Joey,neutral,32,40,40,8,14,Processed
res_dia126_utt12_20260801_185543_full.txt,dia126_utt12,Monica,anger,46,26,26,21,40,Processed
res_dia126_utt1_20260801_185357_full.txt,dia126_utt1,Rachel,anger,86,69,69,17,0,Processed
res_dia126_utt2_20260801_185737_full.txt,dia126_utt2,The Singing Man,joy,168,0,0,123,86,Speaker Not Trained
res_dia126_utt3_20260801_185832_full.txt,dia126_utt3,Rachel,neutral,49,0,0,53,51,Speaker Not Found
res_dia126_utt4_20260801_185959_full.txt,dia126_utt4,Joey,joy,168,168,168,0,183,Processed
res_dia126_utt5_20260801_190205_full.txt,dia126_utt5,Rachel,anger,222,108,108,37,150,Processed
res_dia126_utt6_20260801_190243_full.txt,dia126_utt6,Monica,neutral,65,65,65,0,65,Processed
res_dia126_utt7_20260801_190326_full.txt,dia126_utt7,Rachel,anger,93,87,87,6,0,Processed
res_dia126_utt8_20260801_190405_full.txt,dia126_utt8,Monica,neutral,52,52,52,0,52,Processed
res_dia126_utt9_20260801_190446_full.txt,dia126_utt9,Rachel,sadness,45,0,0,16,29,Speaker Not Found
res_dia127_utt0_20260801_190518_full.txt,dia127_utt0,Chandler,neutral,60,56,56,4,0,Processed
res_dia127_utt1_20260801_190549_full.txt,dia127_utt1,Chandler,fear,23,6,6,14,3,Processed
res_dia127_utt2_20260801_190614_full.txt,dia127_utt2,Chandler,fear,32,0,0,10,19,Speaker Not Found
res_dia127_utt3_20260801_190710_full.txt,dia127_utt3,Chandler,disgust,78,0,0,0,78,Speaker Not Found
res_dia127_utt4_20260801_190851_full.txt,dia127_utt4,Chandler,disgust,167,15,15,11,49,Processed
res_dia128_utt1_20260801_190925_full.txt,dia128_utt1,Monica,neutral,2,0,0,0,2,Speaker Not Found
res_dia128_utt2_20260801_191109_full.txt,dia128_utt2,Phoebe,joy,304,304,304,0,1,Processed
res_dia128_utt3_20260801_191156_full.txt,dia128_utt3,Monica,joy,77,36,36,21,1,Processed
res_dia128_utt4_20260801_191315_full.txt,dia128_utt4,Phoebe,joy,171,171,171,0,1,Processed
res_dia128_utt5_20260801_191338_full.txt,dia128_utt5,Monica,joy,35,0,0,0,0,Speaker Not Found
res_dia128_utt6_20260801_191416_full.txt,dia128_utt6,Phoebe,neutral,74,74,74,0,0,Processed
res_dia128_utt7_20260801_191538_full.txt,dia128_utt7,Monica,joy,285,0,0,0,3,Speaker Not Found
res_dia128_utt8_20260801_191621_full.txt,dia128_utt8,Phoebe,neutral,70,41,41,29,0,Processed
res_dia128_utt9_20260801_191732_full.txt,dia128_utt9,Monica,joy,178,0,0,7,0,Speaker Not Found
res_dia129_utt0_20260801_191814_full.txt,dia129_utt0,Kate,joy,55,0,0,36,19,Speaker Not Trained
res_dia129_utt10_20260801_192227_full.txt,dia129_utt10,Joey,anger,101,101,101,0,49,Processed
res_dia129_utt11_20260801_192323_full.txt,dia129_utt11,Kate,surprise,54,0,0,22,54,Speaker Not Trained
res_dia129_utt12_20260801_192340_full.txt,dia129_utt12,Joey,surprise,4,4,4,0,4,Processed
res_dia129_utt13_20260801_192403_full.txt,dia129_utt13,Kate,neutral,18,0,0,18,18,Speaker Not Trained
res_dia129_utt14_20260801_192501_full.txt,dia129_utt14,Joey,neutral,52,49,49,3,52,Processed
res_dia129_utt1_20260801_192141_full.txt,dia129_utt1,The Director,sadness,217,0,0,152,369,Speaker Not Trained
res_dia129_utt2_20260801_192639_full.txt,dia129_utt2,Kate,sadness,88,0,0,95,81,Speaker Not Trained
res_dia129_utt3_20260801_192720_full.txt,dia129_utt3,Joey,disgust,43,0,0,3,41,Speaker Not Found
res_dia129_utt4_20260801_192847_full.txt,dia129_utt4,Kate,sadness,172,0,0,18,38,Speaker Not Trained
res_dia129_utt5_20260801_193003_full.txt,dia129_utt5,Joey,anger,109,98,98,57,1,Processed
res_dia129_utt6_20260801_193023_full.txt,dia129_utt6,Kate,surprise,18,0,0,0,0,Speaker Not Trained
res_dia129_utt7_20260801_193113_full.txt,dia129_utt7,Joey,anger,52,50,50,2,52,Processed
res_dia129_utt8_20260801_193152_full.txt,dia129_utt8,Joey,neutral,24,0,0,19,29,Speaker Not Found
res_dia129_utt9_20260801_193243_full.txt,dia129_utt9,Joey,neutral,44,0,0,50,17,Speaker Not Found
res_dia12_utt0_20260801_034932_full.txt,dia12_utt0,Chandler,neutral,42,41,41,30,13,Processed
res_dia12_utt10_20260801_035059_full.txt,dia12_utt10,Chandler,disgust,28,28,28,0,0,Processed
res_dia12_utt11_20260801_035141_full.txt,dia12_utt11,Joey,anger,129,128,128,1,0,Processed
res_dia12_utt1_20260801_035033_full.txt,dia12_utt1,Joey,joy,210,119,119,8,4,Processed
res_dia12_utt2_20260801_035221_full.txt,dia12_utt2,Chandler,disgust,85,85,85,0,0,Processed
res_dia12_utt3_20260801_035253_full.txt,dia12_utt3,Joey,surprise,29,15,15,14,14,Processed
res_dia12_utt4_20260801_035324_full.txt,dia12_utt4,Chandler,disgust,30,0,0,30,30,Speaker Not Found
res_dia12_utt5_20260801_035402_full.txt,dia12_utt5,Joey,neutral,24,0,0,24,24,Speaker Not Found
res_dia12_utt6_20260801_035510_full.txt,dia12_utt6,Joey,fear,249,249,249,0,0,Processed
res_dia12_utt7_20260801_035534_full.txt,dia12_utt7,Joey,neutral,67,67,67,0,0,Processed
res_dia12_utt8_20260801_035613_full.txt,dia12_utt8,Chandler,surprise,72,72,72,0,0,Processed
res_dia12_utt9_20260801_035709_full.txt,dia12_utt9,Joey,fear,155,139,139,16,16,Processed
res_dia130_utt0_20260801_193329_full.txt,dia130_utt0,Rachel,joy,59,59,59,0,0,Processed
res_dia130_utt10_20260801_193552_full.txt,dia130_utt10,Rachel,neutral,70,70,70,0,0,Processed
res_dia130_utt11_20260801_193642_full.txt,dia130_utt11,Joey,surprise,71,71,71,1,78,Processed
res_dia130_utt12_20260801_193724_full.txt,dia130_utt12,Rachel,neutral,104,104,104,0,0,Processed
res_dia130_utt13_20260801_193755_full.txt,dia130_utt13,Rachel,neutral,36,36,36,0,0,Processed
res_dia130_utt14_20260801_193813_full.txt,dia130_utt14,Rachel,neutral,29,29,29,0,0,Processed
res_dia130_utt15_20260801_193837_full.txt,dia130_utt15,Joey,neutral,20,20,20,0,20,Processed
res_dia130_utt16_20260801_193906_full.txt,dia130_utt16,Rachel,surprise,19,0,0,0,19,Speaker Not Found
res_dia130_utt17_20260801_193924_full.txt,dia130_utt17,Joey,joy,5,5,5,1,2,Processed
res_dia130_utt1_20260801_193516_full.txt,dia130_utt1,Joey,neutral,211,203,203,84,27,Processed
res_dia130_utt2_20260801_194105_full.txt,dia130_utt2,Rachel,neutral,163,0,0,125,28,Speaker Not Found
res_dia130_utt3_20260801_194207_full.txt,dia130_utt3,Joey,disgust,114,114,114,1,82,Processed
res_dia130_utt4_20260801_194247_full.txt,dia130_utt4,Rachel,neutral,40,40,40,0,40,Processed
res_dia130_utt5_20260801_194330_full.txt,dia130_utt5,Joey,neutral,36,36,36,0,63,Processed
res_dia130_utt6_20260801_194406_full.txt,dia130_utt6,Rachel,neutral,56,53,53,3,1,Processed
res_dia130_utt7_20260801_194432_full.txt,dia130_utt7,Joey,neutral,25,25,25,0,25,Processed
res_dia130_utt8_20260801_194514_full.txt,dia130_utt8,Rachel,neutral,99,99,99,0,18,Processed
res_dia130_utt9_20260801_194606_full.txt,dia130_utt9,Joey,disgust,102,102,102,6,110,Processed
res_dia131_utt0_20260801_194747_full.txt,dia131_utt0,Commercial,neutral,240,0,0,2,82,Speaker Not Trained
res_dia131_utt1_20260801_194829_full.txt,dia131_utt1,Monica,sadness,61,61,61,0,23,Processed
res_dia131_utt2_20260801_194854_full.txt,dia131_utt2,Joey,neutral,36,36,36,4,26,Processed
res_dia132_utt0_20260801_194956_full.txt,dia132_utt0,Rachel,surprise,88,53,53,35,0,Processed
res_dia132_utt10_20260801_195205_full.txt,dia132_utt10,Rachel,neutral,95,95,95,0,0,Processed
res_dia132_utt1_20260801_195118_full.txt,dia132_utt1,Mark,neutral,112,0,0,74,0,Speaker Not Trained
res_dia132_utt2_20260801_195252_full.txt,dia132_utt2,Rachel,sadness,65,25,25,40,0,Processed
res_dia132_utt3_20260801_195340_full.txt,dia132_utt3,Mark,surprise,41,0,0,41,0,Speaker Not Trained
res_dia132_utt4_20260801_195408_full.txt,dia132_utt4,Rachel,sadness,52,0,0,10,0,Speaker Not Found
res_dia132_utt5_20260801_195450_full.txt,dia132_utt5,Mark,neutral,44,0,0,0,0,Speaker Not Trained
res_dia132_utt6_20260801_195520_full.txt,dia132_utt6,Rachel,sadness,65,0,0,6,2,Speaker Not Found
res_dia132_utt7_20260801_195623_full.txt,dia132_utt7,Mark,neutral,54,0,0,54,0,Speaker Not Trained
res_dia132_utt8_20260801_195655_full.txt,dia132_utt8,Rachel,sadness,42,31,31,11,0,Processed
res_dia132_utt9_20260801_195722_full.txt,dia132_utt9,Mark,neutral,17,0,0,0,0,Speaker Not Trained
res_dia133_utt0_20260801_195753_full.txt,dia133_utt0,Chandler,fear,42,0,0,0,42,Speaker Not Found
res_dia134_utt0_20260801_195814_full.txt,dia134_utt0,Chandler,neutral,33,0,0,0,33,Speaker Not Found
res_dia135_utt0_20260801_195852_full.txt,dia135_utt0,Chandler,neutral,28,28,28,4,0,Processed
res_dia135_utt1_20260801_195920_full.txt,dia135_utt1,Chandler,neutral,18,18,18,18,0,Processed
res_dia135_utt2_20260801_200057_full.txt,dia135_utt2,Chandler,neutral,184,182,182,27,113,Processed
res_dia135_utt4_20260801_200129_full.txt,dia135_utt4,Joey,neutral,33,25,25,8,0,Processed
res_dia135_utt5_20260801_200152_full.txt,dia135_utt5,Joey,neutral,34,34,34,0,4,Processed
res_dia135_utt6_20260801_200240_full.txt,dia135_utt6,Joey,neutral,63,63,63,15,5,Processed
res_dia135_utt7_20260801_200329_full.txt,dia135_utt7,Joey,neutral,59,59,59,14,28,Processed
res_dia135_utt8_20260801_200404_full.txt,dia135_utt8,Joey,neutral,38,38,38,5,24,Processed
res_dia136_utt0_20260801_200432_full.txt,dia136_utt0,Ross,neutral,37,36,36,1,0,Processed
res_dia136_utt1_20260801_200512_full.txt,dia136_utt1,Ross,neutral,40,40,40,0,56,Processed
res_dia136_utt2_20260801_200535_full.txt,dia136_utt2,Joey,surprise,15,0,0,0,20,Speaker Not Found
res_dia136_utt4_20260801_200859_full.txt,dia136_utt4,Ross,neutral,144,114,114,181,486,Processed
res_dia136_utt5_20260801_200959_full.txt,dia136_utt5,Ross,neutral,98,98,98,0,3,Processed
res_dia137_utt0_20260801_201024_full.txt,dia137_utt0,Ross,neutral,24,24,24,0,24,Processed
res_dia137_utt1_20260801_201051_full.txt,dia137_utt1,Ross,neutral,24,24,24,0,24,Processed
res_dia137_utt2_20260801_201136_full.txt,dia137_utt2,Ross,neutral,53,53,53,0,53,Processed
res_dia137_utt3_20260801_201354_full.txt,dia137_utt3,Ross,neutral,282,282,282,0,282,Processed
res_dia137_utt4_20260801_201420_full.txt,dia137_utt4,Ross,joy,39,39,39,0,39,Processed
res_dia137_utt5_20260801_201508_full.txt,dia137_utt5,Ross,neutral,69,69,69,0,69,Processed
res_dia137_utt6_20260801_201600_full.txt,dia137_utt6,Ross,joy,82,82,82,0,82,Processed
res_dia137_utt7_20260801_201633_full.txt,dia137_utt7,Ross,neutral,63,63,63,0,63,Processed
res_dia138_utt0_20260801_201731_full.txt,dia138_utt0,Rachel,anger,76,0,0,32,45,Speaker Not Found
res_dia138_utt10_20260801_201928_full.txt,dia138_utt10,Monica,joy,181,181,181,0,70,Processed
res_dia138_utt11_20260801_202040_full.txt,dia138_utt11,Rachel,anger,171,171,171,0,168,Processed
res_dia138_utt12_20260801_202209_full.txt,dia138_utt12,Monica,neutral,204,204,204,0,201,Processed
res_dia138_utt13_20260801_202248_full.txt,dia138_utt13,Rachel,surprise,46,0,0,7,43,Speaker Not Found
res_dia138_utt14_20260801_202414_full.txt,dia138_utt14,Monica,neutral,162,162,162,0,157,Processed
res_dia138_utt15_20260801_202517_full.txt,dia138_utt15,Rachel,anger,87,87,87,0,87,Processed
res_dia138_utt16_20260801_202550_full.txt,dia138_utt16,Monica,surprise,45,45,45,0,45,Processed
res_dia138_utt1_20260801_201825_full.txt,dia138_utt1,Rachel,anger,101,93,93,5,76,Processed
res_dia138_utt2_20260801_202632_full.txt,dia138_utt2,Rachel,joy,45,20,20,8,13,Processed
res_dia138_utt3_20260801_202705_full.txt,dia138_utt3,Rachel,anger,35,0,0,11,33,Speaker Not Found
res_dia138_utt4_20260801_202753_full.txt,dia138_utt4,Monica,surprise,61,61,61,0,62,Processed
res_dia138_utt5_20260801_202857_full.txt,dia138_utt5,Rachel,disgust,101,101,101,16,85,Processed
res_dia138_utt6_20260801_202928_full.txt,dia138_utt6,Monica,surprise,25,25,25,0,44,Processed
res_dia138_utt7_20260801_203029_full.txt,dia138_utt7,Rachel,neutral,165,162,162,2,31,Processed
res_dia138_utt8_20260801_203115_full.txt,dia138_utt8,Rachel,neutral,40,36,36,6,38,Processed
res_dia138_utt9_20260801_203141_full.txt,dia138_utt9,Rachel,neutral,34,34,34,0,34,Processed
res_dia139_utt0_20260801_203319_full.txt,dia139_utt0,Phoebe,neutral,100,96,96,59,171,Processed
res_dia139_utt1_20260801_203506_full.txt,dia139_utt1,A Female Student,neutral,47,0,0,97,55,Speaker Not Trained
res_dia139_utt2_20260801_203634_full.txt,dia139_utt2,Phoebe,anger,44,44,44,38,102,Processed
res_dia139_utt3_20260801_204225_full.txt,dia139_utt3,Monica,joy,151,124,124,524,80,Processed
res_dia139_utt4_20260801_204349_full.txt,dia139_utt4,All,surprise,26,0,0,127,12,Speaker Not Trained
res_dia139_utt5_20260801_204551_full.txt,dia139_utt5,Monica,joy,165,109,109,68,13,Processed
res_dia13_utt0_20260801_035750_full.txt,dia13_utt0,Mona,joy,98,0,0,0,27,Speaker Not Trained
res_dia13_utt1_20260801_035926_full.txt,dia13_utt1,Ross,neutral,235,228,228,80,0,Processed
res_dia13_utt2_20260801_040030_full.txt,dia13_utt2,Mona,surprise,143,0,0,20,0,Speaker Not Trained
res_dia13_utt3_20260801_040111_full.txt,dia13_utt3,Ross,neutral,46,46,46,0,46,Processed
res_dia140_utt0_20260801_204720_full.txt,dia140_utt0,Phoebe,neutral,181,178,178,56,10,Processed
res_dia140_utt1_20260801_205030_full.txt,dia140_utt1,Cliff,neutral,266,0,0,201,162,Speaker Not Trained
res_dia140_utt2_20260801_205204_full.txt,dia140_utt2,Phoebe,surprise,191,132,132,64,35,Processed
res_dia141_utt0_20260801_205353_full.txt,dia141_utt0,Mr. Franklin,neutral,98,0,0,122,41,Speaker Not Trained
res_dia141_utt1_20260801_205500_full.txt,dia141_utt1,Chandler,neutral,58,33,33,68,15,Processed
res_dia141_utt2_20260801_205601_full.txt,dia141_utt2,Mr. Franklin,neutral,52,0,0,46,6,Speaker Not Trained
res_dia141_utt3_20260801_205649_full.txt,dia141_utt3,Mr. Franklin,neutral,37,0,0,40,0,Speaker Not Trained
res_dia141_utt4_20260801_205824_full.txt,dia141_utt4,Mr. Franklin,neutral,74,0,0,93,36,Speaker Not Trained
res_dia141_utt5_20260801_205938_full.txt,dia141_utt5,Chandler,neutral,128,128,128,5,130,Processed
res_dia141_utt6_20260801_210018_full.txt,dia141_utt6,Mr. Franklin,neutral,48,0,0,35,40,Speaker Not Trained
res_dia141_utt7_20260801_210117_full.txt,dia141_utt7,Chandler,neutral,109,109,109,15,85,Processed
res_dia142_utt0_20260801_210253_full.txt,dia142_utt0,Ross,neutral,126,126,126,131,14,Processed
res_dia142_utt1_20260801_210356_full.txt,dia142_utt1,All,joy,59,0,0,46,60,Speaker Not Trained
res_dia143_utt0_20260801_210452_full.txt,dia143_utt0,Phoebe,neutral,73,0,0,0,0,Speaker Not Found
res_dia143_utt1_20260801_210521_full.txt,dia143_utt1,Chandler,neutral,66,66,66,0,0,Processed
res_dia143_utt2_20260801_210605_full.txt,dia143_utt2,Rachel,sadness,63,63,63,0,0,Processed
res_dia143_utt3_20260801_210710_full.txt,dia143_utt3,Phoebe,joy,93,90,90,0,93,Processed
res_dia143_utt4_20260801_210737_full.txt,dia143_utt4,Joey,neutral,50,49,49,1,0,Processed
res_dia144_utt0_20260801_210838_full.txt,dia144_utt0,Tag,neutral,37,0,0,45,28,Speaker Not Trained
res_dia144_utt1_20260801_210943_full.txt,dia144_utt1,Joey,neutral,57,57,57,1,88,Processed
res_dia144_utt2_20260801_211118_full.txt,dia144_utt2,Tag,neutral,38,0,0,93,41,Speaker Not Trained
res_dia144_utt3_20260801_211314_full.txt,dia144_utt3,Joey,neutral,126,126,126,103,147,Processed
res_dia144_utt4_20260801_211400_full.txt,dia144_utt4,Tag,surprise,13,0,0,30,9,Speaker Not Trained
res_dia144_utt5_20260801_211514_full.txt,dia144_utt5,Joey,joy,41,35,35,47,67,Processed
res_dia145_utt0_20260801_211645_full.txt,dia145_utt0,Chandler,surprise,288,288,288,0,37,Processed
res_dia145_utt10_20260801_211808_full.txt,dia145_utt10,Joey,disgust,40,36,36,34,4,Processed
res_dia145_utt11_20260801_211854_full.txt,dia145_utt11,Joey,disgust,56,56,56,14,0,Processed
res_dia145_utt12_20260801_211918_full.txt,dia145_utt12,Joey,anger,28,28,28,0,5,Processed
res_dia145_utt13_20260801_211942_full.txt,dia145_utt13,Joey,anger,36,36,36,0,0,Processed
res_dia145_utt14_20260801_212029_full.txt,dia145_utt14,Monica,joy,53,63,63,4,4,Processed
res_dia145_utt15_20260801_212127_full.txt,dia145_utt15,Joey,disgust,136,136,136,0,54,Processed
res_dia145_utt16_20260801_212153_full.txt,dia145_utt16,Phoebe,surprise,32,32,32,0,1,Processed
res_dia145_utt17_20260801_212244_full.txt,dia145_utt17,Joey,neutral,76,76,76,0,20,Processed
res_dia145_utt18_20260801_212316_full.txt,dia145_utt18,Chandler,surprise,61,61,61,0,1,Processed
res_dia145_utt1_20260801_211731_full.txt,dia145_utt1,Monica,neutral,82,82,82,0,75,Processed
res_dia145_utt2_20260801_212348_full.txt,dia145_utt2,Chandler,anger,38,23,23,2,13,Processed
res_dia145_utt3_20260801_212423_full.txt,dia145_utt3,Ross,neutral,28,28,28,0,0,Processed
res_dia145_utt4_20260801_212444_full.txt,dia145_utt4,Chandler,fear,19,18,18,1,0,Processed
res_dia145_utt5_20260801_212520_full.txt,dia145_utt5,Chandler,fear,54,54,54,6,0,Processed
res_dia145_utt6_20260801_212634_full.txt,dia145_utt6,Chandler,anger,159,159,159,22,0,Processed
res_dia145_utt7_20260801_212838_full.txt,dia145_utt7,Monica,surprise,228,178,178,78,139,Processed
res_dia145_utt8_20260801_213010_full.txt,dia145_utt8,Phoebe,anger,173,84,84,53,120,Processed
res_dia145_utt9_20260801_213051_full.txt,dia145_utt9,Monica,disgust,63,38,38,1,2,Processed
res_dia146_utt0_20260801_213125_full.txt,dia146_utt0,Monica,neutral,80,80,80,0,0,Processed
res_dia146_utt10_20260801_213306_full.txt,dia146_utt10,Phoebe,sadness,11,11,11,10,1,Processed
res_dia146_utt11_20260801_213420_full.txt,dia146_utt11,Phoebe,sadness,174,174,174,32,0,Processed
res_dia146_utt12_20260801_213539_full.txt,dia146_utt12,Phoebe,sadness,197,183,183,0,11,Processed
res_dia146_utt1_20260801_213244_full.txt,dia146_utt1,Phoebe,sadness,182,170,170,8,16,Processed
res_dia146_utt2_20260801_213643_full.txt,dia146_utt2,Monica,neutral,107,107,107,0,0,Processed
res_dia146_utt3_20260801_213710_full.txt,dia146_utt3,Phoebe,anger,48,48,48,2,0,Processed
res_dia146_utt4_20260801_213741_full.txt,dia146_utt4,Monica,neutral,24,24,24,0,0,Processed
res_dia146_utt5_20260801_213811_full.txt,dia146_utt5,Phoebe,neutral,45,45,45,3,0,Processed
res_dia146_utt6_20260801_213835_full.txt,dia146_utt6,Monica,neutral,36,36,36,0,0,Processed
res_dia146_utt7_20260801_213922_full.txt,dia146_utt7,Phoebe,neutral,54,54,54,0,0,Processed
res_dia146_utt8_20260801_213941_full.txt,dia146_utt8,Monica,neutral,18,18,18,0,0,Processed
res_dia146_utt9_20260801_214017_full.txt,dia146_utt9,Phoebe,sadness,32,32,32,2,30,Processed
res_dia147_utt0_20260801_214053_full.txt,dia147_utt0,Ross,neutral,86,83,83,12,0,Processed
res_dia147_utt10_20260801_214209_full.txt,dia147_utt10,Chandler,neutral,52,52,52,0,0,Processed
res_dia147_utt11_20260801_214304_full.txt,dia147_utt11,Ross,anger,67,67,67,0,0,Processed
res_dia147_utt1_20260801_214142_full.txt,dia147_utt1,Chandler,neutral,74,74,74,4,0,Processed
res_dia147_utt2_20260801_214334_full.txt,dia147_utt2,Ross,neutral,76,76,76,0,0,Processed
res_dia147_utt3_20260801_214444_full.txt,dia147_utt3,Chandler,joy,111,111,111,2,100,Processed
res_dia147_utt4_20260801_214510_full.txt,dia147_utt4,Ross,fear,27,27,27,0,0,Processed
res_dia147_utt5_20260801_214534_full.txt,dia147_utt5,Chandler,joy,30,30,30,2,0,Processed
res_dia147_utt6_20260801_214607_full.txt,dia147_utt6,Ross,surprise,92,92,92,0,0,Processed
res_dia147_utt7_20260801_214659_full.txt,dia147_utt7,Chandler,disgust,80,80,80,5,50,Processed
res_dia147_utt8_20260801_214745_full.txt,dia147_utt8,Chandler,surprise,99,99,99,6,0,Processed
res_dia147_utt9_20260801_214815_full.txt,dia147_utt9,Ross,neutral,31,31,31,0,0,Processed
res_dia148_utt0_20260801_214937_full.txt,dia148_utt0,Chandler,anger,75,2,2,23,102,Processed
res_dia148_utt10_20260801_215104_full.txt,dia148_utt10,Chandler,neutral,53,53,53,8,38,Processed
res_dia148_utt11_20260801_215133_full.txt,dia148_utt11,Joey,neutral,47,47,47,0,14,Processed
res_dia148_utt12_20260801_215225_full.txt,dia148_utt12,Chandler,neutral,61,61,61,0,43,Processed
res_dia148_utt13_20260801_215249_full.txt,dia148_utt13,Joey,surprise,19,19,19,0,18,Processed
res_dia148_utt14_20260801_215328_full.txt,dia148_utt14,Chandler,neutral,30,30,30,0,30,Processed
res_dia148_utt15_20260801_215405_full.txt,dia148_utt15,Joey,fear,50,50,50,0,36,Processed
res_dia148_utt16_20260801_215450_full.txt,dia148_utt16,Chandler,neutral,47,47,47,7,38,Processed
res_dia148_utt17_20260801_215536_full.txt,dia148_utt17,Joey,anger,68,23,23,19,26,Processed
res_dia148_utt18_20260801_215626_full.txt,dia148_utt18,Chandler,anger,104,101,101,13,35,Processed
res_dia148_utt19_20260801_215730_full.txt,dia148_utt19,Joey,sadness,93,93,93,34,63,Processed
res_dia148_utt1_20260801_215014_full.txt,dia148_utt1,Joey,neutral,42,0,0,21,24,Speaker Not Found
res_dia148_utt20_20260801_215913_full.txt,dia148_utt20,Chandler,sadness,42,42,42,20,22,Processed
res_dia148_utt2_20260801_215842_full.txt,dia148_utt2,Chandler,anger,85,85,85,0,85,Processed
res_dia148_utt3_20260801_220001_full.txt,dia148_utt3,Joey,anger,75,75,75,0,21,Processed
res_dia148_utt4_20260801_220059_full.txt,dia148_utt4,Chandler,anger,66,64,64,2,66,Processed
res_dia148_utt5_20260801_220128_full.txt,dia148_utt5,Joey,surprise,26,26,26,1,25,Processed
res_dia148_utt6_20260801_220256_full.txt,dia148_utt6,Chandler,disgust,168,168,168,11,78,Processed
res_dia148_utt7_20260801_220336_full.txt,dia148_utt7,Joey,neutral,43,43,43,0,43,Processed
res_dia148_utt8_20260801_220415_full.txt,dia148_utt8,Chandler,neutral,48,48,48,2,46,Processed
res_dia148_utt9_20260801_220446_full.txt,dia148_utt9,Joey,neutral,26,26,26,0,16,Processed
res_dia149_utt0_20260801_220554_full.txt,dia149_utt0,Phoebe,sadness,87,68,68,22,49,Processed
res_dia149_utt1_20260801_220710_full.txt,dia149_utt1,Eric,neutral,78,0,0,78,25,Speaker Not Trained
res_dia149_utt2_20260801_220849_full.txt,dia149_utt2,Phoebe,neutral,151,139,139,88,13,Processed
res_dia149_utt3_20260801_220925_full.txt,dia149_utt3,Eric,joy,49,0,0,5,15,Speaker Not Trained
res_dia14_utt0_20260801_040556_full.txt,dia14_utt0,Ross,neutral,272,272,272,242,743,Processed
res_dia14_utt1_20260801_040742_full.txt,dia14_utt1,Mona,neutral,70,0,0,98,76,Speaker Not Trained
res_dia14_utt2_20260801_041210_full.txt,dia14_utt2,Ross,neutral,213,0,0,306,177,Speaker Not Found
res_dia14_utt3_20260801_041308_full.txt,dia14_utt3,Mona,surprise,67,0,0,68,21,Speaker Not Trained
res_dia14_utt4_20260801_041335_full.txt,dia14_utt4,Ross,neutral,7,0,0,14,2,Speaker Not Found
res_dia14_utt5_20260801_041550_full.txt,dia14_utt5,Mona,neutral,82,0,0,136,93,Speaker Not Trained
res_dia150_utt0_20260801_221006_full.txt,dia150_utt0,Mona,fear,50,0,0,8,15,Speaker Not Trained
res_dia150_utt1_20260801_221046_full.txt,dia150_utt1,Ross,neutral,58,37,37,3,53,Processed
res_dia150_utt2_20260801_221309_full.txt,dia150_utt2,Dr. Green,anger,148,0,0,124,122,Speaker Not Trained
res_dia150_utt3_20260801_221359_full.txt,dia150_utt3,Ross,sadness,61,61,61,0,0,Processed
res_dia151_utt0_20260801_221453_full.txt,dia151_utt0,Rachel,joy,66,63,63,3,256,Processed
res_dia151_utt10_20260801_221650_full.txt,dia151_utt10,Ross,neutral,70,70,70,0,210,Processed
res_dia151_utt11_20260801_221724_full.txt,dia151_utt11,Rachel,sadness,57,57,57,0,83,Processed
res_dia151_utt12_20260801_221745_full.txt,dia151_utt12,Rachel,neutral,7,7,7,0,9,Processed
res_dia151_utt13_20260801_221803_full.txt,dia151_utt13,Rachel,neutral,3,3,3,0,3,Processed
res_dia151_utt15_20260801_222011_full.txt,dia151_utt15,Ross,neutral,112,112,112,0,477,Processed
res_dia151_utt16_20260801_222049_full.txt,dia151_utt16,Rachel,anger,91,89,89,5,87,Processed
res_dia151_utt17_20260801_222309_full.txt,dia151_utt17,Ross,neutral,118,118,118,0,495,Processed
res_dia151_utt1_20260801_221535_full.txt,dia151_utt1,Ross,joy,31,31,31,0,145,Processed
res_dia151_utt2_20260801_222419_full.txt,dia151_utt2,Rachel,joy,91,0,0,0,408,Speaker Not Found
res_dia151_utt3_20260801_222605_full.txt,dia151_utt3,Ross,joy,138,138,138,0,411,Processed
res_dia151_utt6_20260801_222649_full.txt,dia151_utt6,Rachel,surprise,60,54,54,6,90,Processed
res_dia151_utt7_20260801_222819_full.txt,dia151_utt7,Ross,neutral,106,106,106,0,315,Processed
res_dia151_utt8_20260801_222918_full.txt,dia151_utt8,Ross,anger,48,48,48,0,144,Processed
res_dia151_utt9_20260801_223214_full.txt,dia151_utt9,Ross,joy,257,257,257,0,763,Processed
res_dia152_utt0_20260801_223305_full.txt,dia152_utt0,Monica,surprise,50,0,0,35,0,Speaker Not Found
res_dia152_utt10_20260801_223600_full.txt,dia152_utt10,Rachel,sadness,40,0,0,12,0,Speaker Not Found
res_dia152_utt11_20260801_223727_full.txt,dia152_utt11,Rachel,sadness,242,237,237,5,0,Processed
res_dia152_utt1_20260801_223524_full.txt,dia152_utt1,Paul,joy,103,0,0,138,255,Speaker Not Trained
res_dia152_utt4_20260801_223855_full.txt,dia152_utt4,Monica,neutral,99,92,92,110,15,Processed
res_dia152_utt5_20260801_224025_full.txt,dia152_utt5,Paul,neutral,84,0,0,84,79,Speaker Not Trained
res_dia152_utt6_20260801_224112_full.txt,dia152_utt6,Monica,neutral,38,23,23,15,38,Processed
res_dia152_utt7_20260801_224213_full.txt,dia152_utt7,Paul,neutral,37,0,0,42,32,Speaker Not Trained
res_dia152_utt8_20260801_224257_full.txt,dia152_utt8,Monica,surprise,45,45,45,10,35,Processed
res_dia152_utt9_20260801_224334_full.txt,dia152_utt9,Rachel,sadness,35,34,34,1,0,Processed
res_dia153_utt0_20260801_224438_full.txt,dia153_utt0,Ross,neutral,154,154,154,4,6,Processed
res_dia153_utt10_20260801_224635_full.txt,dia153_utt10,Mr. Heckles,anger,57,0,0,57,57,Speaker Not Trained
res_dia153_utt11_20260801_224729_full.txt,dia153_utt11,Phoebe,anger,29,24,24,48,21,Processed
res_dia153_utt12_20260801_224831_full.txt,dia153_utt12,Mr. Heckles,anger,46,0,0,46,46,Speaker Not Trained
res_dia153_utt1_20260801_224533_full.txt,dia153_utt1,Ross,joy,102,90,90,11,30,Processed
res_dia153_utt2_20260801_224854_full.txt,dia153_utt2,Ross,neutral,39,39,39,0,0,Processed
res_dia153_utt3_20260801_224922_full.txt,dia153_utt3,Phoebe,neutral,26,26,26,0,0,Processed
res_dia153_utt4_20260801_224956_full.txt,dia153_utt4,Ross,joy,53,52,52,1,0,Processed
res_dia153_utt5_20260801_225018_full.txt,dia153_utt5,Phoebe,neutral,30,0,0,0,30,Speaker Not Found
res_dia153_utt6_20260801_225101_full.txt,dia153_utt6,Monica,surprise,46,44,44,2,23,Processed
res_dia153_utt7_20260801_225235_full.txt,dia153_utt7,Phoebe,neutral,273,259,259,8,2,Processed
res_dia153_utt8_20260801_225526_full.txt,dia153_utt8,Monica,disgust,374,189,189,114,132,Processed
res_dia153_utt9_20260801_225656_full.txt,dia153_utt9,Phoebe,neutral,84,67,67,65,48,Processed
res_dia154_utt0_20260801_225757_full.txt,dia154_utt0,Rachel,joy,74,51,51,37,74,Processed
res_dia154_utt1_20260801_225958_full.txt,dia154_utt1,Mark,joy,246,0,0,78,51,Speaker Not Trained
res_dia154_utt2_20260801_230041_full.txt,dia154_utt2,Ross,anger,46,37,37,29,4,Processed
res_dia154_utt3_20260801_230125_full.txt,dia154_utt3,Mark,surprise,39,0,0,37,14,Speaker Not Trained
res_dia154_utt4_20260801_230248_full.txt,dia154_utt4,Ross,anger,67,67,67,109,0,Processed
res_dia154_utt5_20260801_230327_full.txt,dia154_utt5,Rachel,surprise,44,21,21,30,2,Processed
res_dia154_utt6_20260801_230440_full.txt,dia154_utt6,Ross,anger,109,109,109,79,0,Processed
res_dia154_utt7_20260801_230531_full.txt,dia154_utt7,Ross,anger,65,65,65,21,28,Processed
res_dia154_utt8_20260801_230559_full.txt,dia154_utt8,Ross,neutral,41,41,41,12,0,Processed
res_dia155_utt0_20260801_230631_full.txt,dia155_utt0,Mona,neutral,13,0,0,28,20,Speaker Not Trained
res_dia155_utt10_20260801_230913_full.txt,dia155_utt10,Mona,neutral,53,0,0,168,17,Speaker Not Trained
res_dia155_utt11_20260801_230947_full.txt,dia155_utt11,Ross,neutral,37,37,37,0,37,Processed
res_dia155_utt12_20260801_231022_full.txt,dia155_utt12,Mona,neutral,40,0,0,26,9,Speaker Not Trained
res_dia155_utt1_20260801_230707_full.txt,dia155_utt1,Ross,neutral,16,16,16,11,41,Processed
res_dia155_utt2_20260801_231149_full.txt,dia155_utt2,Mona,joy,60,0,0,68,118,Speaker Not Trained
res_dia155_utt3_20260801_231242_full.txt,dia155_utt3,Ross,joy,41,41,41,35,45,Processed
res_dia155_utt4_20260801_231323_full.txt,dia155_utt4,Mona,joy,22,0,0,10,41,Speaker Not Trained
res_dia155_utt5_20260801_231410_full.txt,dia155_utt5,Ross,surprise,51,51,51,17,73,Processed
res_dia155_utt6_20260801_231658_full.txt,dia155_utt6,Mona,neutral,156,0,0,105,223,Speaker Not Trained
res_dia155_utt7_20260801_231835_full.txt,dia155_utt7,Ross,joy,113,73,73,41,62,Processed
res_dia155_utt8_20260801_231957_full.txt,dia155_utt8,Mona,surprise,46,0,0,49,137,Speaker Not Trained
res_dia155_utt9_20260801_232023_full.txt,dia155_utt9,Ross,joy,40,0,0,0,14,Speaker Not Found
res_dia156_utt0_20260801_232233_full.txt,dia156_utt0,Phoebe,sadness,175,114,114,113,188,Processed
res_dia156_utt10_20260801_232410_full.txt,dia156_utt10,Phoebe,neutral,42,26,26,6,47,Processed
res_dia156_utt11_20260801_232511_full.txt,dia156_utt11,Tag,neutral,39,0,0,39,61,Speaker Not Trained
res_dia156_utt1_20260801_232332_full.txt,dia156_utt1,Phoebe,anger,73,63,63,13,23,Processed
res_dia156_utt2_20260801_232636_full.txt,dia156_utt2,Rachel,surprise,96,96,96,0,175,Processed
res_dia156_utt3_20260801_232855_full.txt,dia156_utt3,Phoebe,anger,193,193,193,1,303,Processed
res_dia156_utt4_20260801_232951_full.txt,dia156_utt4,Phoebe,neutral,84,58,58,1,44,Processed
res_dia156_utt5_20260801_233114_full.txt,dia156_utt5,Rachel,surprise,121,74,74,12,164,Processed
res_dia156_utt6_20260801_233240_full.txt,dia156_utt6,Phoebe,neutral,140,140,140,1,150,Processed
res_dia156_utt7_20260801_233319_full.txt,dia156_utt7,Rachel,fear,18,18,18,17,43,Processed
res_dia156_utt8_20260801_233347_full.txt,dia156_utt8,Phoebe,surprise,22,18,18,20,2,Processed
res_dia156_utt9_20260801_233410_full.txt,dia156_utt9,Rachel,joy,15,15,15,0,23,Processed
res_dia157_utt0_20260801_233701_full.txt,dia157_utt0,Phoebe,joy,69,65,65,262,17,Processed
res_dia157_utt1_20260801_233926_full.txt,dia157_utt1,Chandler,joy,105,105,105,249,57,Processed
res_dia157_utt2_20260801_234039_full.txt,dia157_utt2,Monica,joy,43,52,52,74,48,Processed
res_dia158_utt1_20260801_234130_full.txt,dia158_utt1,Joey,neutral,65,0,0,39,0,Speaker Not Found
res_dia158_utt2_20260801_234203_full.txt,dia158_utt2,Mr. Geller,neutral,14,0,0,24,8,Speaker Not Trained
res_dia158_utt3_20260801_234251_full.txt,dia158_utt3,Ross,disgust,21,0,0,55,8,Speaker Not Found
res_dia158_utt4_20260801_234344_full.txt,dia158_utt4,Mr. Geller,surprise,26,0,0,52,16,Speaker Not Trained
res_dia158_utt6_20260801_234411_full.txt,dia158_utt6,Joey,sadness,56,56,55,0,0,Processed
res_dia158_utt7_20260801_234528_full.txt,dia158_utt7,Mr. Geller,surprise,128,0,0,41,87,Speaker Not Trained
res_dia158_utt8_20260801_234633_full.txt,dia158_utt8,Chandler,neutral,98,0,0,30,68,Speaker Not Found
res_dia159_utt0_20260801_234750_full.txt,dia159_utt0,Joanna,joy,57,0,0,65,58,Speaker Not Trained
res_dia159_utt1_20260801_234835_full.txt,dia159_utt1,Rachel,surprise,40,40,40,8,29,Processed
res_dia159_utt2_20260801_234905_full.txt,dia159_utt2,Joanna,joy,18,0,0,19,17,Speaker Not Trained
res_dia159_utt3_20260801_235031_full.txt,dia159_utt3,Joanna,joy,103,0,0,50,103,Speaker Not Trained
res_dia159_utt4_20260801_235119_full.txt,dia159_utt4,Joanna,surprise,36,0,0,23,36,Speaker Not Trained
res_dia159_utt5_20260801_235220_full.txt,dia159_utt5,Joanna,joy,66,0,0,0,66,Speaker Not Trained
res_dia159_utt6_20260801_235313_full.txt,dia159_utt6,Rachel,joy,38,0,0,38,38,Speaker Not Found
res_dia159_utt7_20260801_235454_full.txt,dia159_utt7,Joanna,joy,94,0,0,95,93,Speaker Not Trained
res_dia159_utt8_20260801_235521_full.txt,dia159_utt8,Sophie,joy,32,0,0,2,0,Speaker Not Trained
res_dia159_utt9_20260802_005000_full.txt,dia159_utt9,Joanna,neutral,41,0,0,60,38,Speaker Not Trained
res_dia15_utt0_20260801_041740_full.txt,dia15_utt0,Ross,anger,92,76,76,99,157,Processed
res_dia15_utt10_20260801_042310_full.txt,dia15_utt10,Charlie,neutral,193,0,0,193,316,Speaker Not Trained
res_dia15_utt11_20260801_042610_full.txt,dia15_utt11,Charlie,neutral,141,0,0,141,282,Speaker Not Trained
res_dia15_utt12_20260801_042818_full.txt,dia15_utt12,Paleontologist,neutral,118,0,0,131,127,Speaker Not Trained
res_dia15_utt13_20260801_042952_full.txt,dia15_utt13,Ross,neutral,81,81,81,81,162,Processed
res_dia15_utt14_20260801_043054_full.txt,dia15_utt14,Charlie,neutral,47,0,0,47,94,Speaker Not Trained
res_dia15_utt15_20260801_043252_full.txt,dia15_utt15,Professore Clerk,joy,51,0,0,102,121,Speaker Not Trained
res_dia15_utt16_20260801_043350_full.txt,dia15_utt16,Ross,anger,23,23,23,65,25,Processed
res_dia15_utt17_20260801_043437_full.txt,dia15_utt17,Ross,anger,13,13,13,40,47,Processed
res_dia15_utt18_20260801_043642_full.txt,dia15_utt18,Ross,anger,54,54,54,156,118,Processed
res_dia15_utt19_20260801_043807_full.txt,dia15_utt19,Ross,neutral,41,32,32,96,28,Processed
res_dia15_utt1_20260801_041932_full.txt,dia15_utt1,Charlie,neutral,45,0,0,148,78,Speaker Not Trained
res_dia15_utt20_20260801_044224_full.txt,dia15_utt20,Ross,anger,23,23,23,29,0,Processed
res_dia15_utt21_20260801_044422_full.txt,dia15_utt21,Ross,joy,93,93,93,123,31,Processed
res_dia15_utt22_20260801_044552_full.txt,dia15_utt22,Ross,joy,55,24,24,95,96,Processed
res_dia15_utt2_20260801_044152_full.txt,dia15_utt2,Ross,neutral,162,163,163,254,225,Processed
res_dia15_utt3_20260801_044748_full.txt,dia15_utt3,Charlie,sadness,87,0,0,87,180,Speaker Not Trained
res_dia15_utt4_20260801_044929_full.txt,dia15_utt4,Ross,surprise,130,130,130,58,88,Processed
res_dia15_utt5_20260801_045249_full.txt,dia15_utt5,Charlie,sadness,204,0,0,142,301,Speaker Not Trained
res_dia15_utt6_20260801_045337_full.txt,dia15_utt6,Ross,anger,60,60,60,0,75,Processed
res_dia15_utt7_20260801_045549_full.txt,dia15_utt7,Charlie,sadness,91,0,0,91,202,Speaker Not Trained
res_dia15_utt8_20260801_045731_full.txt,dia15_utt8,Ross,neutral,45,45,45,172,0,Processed
res_dia15_utt9_20260801_045830_full.txt,dia15_utt9,Charlie,sadness,53,0,0,73,45,Speaker Not Trained
res_dia160_utt0_20260802_005020_full.txt,dia160_utt0,Ross,neutral,10,10,10,19,10,Processed
res_dia160_utt10_20260802_005207_full.txt,dia160_utt10,Ross,joy,221,221,221,98,73,Processed
res_dia160_utt11_20260802_005242_full.txt,dia160_utt11,Rachel,neutral,51,0,0,28,20,Speaker Not Found
res_dia160_utt12_20260802_005348_full.txt,dia160_utt12,Ross,joy,116,112,112,61,73,Processed
res_dia160_utt13_20260802_005412_full.txt,dia160_utt13,Mark,neutral,15,0,0,16,15,Speaker Not Trained
res_dia160_utt14_20260802_005437_full.txt,dia160_utt14,Ross,neutral,28,28,28,10,29,Processed
res_dia160_utt15_20260802_005501_full.txt,dia160_utt15,Rachel,sadness,51,51,51,1,29,Processed
res_dia160_utt16_20260802_005530_full.txt,dia160_utt16,Mark,sadness,42,0,0,12,30,Speaker Not Trained
res_dia160_utt17_20260802_005605_full.txt,dia160_utt17,Mark,neutral,36,0,0,41,3,Speaker Not Trained
res_dia160_utt18_20260802_005634_full.txt,dia160_utt18,Rachel,neutral,40,0,0,18,12,Speaker Not Found
res_dia160_utt1_20260802_005038_full.txt,dia160_utt1,Rachel,joy,27,0,0,5,11,Speaker Not Found
res_dia160_utt2_20260802_005712_full.txt,dia160_utt2,Ross,neutral,46,5,5,27,46,Processed
res_dia160_utt3_20260802_005743_full.txt,dia160_utt3,Mark,neutral,30,0,0,30,30,Speaker Not Trained
res_dia160_utt4_20260802_005820_full.txt,dia160_utt4,Ross,neutral,34,27,27,27,34,Processed
res_dia160_utt5_20260802_005850_full.txt,dia160_utt5,Rachel,sadness,39,0,0,14,44,Speaker Not Found
res_dia160_utt6_20260802_005912_full.txt,dia160_utt6,Ross,fear,14,14,14,13,14,Processed
res_dia160_utt7_20260802_005955_full.txt,dia160_utt7,Rachel,neutral,56,56,56,56,56,Processed
res_dia160_utt8_20260802_010104_full.txt,dia160_utt8,Ross,sadness,148,148,148,19,148,Processed
res_dia161_utt0_20260802_010126_full.txt,dia161_utt0,Ross,neutral,48,48,48,0,0,Processed
res_dia161_utt1_20260802_010151_full.txt,dia161_utt1,Chandler,joy,51,51,51,0,0,Processed
res_dia161_utt2_20260802_010215_full.txt,dia161_utt2,Ross,neutral,41,40,40,1,0,Processed
res_dia161_utt3_20260802_010236_full.txt,dia161_utt3,Ross,neutral,31,31,31,0,0,Processed
res_dia161_utt4_20260802_010332_full.txt,dia161_utt4,Ross,neutral,99,99,99,0,99,Processed
res_dia161_utt5_20260802_010400_full.txt,dia161_utt5,Chandler,surprise,51,51,51,1,50,Processed
res_dia162_utt0_20260802_010434_full.txt,dia162_utt0,Ross,neutral,48,47,47,38,0,Processed
res_dia162_utt1_20260802_010503_full.txt,dia162_utt1,Rachel,neutral,16,0,0,32,0,Speaker Not Found
res_dia163_utt0_20260802_010539_full.txt,dia163_utt0,Joey,neutral,72,72,72,0,72,Processed
res_dia163_utt10_20260802_010640_full.txt,dia163_utt10,Joey,neutral,52,52,52,0,52,Processed
res_dia163_utt1_20260802_010612_full.txt,dia163_utt1,Monica,anger,66,59,59,12,20,Processed
res_dia163_utt2_20260802_010656_full.txt,dia163_utt2,Joey,surprise,15,15,15,0,0,Processed
res_dia163_utt3_20260802_010720_full.txt,dia163_utt3,Monica,anger,45,0,0,0,14,Speaker Not Found
res_dia163_utt4_20260802_010744_full.txt,dia163_utt4,Joey,surprise,47,47,47,0,0,Processed
res_dia163_utt5_20260802_010818_full.txt,dia163_utt5,Monica,neutral,67,13,13,0,51,Processed
res_dia163_utt6_20260802_010833_full.txt,dia163_utt6,Joey,neutral,4,0,0,0,4,Speaker Not Found
res_dia163_utt7_20260802_010909_full.txt,dia163_utt7,Monica,surprise,51,51,51,0,88,Processed
res_dia163_utt8_20260802_011002_full.txt,dia163_utt8,Monica,anger,84,84,84,0,168,Processed
res_dia163_utt9_20260802_011037_full.txt,dia163_utt9,Monica,anger,61,61,61,0,72,Processed
res_dia164_utt0_20260802_011139_full.txt,dia164_utt0,Ross,fear,134,134,134,0,134,Processed
res_dia164_utt1_20260802_011158_full.txt,dia164_utt1,Rachel,neutral,28,25,25,3,0,Processed
res_dia164_utt2_20260802_011312_full.txt,dia164_utt2,Ross,surprise,146,146,146,1,145,Processed
res_dia164_utt3_20260802_011331_full.txt,dia164_utt3,Rachel,neutral,19,19,19,0,0,Processed
res_dia164_utt4_20260802_011358_full.txt,dia164_utt4,Ross,sadness,29,29,29,2,27,Processed
res_dia164_utt5_20260802_011557_full.txt,dia164_utt5,Ross,fear,275,275,275,0,208,Processed
res_dia164_utt6_20260802_011638_full.txt,dia164_utt6,Ross,neutral,65,65,65,1,64,Processed
res_dia164_utt7_20260802_011700_full.txt,dia164_utt7,Ross,neutral,29,29,29,0,9,Processed
res_dia164_utt8_20260802_011730_full.txt,dia164_utt8,Rachel,joy,86,86,86,0,0,Processed
res_dia164_utt9_20260802_011842_full.txt,dia164_utt9,Ross,joy,272,0,0,0,0,Speaker Not Found
res_dia165_utt0_20260802_011915_full.txt,dia165_utt0,Chandler,neutral,89,89,89,0,0,Processed
res_dia165_utt10_20260802_012019_full.txt,dia165_utt10,Joey,neutral,81,81,81,0,80,Processed
res_dia165_utt11_20260802_012037_full.txt,dia165_utt11,Chandler,neutral,15,15,15,2,0,Processed
res_dia165_utt12_20260802_012105_full.txt,dia165_utt12,Joey,neutral,39,0,0,1,38,Speaker Not Found
res_dia165_utt13_20260802_012125_full.txt,dia165_utt13,Chandler,neutral,24,24,24,0,0,Processed
res_dia165_utt14_20260802_012149_full.txt,dia165_utt14,Joey,neutral,26,26,26,0,24,Processed
res_dia165_utt15_20260802_012211_full.txt,dia165_utt15,Chandler,neutral,24,24,24,0,22,Processed
res_dia165_utt16_20260802_012251_full.txt,dia165_utt16,Joey,joy,83,76,76,8,37,Processed
res_dia165_utt17_20260802_012318_full.txt,dia165_utt17,Joey,joy,25,0,0,22,0,Speaker Not Found
res_dia165_utt18_20260802_012355_full.txt,dia165_utt18,Joey,joy,40,0,0,39,0,Speaker Not Found
res_dia165_utt19_20260802_012454_full.txt,dia165_utt19,Chandler,joy,103,104,104,64,0,Processed
res_dia165_utt1_20260802_011936_full.txt,dia165_utt1,Joey,joy,33,33,33,0,0,Processed
res_dia165_utt2_20260802_012532_full.txt,dia165_utt2,Chandler,neutral,74,76,76,6,13,Processed
res_dia165_utt3_20260802_012634_full.txt,dia165_utt3,Joey,surprise,186,187,187,3,35,Processed
res_dia165_utt4_20260802_012714_full.txt,dia165_utt4,Chandler,neutral,73,73,73,1,71,Processed
res_dia165_utt5_20260802_012752_full.txt,dia165_utt5,Joey,joy,61,61,61,0,60,Processed
res_dia165_utt6_20260802_012824_full.txt,dia165_utt6,Chandler,fear,50,3,3,6,44,Processed
res_dia165_utt7_20260802_012851_full.txt,dia165_utt7,Joey,joy,29,0,0,2,27,Speaker Not Found
res_dia165_utt8_20260802_013029_full.txt,dia165_utt8,Joey,joy,188,167,167,72,128,Processed
res_dia165_utt9_20260802_013048_full.txt,dia165_utt9,Chandler,neutral,18,18,18,0,18,Processed
res_dia166_utt0_20260802_013142_full.txt,dia166_utt0,Chandler,neutral,98,0,0,45,49,Speaker Not Found
res_dia166_utt1_20260802_013202_full.txt,dia166_utt1,Monica,neutral,20,18,18,6,0,Processed
res_dia166_utt2_20260802_013221_full.txt,dia166_utt2,Chandler,neutral,3,0,0,6,0,Speaker Not Found
res_dia167_utt0_20260802_013505_full.txt,dia167_utt0,Singer,joy,191,0,0,196,117,Speaker Not Trained
res_dia167_utt10_20260802_013702_full.txt,dia167_utt10,Singer,neutral,134,0,0,56,57,Speaker Not Trained
res_dia167_utt11_20260802_013906_full.txt,dia167_utt11,Singer,neutral,156,0,0,67,133,Speaker Not Trained
res_dia167_utt12_20260802_014115_full.txt,dia167_utt12,Phoebe,neutral,90,119,119,99,92,Processed
res_dia167_utt1_20260802_013537_full.txt,dia167_utt1,Joey,surprise,38,38,38,0,57,Processed
res_dia167_utt2_20260802_014225_full.txt,dia167_utt2,Phoebe,anger,92,86,86,7,150,Processed
res_dia167_utt3_20260802_014311_full.txt,dia167_utt3,Chandler,neutral,25,25,25,65,0,Processed
res_dia167_utt4_20260802_014437_full.txt,dia167_utt4,Phoebe,neutral,102,81,81,13,308,Processed
res_dia167_utt5_20260802_014600_full.txt,dia167_utt5,Chandler,neutral,66,67,67,93,132,Processed
res_dia167_utt6_20260802_014645_full.txt,dia167_utt6,Monica,anger,49,46,46,2,161,Processed
res_dia167_utt7_20260802_015045_full.txt,dia167_utt7,Ross,neutral,223,197,197,369,228,Processed
res_dia167_utt8_20260802_015128_full.txt,dia167_utt8,Joey,sadness,86,55,55,3,102,Processed
res_dia167_utt9_20260802_015232_full.txt,dia167_utt9,Phoebe,anger,77,56,56,51,93,Processed
res_dia168_utt0_20260802_015255_full.txt,dia168_utt0,Ross,neutral,27,27,27,0,54,Processed
res_dia168_utt10_20260802_015348_full.txt,dia168_utt10,Ross,neutral,50,50,50,37,0,Processed
res_dia168_utt11_20260802_015419_full.txt,dia168_utt11,Rachel,anger,48,42,42,0,54,Processed
res_dia168_utt12_20260802_015454_full.txt,dia168_utt12,Ross,neutral,102,102,102,0,0,Processed
res_dia168_utt13_20260802_015517_full.txt,dia168_utt13,Ross,neutral,53,53,53,0,0,Processed
res_dia168_utt14_20260802_015550_full.txt,dia168_utt14,Ross,neutral,65,0,0,18,3,Speaker Not Found
res_dia168_utt1_20260802_015316_full.txt,dia168_utt1,Ross,neutral,21,21,21,0,42,Processed
res_dia168_utt2_20260802_015645_full.txt,dia168_utt2,Ross,neutral,125,119,119,32,168,Processed
res_dia168_utt3_20260802_015711_full.txt,dia168_utt3,Ross,neutral,50,50,50,0,0,Processed
res_dia168_utt4_20260802_015738_full.txt,dia168_utt4,Ross,neutral,52,52,52,14,0,Processed
res_dia168_utt5_20260802_015806_full.txt,dia168_utt5,Ross,neutral,52,50,50,21,0,Processed
res_dia168_utt6_20260802_015840_full.txt,dia168_utt6,Rachel,surprise,44,0,0,44,0,Speaker Not Found
res_dia168_utt7_20260802_015907_full.txt,dia168_utt7,Ross,neutral,78,78,78,0,0,Processed
res_dia168_utt8_20260802_015952_full.txt,dia168_utt8,Ross,neutral,159,159,159,0,3,Processed
res_dia168_utt9_20260802_020025_full.txt,dia168_utt9,Rachel,anger,74,57,57,25,5,Processed
res_dia169_utt0_20260802_020057_full.txt,dia169_utt0,Ross,joy,36,9,9,17,39,Processed
res_dia169_utt1_20260802_020135_full.txt,dia169_utt1,Rachel,joy,94,89,89,5,90,Processed
res_dia169_utt2_20260802_020256_full.txt,dia169_utt2,Ross,neutral,107,107,107,79,197,Processed
res_dia16_utt0_20260801_045900_full.txt,dia16_utt0,Ross,joy,13,0,0,4,38,Speaker Not Found
res_dia16_utt1_20260801_050012_full.txt,dia16_utt1,Rachel,joy,52,0,0,84,107,Speaker Not Found
res_dia16_utt2_20260801_050118_full.txt,dia16_utt2,Phoebe,disgust,31,30,30,92,0,Processed
res_dia16_utt3_20260801_050208_full.txt,dia16_utt3,Monica,surprise,40,6,6,33,26,Processed
res_dia16_utt4_20260801_050322_full.txt,dia16_utt4,Phoebe,neutral,63,63,63,34,87,Processed
res_dia16_utt5_20260801_050405_full.txt,dia16_utt5,Ross,neutral,53,53,53,1,1,Processed
res_dia170_utt0_20260802_020332_full.txt,dia170_utt0,Monica,surprise,76,76,76,0,76,Processed
res_dia170_utt10_20260802_020417_full.txt,dia170_utt10,Joey,sadness,44,44,44,0,0,Processed
res_dia170_utt11_20260802_020512_full.txt,dia170_utt11,Monica,neutral,160,162,162,0,46,Processed
res_dia170_utt1_20260802_020356_full.txt,dia170_utt1,Joey,neutral,65,65,65,0,0,Processed
res_dia170_utt2_20260802_020530_full.txt,dia170_utt2,Monica,disgust,31,31,31,0,0,Processed
res_dia170_utt3_20260802_020601_full.txt,dia170_utt3,Joey,surprise,81,81,81,0,0,Processed
res_dia170_utt4_20260802_020622_full.txt,dia170_utt4,Monica,disgust,26,25,25,1,26,Processed
res_dia170_utt5_20260802_020642_full.txt,dia170_utt5,Joey,neutral,29,29,29,0,0,Processed
res_dia170_utt6_20260802_020724_full.txt,dia170_utt6,Monica,disgust,133,133,133,1,15,Processed
res_dia170_utt7_20260802_020759_full.txt,dia170_utt7,Joey,surprise,68,61,61,13,0,Processed
res_dia170_utt8_20260802_020823_full.txt,dia170_utt8,Joey,neutral,52,52,52,0,0,Processed
res_dia170_utt9_20260802_020857_full.txt,dia170_utt9,Joey,neutral,100,100,100,0,0,Processed
res_dia171_utt0_20260802_020920_full.txt,dia171_utt0,Rachel,joy,43,43,43,0,0,Processed
res_dia171_utt1_20260802_021031_full.txt,dia171_utt1,Ross,neutral,269,263,263,4,0,Processed
res_dia171_utt2_20260802_021054_full.txt,dia171_utt2,Rachel,neutral,43,0,0,5,0,Speaker Not Found
res_dia171_utt3_20260802_021157_full.txt,dia171_utt3,Ross,neutral,193,193,193,1,78,Processed
res_dia171_utt4_20260802_021228_full.txt,dia171_utt4,Rachel,surprise,36,0,0,23,13,Speaker Not Found
res_dia171_utt5_20260802_021256_full.txt,dia171_utt5,Ross,neutral,23,22,22,23,1,Processed
res_dia171_utt6_20260802_021325_full.txt,dia171_utt6,Rachel,surprise,25,0,0,5,13,Speaker Not Found
res_dia171_utt7_20260802_021410_full.txt,dia171_utt7,Ross,surprise,60,56,56,28,33,Processed
res_dia172_utt0_20260802_021631_full.txt,dia172_utt0,David,neutral,59,0,0,157,150,Speaker Not Trained
res_dia172_utt10_20260802_021757_full.txt,dia172_utt10,Chandler,neutral,42,49,49,80,4,Processed
res_dia172_utt1_20260802_021651_full.txt,dia172_utt1,Chandler,neutral,21,21,21,0,21,Processed
res_dia172_utt3_20260802_021818_full.txt,dia172_utt3,David,joy,24,0,0,11,11,Speaker Not Trained
res_dia172_utt4_20260802_022056_full.txt,dia172_utt4,David,joy,75,0,0,156,222,Speaker Not Trained
res_dia172_utt5_20260802_022252_full.txt,dia172_utt5,David,neutral,64,0,0,118,160,Speaker Not Trained
res_dia172_utt6_20260802_022356_full.txt,dia172_utt6,David,neutral,35,0,0,66,41,Speaker Not Trained
res_dia172_utt7_20260802_022538_full.txt,dia172_utt7,David,neutral,46,0,0,86,131,Speaker Not Trained
res_dia172_utt8_20260802_022619_full.txt,dia172_utt8,Chandler,joy,39,41,41,39,5,Processed
res_dia173_utt0_20260802_022724_full.txt,dia173_utt0,Phoebe,joy,246,246,246,0,0,Processed
res_dia173_utt10_20260802_022806_full.txt,dia173_utt10,Hitchhiker,joy,27,0,0,1,6,Speaker Not Trained
res_dia173_utt1_20260802_022744_full.txt,dia173_utt1,Joey,surprise,30,30,30,0,0,Processed
res_dia173_utt2_20260802_022829_full.txt,dia173_utt2,Phoebe,joy,37,37,37,0,0,Processed
res_dia173_utt3_20260802_022915_full.txt,dia173_utt3,Phoebe,anger,163,0,0,0,0,Speaker Not Found
res_dia173_utt4_20260802_023025_full.txt,dia173_utt4,Phoebe,anger,176,171,171,57,1,Processed
res_dia173_utt5_20260802_023052_full.txt,dia173_utt5,Joey,neutral,26,8,8,13,0,Processed
res_dia173_utt6_20260802_023146_full.txt,dia173_utt6,Phoebe,anger,178,178,178,5,0,Processed
res_dia173_utt7_20260802_023205_full.txt,dia173_utt7,Joey,surprise,20,20,20,0,0,Processed
res_dia173_utt8_20260802_023225_full.txt,dia173_utt8,Phoebe,anger,15,8,8,0,0,Processed
res_dia174_utt0_20260802_023336_full.txt,dia174_utt0,1st Customer,joy,41,0,0,76,115,Speaker Not Trained
res_dia174_utt1_20260802_023411_full.txt,dia174_utt1,Monica,joy,8,3,3,31,20,Processed
res_dia174_utt2_20260802_023700_full.txt,dia174_utt2,2nd Customer,joy,61,0,0,292,54,Speaker Not Trained
res_dia174_utt3_20260802_024126_full.txt,dia174_utt3,Monica,joy,177,106,106,380,174,Processed
res_dia174_utt4_20260802_024152_full.txt,dia174_utt4,3rd Customer,neutral,60,0,0,2,6,Speaker Not Trained
res_dia174_utt5_20260802_024332_full.txt,dia174_utt5,Monica,neutral,112,134,134,92,50,Processed
res_dia174_utt6_20260802_024422_full.txt,dia174_utt6,3rd Customer,sadness,80,0,0,0,137,Speaker Not Trained
res_dia174_utt7_20260802_024506_full.txt,dia174_utt7,Monica,surprise,27,27,27,48,19,Processed
res_dia175_utt0_20260802_024525_full.txt,dia175_utt0,Joey,neutral,15,0,0,14,10,Speaker Not Found
res_dia175_utt10_20260802_024624_full.txt,dia175_utt10,Rachel,surprise,33,31,31,19,16,Processed
res_dia175_utt11_20260802_024723_full.txt,dia175_utt11,Chandler,sadness,106,106,106,2,150,Processed
res_dia175_utt1_20260802_024555_full.txt,dia175_utt1,Monica,joy,58,58,58,3,33,Processed
res_dia175_utt2_20260802_024806_full.txt,dia175_utt2,Rachel,joy,59,0,0,4,81,Speaker Not Found
res_dia175_utt3_20260802_024910_full.txt,dia175_utt3,Monica,neutral,196,96,96,20,58,Processed
res_dia175_utt4_20260802_024937_full.txt,dia175_utt4,Rachel,surprise,63,63,63,6,0,Processed
res_dia175_utt5_20260802_025009_full.txt,dia175_utt5,Rachel,anger,62,62,62,39,0,Processed
res_dia175_utt6_20260802_025030_full.txt,dia175_utt6,Chandler,neutral,31,31,31,0,3,Processed
res_dia175_utt7_20260802_025124_full.txt,dia175_utt7,Ross,sadness,40,0,0,58,55,Speaker Not Found
res_dia175_utt8_20260802_025153_full.txt,dia175_utt8,Chandler,neutral,46,46,46,0,46,Processed
res_dia175_utt9_20260802_025306_full.txt,dia175_utt9,Chandler,sadness,98,98,98,0,211,Processed
res_dia176_utt0_20260802_025436_full.txt,dia176_utt0,Rachel,surprise,49,1,1,155,30,Processed
res_dia176_utt10_20260802_025705_full.txt,dia176_utt10,Joey,joy,76,67,67,158,51,Processed
res_dia176_utt1_20260802_025527_full.txt,dia176_utt1,Ross,neutral,51,22,22,76,52,Processed
res_dia176_utt2_20260802_025819_full.txt,dia176_utt2,Rachel,surprise,66,65,65,91,108,Processed
res_dia176_utt4_20260802_025859_full.txt,dia176_utt4,Chandler,surprise,19,19,19,38,24,Processed
res_dia176_utt5_20260802_030027_full.txt,dia176_utt5,Ross,surprise,41,37,37,112,73,Processed
res_dia176_utt6_20260802_030148_full.txt,dia176_utt6,Monica,neutral,185,191,191,40,29,Processed
res_dia176_utt7_20260802_030250_full.txt,dia176_utt7,Rachel,surprise,86,86,86,75,195,Processed
res_dia176_utt8_20260802_030429_full.txt,dia176_utt8,Monica,neutral,172,171,171,100,106,Processed
res_dia176_utt9_20260802_030542_full.txt,dia176_utt9,Ross,neutral,69,69,69,85,111,Processed
res_dia177_utt0_20260802_030711_full.txt,dia177_utt0,Tag,joy,40,0,0,120,0,Speaker Not Trained
res_dia177_utt10_20260802_030938_full.txt,dia177_utt10,Rachel,neutral,34,34,34,32,26,Processed
res_dia177_utt1_20260802_030857_full.txt,dia177_utt1,Phoebe,neutral,166,166,166,103,135,Processed
res_dia177_utt2_20260802_031048_full.txt,dia177_utt2,Tag,neutral,99,0,0,49,99,Speaker Not Trained
res_dia177_utt3_20260802_031312_full.txt,dia177_utt3,Phoebe,fear,274,271,271,159,80,Processed
res_dia177_utt4_20260802_031343_full.txt,dia177_utt4,Tag,joy,45,0,0,18,33,Speaker Not Trained
res_dia177_utt5_20260802_031749_full.txt,dia177_utt5,Rachel,fear,310,310,310,127,527,Processed
res_dia177_utt6_20260802_031940_full.txt,dia177_utt6,Tag,joy,64,0,0,85,181,Speaker Not Trained
res_dia177_utt7_20260802_032132_full.txt,dia177_utt7,Tag,joy,159,0,0,32,286,Speaker Not Trained
res_dia177_utt8_20260802_032205_full.txt,dia177_utt8,Rachel,sadness,49,49,49,2,44,Processed
res_dia177_utt9_20260802_032250_full.txt,dia177_utt9,Tag,joy,30,0,0,30,54,Speaker Not Trained
res_dia178_utt0_20260802_032456_full.txt,dia178_utt0,Joey,joy,48,23,23,195,65,Processed
res_dia178_utt1_20260802_032649_full.txt,dia178_utt1,The Presenter,neutral,131,0,0,187,120,Speaker Not Trained
res_dia178_utt2_20260802_032750_full.txt,dia178_utt2,Joey,surprise,52,0,0,86,27,Speaker Not Found
res_dia179_utt0_20260802_032814_full.txt,dia179_utt0,Rachel,neutral,26,0,0,8,0,Speaker Not Found
res_dia179_utt10_20260802_032912_full.txt,dia179_utt10,Rachel,joy,59,59,59,5,0,Processed
res_dia179_utt11_20260802_033000_full.txt,dia179_utt11,Policeman,neutral,61,0,0,57,7,Speaker Not Trained
res_dia179_utt12_20260802_033018_full.txt,dia179_utt12,Rachel,neutral,11,11,11,0,0,Processed
res_dia179_utt13_20260802_033043_full.txt,dia179_utt13,Policeman,neutral,50,0,0,0,0,Speaker Not Trained
res_dia179_utt14_20260802_033110_full.txt,dia179_utt14,Rachel,neutral,18,0,0,18,0,Speaker Not Found
res_dia179_utt15_20260802_033144_full.txt,dia179_utt15,Policeman,neutral,47,0,0,37,4,Speaker Not Trained
res_dia179_utt16_20260802_033203_full.txt,dia179_utt16,Rachel,neutral,6,0,0,6,0,Speaker Not Found
res_dia179_utt17_20260802_033235_full.txt,dia179_utt17,Policeman,neutral,52,0,0,13,1,Speaker Not Trained
res_dia179_utt18_20260802_033254_full.txt,dia179_utt18,Rachel,neutral,15,15,15,0,0,Processed
res_dia179_utt19_20260802_033328_full.txt,dia179_utt19,Ross,anger,69,69,69,0,29,Processed
res_dia179_utt1_20260802_032842_full.txt,dia179_utt1,Policeman,neutral,49,0,0,9,0,Speaker Not Trained
res_dia179_utt2_20260802_033358_full.txt,dia179_utt2,Rachel,neutral,39,35,35,0,42,Processed
res_dia179_utt3_20260802_033419_full.txt,dia179_utt3,Policeman,neutral,15,0,0,15,0,Speaker Not Trained
res_dia179_utt4_20260802_033440_full.txt,dia179_utt4,Rachel,neutral,15,0,0,15,0,Speaker Not Found
res_dia179_utt5_20260802_033503_full.txt,dia179_utt5,Policeman,neutral,15,0,0,15,3,Speaker Not Trained
res_dia179_utt6_20260802_033527_full.txt,dia179_utt6,Rachel,neutral,30,29,29,1,17,Processed
res_dia179_utt7_20260802_033551_full.txt,dia179_utt7,Policeman,neutral,15,0,0,15,0,Speaker Not Trained
res_dia179_utt8_20260802_033607_full.txt,dia179_utt8,Rachel,neutral,2,0,0,1,0,Speaker Not Found
res_dia179_utt9_20260802_033636_full.txt,dia179_utt9,Policeman,neutral,38,0,0,13,0,Speaker Not Trained
res_dia17_utt0_20260801_050524_full.txt,dia17_utt0,Joey,anger,86,44,44,12,156,Processed
res_dia17_utt10_20260801_050701_full.txt,dia17_utt10,Ross,joy,3,3,3,0,3,Processed
res_dia17_utt1_20260801_050646_full.txt,dia17_utt1,Joey,joy,97,87,87,98,5,Processed
res_dia17_utt2_20260801_050801_full.txt,dia17_utt2,Chandler,neutral,83,83,83,0,83,Processed
res_dia17_utt3_20260801_050858_full.txt,dia17_utt3,Monica,neutral,32,0,0,18,95,Speaker Not Found
res_dia17_utt4_20260801_050936_full.txt,dia17_utt4,Rachel,fear,73,67,67,1,10,Processed
res_dia17_utt5_20260801_051050_full.txt,dia17_utt5,Monica,neutral,54,54,54,11,151,Processed
res_dia17_utt6_20260801_051138_full.txt,dia17_utt6,Rachel,fear,70,70,70,0,26,Processed
res_dia17_utt7_20260801_051303_full.txt,dia17_utt7,Caitlin,joy,60,0,0,81,64,Speaker Not Trained
res_dia17_utt8_20260801_051327_full.txt,dia17_utt8,Ross,joy,25,25,25,0,3,Processed
res_dia17_utt9_20260801_051404_full.txt,dia17_utt9,Caitlin,joy,27,0,0,2,27,Speaker Not Trained
res_dia180_utt0_20260802_033702_full.txt,dia180_utt0,Monica,joy,27,0,0,10,27,Speaker Not Found
res_dia180_utt10_20260802_033755_full.txt,dia180_utt10,Janice,neutral,80,0,0,58,0,Speaker Not Trained
res_dia180_utt11_20260802_033924_full.txt,dia180_utt11,Chandler,surprise,149,149,149,68,174,Processed
res_dia180_utt12_20260802_034020_full.txt,dia180_utt12,Janice,neutral,92,0,0,48,24,Speaker Not Trained
res_dia180_utt13_20260802_034039_full.txt,dia180_utt13,Chandler,surprise,30,30,30,0,0,Processed
res_dia180_utt14_20260802_034145_full.txt,dia180_utt14,Janice,joy,88,0,0,88,0,Speaker Not Trained
res_dia180_utt15_20260802_034211_full.txt,dia180_utt15,Chandler,fear,67,67,67,0,0,Processed
res_dia180_utt4_20260802_034256_full.txt,dia180_utt4,Monica,sadness,69,0,0,21,105,Speaker Not Found
res_dia180_utt5_20260802_034402_full.txt,dia180_utt5,Rachel,sadness,124,110,110,19,193,Processed
res_dia180_utt6_20260802_034459_full.txt,dia180_utt6,Chandler,surprise,130,137,137,36,29,Processed
res_dia180_utt7_20260802_034558_full.txt,dia180_utt7,Janice,surprise,96,0,0,71,0,Speaker Not Trained
res_dia180_utt8_20260802_034616_full.txt,dia180_utt8,Joey,surprise,24,0,0,0,0,Speaker Not Found
res_dia180_utt9_20260802_034704_full.txt,dia180_utt9,Ross,joy,109,109,109,8,101,Processed
res_dia181_utt0_20260802_034755_full.txt,dia181_utt0,Joey,anger,180,180,180,7,38,Processed
res_dia181_utt1_20260802_034833_full.txt,dia181_utt1,Ross,neutral,100,88,88,5,14,Processed
res_dia181_utt2_20260802_034939_full.txt,dia181_utt2,Ross,neutral,161,161,161,1,160,Processed
res_dia181_utt3_20260802_035002_full.txt,dia181_utt3,Joey,surprise,45,42,42,1,2,Processed
res_dia181_utt4_20260802_035127_full.txt,dia181_utt4,Ross,neutral,300,182,182,38,63,Processed
res_dia182_utt0_20260802_035153_full.txt,dia182_utt0,Monica,neutral,53,51,51,2,0,Processed
res_dia182_utt10_20260802_035320_full.txt,dia182_utt10,Monica,neutral,141,136,136,5,5,Processed
res_dia182_utt11_20260802_035410_full.txt,dia182_utt11,Rachel,neutral,51,34,34,52,16,Processed
res_dia182_utt12_20260802_035434_full.txt,dia182_utt12,Rachel,neutral,18,18,18,17,2,Processed
res_dia182_utt13_20260802_035507_full.txt,dia182_utt13,Rachel,neutral,62,56,56,6,40,Processed
res_dia182_utt14_20260802_035524_full.txt,dia182_utt14,Rachel,neutral,5,0,0,5,0,Speaker Not Found
res_dia182_utt15_20260802_035601_full.txt,dia182_utt15,Rachel,neutral,99,99,99,1,2,Processed
res_dia182_utt1_20260802_035236_full.txt,dia182_utt1,Rachel,sadness,122,122,122,2,50,Processed
res_dia182_utt2_20260802_035624_full.txt,dia182_utt2,Monica,sadness,34,34,34,0,0,Processed
res_dia182_utt3_20260802_035736_full.txt,dia182_utt3,Rachel,anger,164,164,164,21,98,Processed
res_dia182_utt4_20260802_035800_full.txt,dia182_utt4,Monica,anger,44,44,44,0,0,Processed
res_dia182_utt5_20260802_035907_full.txt,dia182_utt5,Rachel,anger,116,116,116,30,86,Processed
res_dia182_utt6_20260802_035938_full.txt,dia182_utt6,Monica,anger,81,81,81,0,0,Processed
res_dia182_utt7_20260802_040006_full.txt,dia182_utt7,Monica,neutral,75,75,75,0,0,Processed
res_dia182_utt8_20260802_040037_full.txt,dia182_utt8,Monica,anger,42,42,42,26,16,Processed
res_dia182_utt9_20260802_040053_full.txt,dia182_utt9,Monica,anger,5,0,0,5,5,Speaker Not Found
res_dia183_utt0_20260802_040128_full.txt,dia183_utt0,Phoebe,neutral,29,1,1,36,17,Processed
res_dia183_utt10_20260802_040246_full.txt,dia183_utt10,Phoebe,neutral,125,114,114,42,0,Processed
res_dia183_utt11_20260802_040335_full.txt,dia183_utt11,Phoebe,neutral,112,91,91,23,13,Processed
res_dia183_utt12_20260802_040414_full.txt,dia183_utt12,Duncan,joy,41,0,0,41,0,Speaker Not Trained
res_dia183_utt13_20260802_040445_full.txt,dia183_utt13,Phoebe,neutral,80,80,80,0,2,Processed
res_dia183_utt14_20260802_040553_full.txt,dia183_utt14,Duncan,neutral,165,0,0,37,38,Speaker Not Trained
res_dia183_utt15_20260802_040624_full.txt,dia183_utt15,Phoebe,neutral,48,21,21,20,0,Processed
res_dia183_utt16_20260802_040722_full.txt,dia183_utt16,Duncan,neutral,41,0,0,76,6,Speaker Not Trained
res_dia183_utt17_20260802_040751_full.txt,dia183_utt17,Phoebe,neutral,51,35,35,8,0,Processed
res_dia183_utt18_20260802_040823_full.txt,dia183_utt18,Duncan,neutral,65,0,0,13,0,Speaker Not Trained
res_dia183_utt19_20260802_040932_full.txt,dia183_utt19,Phoebe,joy,188,167,163,0,103,Processed
res_dia183_utt1_20260802_040149_full.txt,dia183_utt1,Duncan,surprise,23,0,0,1,14,Speaker Not Trained
res_dia183_utt2_20260802_040952_full.txt,dia183_utt2,Phoebe,joy,22,22,22,0,0,Processed
res_dia183_utt3_20260802_041011_full.txt,dia183_utt3,Duncan,neutral,19,0,0,9,0,Speaker Not Trained
res_dia183_utt4_20260802_041032_full.txt,dia183_utt4,Phoebe,neutral,16,0,0,16,0,Speaker Not Found
res_dia183_utt5_20260802_041117_full.txt,dia183_utt5,Duncan,joy,53,0,0,42,53,Speaker Not Trained
res_dia183_utt6_20260802_041145_full.txt,dia183_utt6,Phoebe,neutral,51,51,51,1,47,Processed
res_dia183_utt7_20260802_041215_full.txt,dia183_utt7,Duncan,neutral,36,0,0,31,0,Speaker Not Trained
res_dia183_utt8_20260802_041243_full.txt,dia183_utt8,Phoebe,neutral,29,27,27,18,0,Processed
res_dia183_utt9_20260802_041354_full.txt,dia183_utt9,Phoebe,joy,156,146,146,86,0,Processed
res_dia184_utt0_20260802_041429_full.txt,dia184_utt0,Jane,joy,65,0,0,25,28,Speaker Not Trained
res_dia184_utt10_20260802_041531_full.txt,dia184_utt10,Joey,anger,55,55,55,37,0,Processed
res_dia184_utt11_20260802_041557_full.txt,dia184_utt11,Rachel,surprise,48,46,46,2,0,Processed
res_dia184_utt12_20260802_041624_full.txt,dia184_utt12,Joey,neutral,76,76,76,0,0,Processed
res_dia184_utt13_20260802_041707_full.txt,dia184_utt13,Rachel,anger,143,104,104,2,2,Processed
res_dia184_utt14_20260802_041729_full.txt,dia184_utt14,Joey,neutral,44,44,44,0,1,Processed
res_dia184_utt15_20260802_041755_full.txt,dia184_utt15,Rachel,surprise,49,38,38,11,0,Processed
res_dia184_utt16_20260802_041845_full.txt,dia184_utt16,Joey,anger,125,108,108,22,24,Processed
res_dia184_utt17_20260802_041926_full.txt,dia184_utt17,Rachel,anger,77,72,72,6,76,Processed
res_dia184_utt18_20260802_041950_full.txt,dia184_utt18,Joey,neutral,26,26,26,0,26,Processed
res_dia184_utt19_20260802_042035_full.txt,dia184_utt19,Rachel,anger,83,83,83,13,70,Processed
res_dia184_utt1_20260802_041457_full.txt,dia184_utt1,Jane,neutral,65,0,0,0,0,Speaker Not Trained
res_dia184_utt20_20260802_042126_full.txt,dia184_utt20,Joey,neutral,29,29,29,0,29,Processed
res_dia184_utt21_20260802_042222_full.txt,dia184_utt21,Rachel,anger,111,84,84,29,109,Processed
res_dia184_utt2_20260802_042100_full.txt,dia184_utt2,Jane,neutral,47,0,0,0,0,Speaker Not Trained
res_dia184_utt3_20260802_042242_full.txt,dia184_utt3,Joey,joy,16,13,13,3,16,Processed
res_dia184_utt4_20260802_042302_full.txt,dia184_utt4,Rachel,joy,30,0,0,0,30,Speaker Not Found
res_dia184_utt5_20260802_042327_full.txt,dia184_utt5,Joey,joy,28,18,18,10,28,Processed
res_dia184_utt6_20260802_042423_full.txt,dia184_utt6,Rachel,sadness,101,69,69,50,4,Processed
res_dia184_utt7_20260802_042525_full.txt,dia184_utt7,Joey,neutral,166,166,166,11,109,Processed
res_dia184_utt8_20260802_042603_full.txt,dia184_utt8,Rachel,neutral,89,46,46,3,40,Processed
res_dia184_utt9_20260802_042639_full.txt,dia184_utt9,Message,joy,85,0,0,3,65,Speaker Not Trained
res_dia185_utt0_20260802_042659_full.txt,dia185_utt0,Rachel,surprise,18,15,15,3,19,Processed
res_dia185_utt10_20260802_042907_full.txt,dia185_utt10,Chandler,neutral,214,213,213,45,118,Processed
res_dia185_utt11_20260802_042941_full.txt,dia185_utt11,Rachel,surprise,40,40,40,30,0,Processed
res_dia185_utt12_20260802_043008_full.txt,dia185_utt12,Chandler,fear,42,42,42,0,25,Processed
res_dia185_utt13_20260802_043050_full.txt,dia185_utt13,Rachel,surprise,72,72,72,18,46,Processed
res_dia185_utt1_20260802_042723_full.txt,dia185_utt1,Chandler,neutral,29,0,0,2,30,Speaker Not Found
res_dia185_utt2_20260802_043139_full.txt,dia185_utt2,Rachel,surprise,86,41,41,1,83,Processed
res_dia185_utt3_20260802_043204_full.txt,dia185_utt3,Phoebe,neutral,29,29,29,0,7,Processed
res_dia185_utt4_20260802_043234_full.txt,dia185_utt4,Rachel,surprise,41,41,41,20,6,Processed
res_dia185_utt5_20260802_043410_full.txt,dia185_utt5,Rachel,sadness,177,177,177,142,31,Processed
res_dia185_utt6_20260802_043441_full.txt,dia185_utt6,Rachel,surprise,24,24,24,21,0,Processed
res_dia185_utt7_20260802_043537_full.txt,dia185_utt7,Rachel,surprise,80,80,80,71,0,Processed
res_dia185_utt8_20260802_043629_full.txt,dia185_utt8,Phoebe,surprise,147,0,0,7,57,Speaker Not Found
res_dia185_utt9_20260802_043701_full.txt,dia185_utt9,Monica,surprise,71,25,25,7,33,Processed
res_dia186_utt0_20260802_043739_full.txt,dia186_utt0,Gary,joy,38,0,0,47,0,Speaker Not Trained
res_dia186_utt1_20260802_043923_full.txt,dia186_utt1,Phoebe,joy,179,48,48,187,0,Processed
res_dia186_utt2_20260802_044013_full.txt,dia186_utt2,Gary,joy,42,0,0,59,0,Speaker Not Trained
res_dia186_utt3_20260802_044052_full.txt,dia186_utt3,Phoebe,joy,41,0,0,44,0,Speaker Not Found
res_dia186_utt4_20260802_044114_full.txt,dia186_utt4,Gary,neutral,17,0,0,17,2,Speaker Not Trained
res_dia186_utt5_20260802_044218_full.txt,dia186_utt5,Phoebe,surprise,84,45,45,86,0,Processed
res_dia187_utt0_20260802_044520_full.txt,dia187_utt0,Rachel,sadness,111,9,9,264,194,Processed
res_dia187_utt1_20260802_044638_full.txt,dia187_utt1,Phoebe,surprise,73,69,69,79,126,Processed
res_dia187_utt2_20260802_044821_full.txt,dia187_utt2,Bonnie,joy,26,0,0,98,63,Speaker Not Trained
res_dia187_utt3_20260802_044859_full.txt,dia187_utt3,Rachel,surprise,28,27,27,23,56,Processed
res_dia187_utt4_20260802_045234_full.txt,dia187_utt4,Bonnie,neutral,70,0,0,242,157,Speaker Not Trained
res_dia187_utt5_20260802_045400_full.txt,dia187_utt5,Rachel,surprise,97,97,97,116,135,Processed
res_dia187_utt6_20260802_045747_full.txt,dia187_utt6,Bonnie,neutral,69,0,0,248,218,Speaker Not Trained
res_dia187_utt7_20260802_045840_full.txt,dia187_utt7,Rachel,neutral,42,45,45,48,73,Processed
res_dia187_utt8_20260802_045918_full.txt,dia187_utt8,Phoebe,neutral,30,30,30,40,40,Processed
res_dia187_utt9_20260802_050047_full.txt,dia187_utt9,Bonnie,joy,29,0,0,80,95,Speaker Not Trained
res_dia188_utt0_20260802_050109_full.txt,dia188_utt0,Rachel,neutral,40,40,40,0,0,Processed
res_dia188_utt2_20260802_050137_full.txt,dia188_utt2,Rachel,neutral,23,0,0,25,7,Speaker Not Found
res_dia188_utt3_20260802_050251_full.txt,dia188_utt3,Ross,anger,164,147,147,70,1,Processed
res_dia188_utt4_20260802_050331_full.txt,dia188_utt4,Rachel,anger,100,97,97,9,0,Processed
res_dia188_utt5_20260802_050413_full.txt,dia188_utt5,Ross,anger,51,38,38,15,48,Processed
res_dia188_utt6_20260802_050453_full.txt,dia188_utt6,Rachel,neutral,43,2,2,39,30,Processed
res_dia189_utt0_20260802_050603_full.txt,dia189_utt0,Monica,fear,75,59,59,109,18,Processed
res_dia189_utt10_20260802_050725_full.txt,dia189_utt10,Ross,neutral,154,154,154,8,99,Processed
res_dia189_utt12_20260802_050819_full.txt,dia189_utt12,Joey,surprise,109,32,32,25,76,Processed
res_dia189_utt13_20260802_050856_full.txt,dia189_utt13,Ross,anger,114,114,114,0,18,Processed
res_dia189_utt14_20260802_050953_full.txt,dia189_utt14,Joey,joy,132,132,132,0,112,Processed
res_dia189_utt15_20260802_051118_full.txt,dia189_utt15,Janice,neutral,254,0,0,31,87,Speaker Not Trained
res_dia189_utt1_20260802_050628_full.txt,dia189_utt1,Joey,neutral,51,51,51,0,11,Processed
res_dia189_utt2_20260802_051146_full.txt,dia189_utt2,Rachel,neutral,56,56,56,0,56,Processed
res_dia189_utt3_20260802_051225_full.txt,dia189_utt3,Joey,neutral,119,119,119,0,0,Processed
res_dia189_utt4_20260802_051243_full.txt,dia189_utt4,Phoebe,neutral,23,0,0,0,0,Speaker Not Found
res_dia189_utt5_20260802_051301_full.txt,dia189_utt5,Rachel,joy,10,0,0,4,10,Speaker Not Found
res_dia189_utt6_20260802_051342_full.txt,dia189_utt6,Monica,anger,94,95,95,13,24,Processed
res_dia189_utt7_20260802_051413_full.txt,dia189_utt7,Ross,neutral,54,54,54,0,54,Processed
res_dia189_utt8_20260802_051451_full.txt,dia189_utt8,Rachel,anger,109,108,108,1,0,Processed
res_dia189_utt9_20260802_051512_full.txt,dia189_utt9,Phoebe,neutral,32,32,32,0,0,Processed
res_dia18_utt0_20260801_051521_full.txt,dia18_utt0,Ross,neutral,105,105,105,2,103,Processed
res_dia18_utt10_20260801_051646_full.txt,dia18_utt10,Ross,fear,86,86,86,0,103,Processed
res_dia18_utt1_20260801_051545_full.txt,dia18_utt1,Joey,neutral,47,47,47,0,0,Processed
res_dia18_utt2_20260801_051709_full.txt,dia18_utt2,Ross,neutral,22,22,22,0,0,Processed
res_dia18_utt3_20260801_051822_full.txt,dia18_utt3,Joey,joy,122,122,122,0,122,Processed
res_dia18_utt4_20260801_051905_full.txt,dia18_utt4,Ross,neutral,72,72,72,0,0,Processed
res_dia18_utt5_20260801_051928_full.txt,dia18_utt5,Joey,joy,36,0,0,0,0,Speaker Not Found
res_dia18_utt6_20260801_051957_full.txt,dia18_utt6,Joey,fear,26,26,26,0,0,Processed
res_dia18_utt7_20260801_052022_full.txt,dia18_utt7,Ross,neutral,12,0,0,0,0,Speaker Not Found
res_dia18_utt8_20260801_052054_full.txt,dia18_utt8,Joey,sadness,92,92,92,0,0,Processed
res_dia18_utt9_20260801_052139_full.txt,dia18_utt9,Joey,surprise,60,0,0,0,60,Speaker Not Found
res_dia190_utt0_20260802_051548_full.txt,dia190_utt0,Chandler,neutral,46,46,46,3,156,Processed
res_dia190_utt1_20260802_051638_full.txt,dia190_utt1,Phoebe,neutral,60,60,60,29,193,Processed
res_dia190_utt2_20260802_051811_full.txt,dia190_utt2,Joey,joy,86,86,86,93,229,Processed
res_dia190_utt3_20260802_051858_full.txt,dia190_utt3,Chandler,neutral,35,35,35,37,45,Processed
res_dia190_utt4_20260802_051940_full.txt,dia190_utt4,Monica,joy,51,46,46,51,73,Processed
res_dia190_utt5_20260802_052017_full.txt,dia190_utt5,Joey,neutral,39,39,39,10,55,Processed
res_dia190_utt6_20260802_052049_full.txt,dia190_utt6,Chandler,joy,37,37,37,0,91,Processed
res_dia190_utt7_20260802_052123_full.txt,dia190_utt7,Joey,neutral,41,41,41,7,102,Processed
res_dia191_utt0_20260802_052242_full.txt,dia191_utt0,Joey,anger,92,34,34,111,42,Processed
res_dia191_utt1_20260802_052338_full.txt,dia191_utt1,Woman,neutral,52,0,0,67,16,Speaker Not Trained
res_dia191_utt2_20260802_052404_full.txt,dia191_utt2,Joey,neutral,39,39,39,1,31,Processed
res_dia191_utt3_20260802_052501_full.txt,dia191_utt3,Woman,joy,62,0,0,81,0,Speaker Not Trained
res_dia191_utt4_20260802_052548_full.txt,dia191_utt4,Joey,neutral,58,58,58,30,46,Processed
res_dia191_utt5_20260802_052611_full.txt,dia191_utt5,Joey,neutral,18,18,18,2,16,Processed
res_dia191_utt6_20260802_052641_full.txt,dia191_utt6,Joey,neutral,50,50,50,0,39,Processed
res_dia192_utt0_20260802_052659_full.txt,dia192_utt0,Ross,sadness,59,0,0,6,0,Speaker Not Found
res_dia192_utt1_20260802_052713_full.txt,dia192_utt1,Ross,neutral,38,38,38,0,16,Processed
res_dia192_utt2_20260802_052801_full.txt,dia192_utt2,Ross,neutral,81,81,81,2,114,Processed
res_dia192_utt3_20260802_052840_full.txt,dia192_utt3,Ross,joy,77,77,77,0,77,Processed
res_dia192_utt4_20260802_052900_full.txt,dia192_utt4,Ross,joy,17,17,17,1,25,Processed
res_dia192_utt5_20260802_052954_full.txt,dia192_utt5,Rachel,disgust,145,145,145,0,145,Processed
res_dia192_utt6_20260802_053034_full.txt,dia192_utt6,Joey,joy,51,51,51,51,51,Processed
res_dia192_utt7_20260802_053057_full.txt,dia192_utt7,Ross,disgust,38,38,38,2,36,Processed
res_dia193_utt0_20260802_053239_full.txt,dia193_utt0,Phoebe,neutral,329,52,52,37,240,Processed
res_dia193_utt1_20260802_053309_full.txt,dia193_utt1,Leslie,joy,31,0,0,8,62,Speaker Not Trained
res_dia193_utt2_20260802_053403_full.txt,dia193_utt2,Phoebe,joy,72,66,66,28,121,Processed
res_dia193_utt3_20260802_053545_full.txt,dia193_utt3,Leslie,neutral,170,0,0,57,213,Speaker Not Trained
res_dia193_utt4_20260802_053619_full.txt,dia193_utt4,Phoebe,neutral,54,54,54,14,69,Processed
res_dia193_utt5_20260802_053653_full.txt,dia193_utt5,Leslie,surprise,40,0,0,12,8,Speaker Not Trained
res_dia193_utt6_20260802_053743_full.txt,dia193_utt6,Phoebe,neutral,84,84,84,14,172,Processed
res_dia193_utt7_20260802_053823_full.txt,dia193_utt7,Phoebe,neutral,57,53,53,39,57,Processed
res_dia194_utt0_20260802_053856_full.txt,dia194_utt0,Leslie,neutral,67,0,0,12,1,Speaker Not Trained
res_dia194_utt1_20260802_053952_full.txt,dia194_utt1,Phoebe,joy,179,0,0,18,0,Speaker Not Found
res_dia195_utt0_20260802_054049_full.txt,dia195_utt0,Rachel,neutral,52,0,0,62,0,Speaker Not Found
res_dia195_utt10_20260802_054322_full.txt,dia195_utt10,Ross,neutral,27,18,18,93,54,Processed
res_dia195_utt11_20260802_054433_full.txt,dia195_utt11,Rachel,disgust,67,0,0,66,44,Speaker Not Found
res_dia195_utt12_20260802_054621_full.txt,dia195_utt12,Ross,neutral,49,49,49,166,78,Processed
res_dia195_utt13_20260802_054703_full.txt,dia195_utt13,Rachel,neutral,91,91,91,0,90,Processed
res_dia195_utt14_20260802_055047_full.txt,dia195_utt14,Ross,anger,132,131,131,301,139,Processed
res_dia195_utt15_20260802_055133_full.txt,dia195_utt15,Rachel,neutral,104,104,104,0,104,Processed
res_dia195_utt16_20260802_055208_full.txt,dia195_utt16,Ross,neutral,49,42,42,18,11,Processed
res_dia195_utt17_20260802_055242_full.txt,dia195_utt17,Rachel,neutral,45,0,0,29,15,Speaker Not Found
res_dia195_utt18_20260802_055332_full.txt,dia195_utt18,Monica,surprise,49,49,49,1,265,Processed
res_dia195_utt19_20260802_055421_full.txt,dia195_utt19,Rachel,joy,126,126,126,0,59,Processed
res_dia195_utt1_20260802_054157_full.txt,dia195_utt1,Rachel,neutral,121,108,108,24,149,Processed
res_dia195_utt2_20260802_055456_full.txt,dia195_utt2,Rachel,joy,36,0,0,36,25,Speaker Not Found
res_dia195_utt3_20260802_055540_full.txt,dia195_utt3,Rachel,disgust,58,0,0,46,6,Speaker Not Found
res_dia195_utt4_20260802_055702_full.txt,dia195_utt4,Ross,joy,59,23,23,93,46,Processed
res_dia195_utt5_20260802_055753_full.txt,dia195_utt5,Isabella,neutral,25,0,0,51,22,Speaker Not Trained
res_dia195_utt6_20260802_055906_full.txt,dia195_utt6,Ross,neutral,36,36,36,91,62,Processed
res_dia195_utt7_20260802_060108_full.txt,dia195_utt7,Monica,surprise,62,90,90,179,25,Processed
res_dia195_utt8_20260802_060332_full.txt,dia195_utt8,Ross,anger,86,86,86,206,187,Processed
res_dia195_utt9_20260802_060605_full.txt,dia195_utt9,Monica,neutral,53,62,62,212,53,Processed
res_dia196_utt0_20260802_060637_full.txt,dia196_utt0,Ross,neutral,42,4,4,15,26,Processed
res_dia196_utt1_20260802_060713_full.txt,dia196_utt1,Ross,neutral,59,47,47,0,63,Processed
res_dia196_utt2_20260802_060737_full.txt,dia196_utt2,Monica,surprise,21,19,19,0,32,Processed
res_dia197_utt0_20260802_060832_full.txt,dia197_utt0,Joey,joy,136,136,136,31,4,Processed
res_dia197_utt1_20260802_060909_full.txt,dia197_utt1,Joey's Hand Twin,surprise,19,0,0,17,38,Speaker Not Trained
res_dia197_utt2_20260802_060945_full.txt,dia197_utt2,Joey,joy,34,26,26,16,34,Processed
res_dia197_utt3_20260802_061048_full.txt,dia197_utt3,Joey's Hand Twin,surprise,55,0,0,54,67,Speaker Not Trained
res_dia197_utt4_20260802_061116_full.txt,dia197_utt4,Joey,joy,33,33,33,31,2,Processed
res_dia197_utt5_20260802_061212_full.txt,dia197_utt5,Joey's Hand Twin,neutral,55,0,0,7,110,Speaker Not Trained
res_dia197_utt6_20260802_061302_full.txt,dia197_utt6,Joey,neutral,89,5,5,8,77,Processed
res_dia197_utt7_20260802_061325_full.txt,dia197_utt7,Ross,neutral,35,35,35,0,0,Processed
res_dia198_utt0_20260802_061414_full.txt,dia198_utt0,Phoebe,neutral,37,0,0,53,29,Speaker Not Found
res_dia198_utt1_20260802_061447_full.txt,dia198_utt1,Rachel,neutral,41,41,41,3,50,Processed
res_dia198_utt2_20260802_061600_full.txt,dia198_utt2,Phoebe,joy,116,0,0,45,153,Speaker Not Found
res_dia198_utt3_20260802_061643_full.txt,dia198_utt3,Rachel,neutral,51,48,48,33,49,Processed
res_dia198_utt4_20260802_061727_full.txt,dia198_utt4,Phoebe,surprise,56,56,56,2,89,Processed
res_dia198_utt5_20260802_061855_full.txt,dia198_utt5,Rachel,neutral,159,122,122,62,151,Processed
res_dia198_utt6_20260802_061935_full.txt,dia198_utt6,Phoebe,joy,48,35,35,6,84,Processed
res_dia199_utt0_20260802_062011_full.txt,dia199_utt0,Phoebe,sadness,63,63,63,0,63,Processed
res_dia199_utt10_20260802_062114_full.txt,dia199_utt10,Rachel,neutral,85,33,33,20,29,Processed
res_dia199_utt11_20260802_062142_full.txt,dia199_utt11,Joey,neutral,59,59,59,0,7,Processed
res_dia199_utt1_20260802_062030_full.txt,dia199_utt1,Rachel,joy,20,20,20,0,0,Processed
res_dia199_utt2_20260802_062207_full.txt,dia199_utt2,Rachel,joy,45,45,45,0,0,Processed
res_dia199_utt3_20260802_062244_full.txt,dia199_utt3,Rachel,joy,107,107,107,0,0,Processed
res_dia199_utt4_20260802_062310_full.txt,dia199_utt4,Chandler,neutral,58,58,58,0,0,Processed
res_dia199_utt5_20260802_062336_full.txt,dia199_utt5,Rachel,neutral,52,52,52,0,0,Processed
res_dia199_utt6_20260802_062353_full.txt,dia199_utt6,Joey,surprise,13,13,13,0,0,Processed
res_dia199_utt7_20260802_062412_full.txt,dia199_utt7,All,surprise,16,0,0,0,0,Speaker Not Trained
res_dia199_utt8_20260802_062456_full.txt,dia199_utt8,Joey,neutral,104,102,102,12,0,Processed
res_dia199_utt9_20260802_062531_full.txt,dia199_utt9,Phoebe,surprise,76,76,76,7,0,Processed
res_dia19_utt0_20260801_052227_full.txt,dia19_utt0,Joey,neutral,75,0,0,1,0,Speaker Not Found
res_dia19_utt1_20260801_052250_full.txt,dia19_utt1,Phoebe,neutral,3,0,0,2,0,Speaker Not Found
res_dia1_utt0_20260801_000718_full.txt,dia1_utt0,Joey,surprise,59,59,59,0,59,Processed
res_dia1_utt1_20260801_000811_full.txt,dia1_utt1,Rachel,sadness,50,32,32,36,0,Processed
res_dia1_utt2_20260801_000948_full.txt,dia1_utt2,Joey,surprise,111,47,47,76,27,Processed
res_dia1_utt3_20260801_001058_full.txt,dia1_utt3,Rachel,fear,60,57,57,3,60,Processed
res_dia1_utt4_20260801_001147_full.txt,dia1_utt4,Joey,neutral,28,28,28,0,28,Processed
res_dia1_utt5_20260801_001218_full.txt,dia1_utt5,Joey,neutral,35,35,35,0,35,Processed
res_dia1_utt8_20260801_001254_full.txt,dia1_utt8,Rachel,neutral,46,46,46,18,18,Processed
res_dia200_utt0_20260802_062651_full.txt,dia200_utt0,Ross,neutral,54,34,34,87,120,Processed
res_dia200_utt1_20260802_062753_full.txt,dia200_utt1,Joey,anger,43,40,40,43,116,Processed
res_dia200_utt2_20260802_062816_full.txt,dia200_utt2,Ross,surprise,10,10,10,1,29,Processed
res_dia200_utt3_20260802_062859_full.txt,dia200_utt3,Joey,surprise,37,0,0,7,112,Speaker Not Found
res_dia200_utt4_20260802_063123_full.txt,dia200_utt4,Ross,anger,169,170,170,71,487,Processed
res_dia200_utt5_20260802_063350_full.txt,dia200_utt5,Joey,anger,190,77,77,34,554,Processed
res_dia200_utt6_20260802_063513_full.txt,dia200_utt6,Ross,anger,135,135,135,14,381,Processed
res_dia200_utt7_20260802_063548_full.txt,dia200_utt7,Joey,joy,32,22,22,8,64,Processed
res_dia200_utt8_20260802_063605_full.txt,dia200_utt8,Ross,joy,3,3,3,3,15,Processed
res_dia200_utt9_20260802_063638_full.txt,dia200_utt9,Joey,joy,38,12,12,4,103,Processed
res_dia201_utt0_20260802_063709_full.txt,dia201_utt0,Elizabeth,neutral,46,0,0,0,40,Speaker Not Trained
res_dia201_utt1_20260802_063757_full.txt,dia201_utt1,Ross,neutral,59,53,53,65,0,Processed
res_dia201_utt2_20260802_063827_full.txt,dia201_utt2,Elizabeth,joy,41,0,0,15,2,Speaker Not Trained
res_dia201_utt3_20260802_064028_full.txt,dia201_utt3,Ross,fear,344,305,305,88,45,Processed
res_dia201_utt4_20260802_064059_full.txt,dia201_utt4,Ross,sadness,73,73,73,0,0,Processed
res_dia201_utt5_20260802_064119_full.txt,dia201_utt5,Ross,fear,28,28,28,0,22,Processed
res_dia201_utt6_20260802_064218_full.txt,dia201_utt6,Elizabeth,surprise,207,0,0,0,13,Speaker Not Trained
res_dia201_utt7_20260802_064313_full.txt,dia201_utt7,Ross,surprise,149,149,149,0,75,Processed
res_dia201_utt8_20260802_064345_full.txt,dia201_utt8,Elizabeth,joy,68,0,0,0,23,Speaker Not Trained
res_dia201_utt9_20260802_064424_full.txt,dia201_utt9,Ross,joy,85,85,85,0,71,Processed
res_dia202_utt0_20260802_064448_full.txt,dia202_utt0,Chandler,joy,47,47,47,0,0,Processed
res_dia202_utt12_20260802_064536_full.txt,dia202_utt12,Chandler,neutral,91,91,91,0,0,Processed
res_dia202_utt13_20260802_064615_full.txt,dia202_utt13,Monica,neutral,67,68,68,8,58,Processed
res_dia202_utt14_20260802_064645_full.txt,dia202_utt14,Monica,neutral,48,48,48,0,48,Processed
res_dia202_utt15_20260802_064718_full.txt,dia202_utt15,Monica,neutral,44,16,16,10,41,Processed
res_dia202_utt16_20260802_064754_full.txt,dia202_utt16,Chandler,anger,58,41,41,25,3,Processed
res_dia202_utt1_20260802_064502_full.txt,dia202_utt1,Phoebe,neutral,12,12,12,0,0,Processed
res_dia202_utt2_20260802_064836_full.txt,dia202_utt2,Chandler,neutral,140,140,140,0,2,Processed
res_dia202_utt3_20260802_064915_full.txt,dia202_utt3,Phoebe,neutral,73,22,22,26,0,Processed
res_dia202_utt4_20260802_064944_full.txt,dia202_utt4,Chandler,neutral,69,69,69,0,0,Processed
res_dia202_utt5_20260802_065005_full.txt,dia202_utt5,Monica,surprise,26,26,26,0,26,Processed
res_dia202_utt6_20260802_065034_full.txt,dia202_utt6,Phoebe,neutral,63,63,63,0,0,Processed
res_dia202_utt7_20260802_065101_full.txt,dia202_utt7,Monica,surprise,49,49,49,0,0,Processed
res_dia202_utt8_20260802_065127_full.txt,dia202_utt8,Phoebe,joy,57,51,51,2,4,Processed
res_dia202_utt9_20260802_065207_full.txt,dia202_utt9,Monica,surprise,97,95,95,4,0,Processed
res_dia203_utt0_20260802_065254_full.txt,dia203_utt0,Joey,joy,49,28,28,33,91,Processed
res_dia203_utt1_20260802_065327_full.txt,dia203_utt1,Ross,surprise,56,56,56,5,25,Processed
res_dia203_utt2_20260802_065445_full.txt,dia203_utt2,Rachel,joy,161,128,128,15,365,Processed
res_dia203_utt3_20260802_065539_full.txt,dia203_utt3,Ross,joy,44,39,39,37,110,Processed
res_dia203_utt4_20260802_065628_full.txt,dia203_utt4,Rachel,joy,89,0,0,36,94,Speaker Not Found
res_dia203_utt5_20260802_065655_full.txt,dia203_utt5,Joey,neutral,63,63,63,0,0,Processed
res_dia204_utt0_20260802_065750_full.txt,dia204_utt0,Rachel,joy,64,64,64,29,78,Processed
res_dia204_utt10_20260802_070022_full.txt,dia204_utt10,Rachel,neutral,66,66,66,66,0,Processed
res_dia204_utt11_20260802_070103_full.txt,dia204_utt11,Rachel,neutral,40,40,40,40,0,Processed
res_dia204_utt12_20260802_070229_full.txt,dia204_utt12,Rachel,neutral,85,71,71,122,2,Processed
res_dia204_utt13_20260802_070557_full.txt,dia204_utt13,Rachel,sadness,294,118,118,281,2,Processed
res_dia204_utt1_20260802_065926_full.txt,dia204_utt1,Kiki,neutral,92,0,0,111,90,Speaker Not Trained
res_dia204_utt2_20260802_070711_full.txt,dia204_utt2,Joanne,neutral,74,0,0,89,14,Speaker Not Trained
res_dia204_utt3_20260802_070749_full.txt,dia204_utt3,Rachel,neutral,16,0,0,34,8,Speaker Not Found
res_dia204_utt4_20260802_070844_full.txt,dia204_utt4,Joanne,neutral,56,0,0,62,13,Speaker Not Trained
res_dia204_utt5_20260802_070914_full.txt,dia204_utt5,Rachel,surprise,27,27,27,21,0,Processed
res_dia204_utt6_20260802_071032_full.txt,dia204_utt6,Joanne,neutral,112,0,0,76,21,Speaker Not Trained
res_dia204_utt7_20260802_071218_full.txt,dia204_utt7,Rachel,neutral,84,52,52,105,11,Processed
res_dia204_utt8_20260802_071302_full.txt,dia204_utt8,Kiki,surprise,40,0,0,37,36,Speaker Not Trained
res_dia204_utt9_20260802_071447_full.txt,dia204_utt9,Rachel,neutral,110,57,57,124,36,Processed
res_dia205_utt0_20260802_071640_full.txt,dia205_utt0,Fireman No. 3,neutral,56,0,0,169,36,Speaker Not Trained
res_dia205_utt1_20260802_071815_full.txt,dia205_utt1,Rachel,neutral,63,0,0,108,34,Speaker Not Found
res_dia205_utt2_20260802_071907_full.txt,dia205_utt2,Fireman No. 3,neutral,60,0,0,45,39,Speaker Not Trained
res_dia205_utt3_20260802_071937_full.txt,dia205_utt3,Rachel,surprise,30,7,7,20,0,Processed
res_dia205_utt4_20260802_072037_full.txt,dia205_utt4,Phoebe,joy,104,104,104,71,0,Processed
res_dia205_utt5_20260802_072106_full.txt,dia205_utt5,Monica,neutral,35,35,35,16,0,Processed
res_dia205_utt6_20260802_072151_full.txt,dia205_utt6,Rachel,joy,95,47,47,25,4,Processed
res_dia206_utt0_20260802_072253_full.txt,dia206_utt0,Susan,neutral,33,0,0,44,22,Speaker Not Trained
res_dia206_utt10_20260802_072427_full.txt,dia206_utt10,Ross,surprise,24,0,0,24,45,Speaker Not Found
res_dia206_utt11_20260802_072458_full.txt,dia206_utt11,Susan,anger,24,0,0,8,40,Speaker Not Trained
res_dia206_utt12_20260802_072525_full.txt,dia206_utt12,Ross,anger,12,12,12,18,6,Processed
res_dia206_utt13_20260802_072624_full.txt,dia206_utt13,Carol,anger,170,0,0,35,16,Speaker Not Trained
res_dia206_utt14_20260802_072742_full.txt,dia206_utt14,Carol,anger,83,0,0,105,18,Speaker Not Trained
res_dia206_utt15_20260802_072807_full.txt,dia206_utt15,Ross,anger,21,0,0,15,2,Speaker Not Found
res_dia206_utt16_20260802_072832_full.txt,dia206_utt16,Susan,anger,16,0,0,11,16,Speaker Not Trained
res_dia206_utt17_20260802_072855_full.txt,dia206_utt17,Ross,neutral,22,21,21,1,16,Processed
res_dia206_utt18_20260802_072920_full.txt,dia206_utt18,Carol,anger,36,0,0,13,7,Speaker Not Trained
res_dia206_utt1_20260802_072350_full.txt,dia206_utt1,Ross,anger,157,157,157,5,59,Processed
res_dia206_utt2_20260802_073115_full.txt,dia206_utt2,Carol,neutral,126,0,0,132,119,Speaker Not Trained
res_dia206_utt3_20260802_073157_full.txt,dia206_utt3,Ross,surprise,90,90,90,4,39,Processed
res_dia206_utt4_20260802_073250_full.txt,dia206_utt4,Carol,anger,69,0,0,67,0,Speaker Not Trained
res_dia206_utt5_20260802_073333_full.txt,dia206_utt5,Ross,neutral,43,26,26,30,32,Processed
res_dia206_utt6_20260802_073353_full.txt,dia206_utt6,Susan,neutral,7,0,0,0,7,Speaker Not Trained
res_dia206_utt7_20260802_073432_full.txt,dia206_utt7,Ross,anger,57,47,47,15,26,Processed
res_dia206_utt8_20260802_073510_full.txt,dia206_utt8,Susan,neutral,28,0,0,14,27,Speaker Not Trained
res_dia206_utt9_20260802_073630_full.txt,dia206_utt9,Carol,anger,55,0,0,73,50,Speaker Not Trained
res_dia207_utt0_20260802_073943_full.txt,dia207_utt0,Monica,joy,211,163,163,179,443,Processed
res_dia207_utt10_20260802_074620_full.txt,dia207_utt10,Phoebe,joy,224,224,224,290,439,Processed
res_dia207_utt11_20260802_074838_full.txt,dia207_utt11,Mischa,joy,132,0,0,118,252,Speaker Not Trained
res_dia207_utt12_20260802_075019_full.txt,dia207_utt12,Mischa,neutral,58,0,0,100,105,Speaker Not Trained
res_dia207_utt13_20260802_075111_full.txt,dia207_utt13,Monica,joy,57,30,30,10,108,Processed
res_dia207_utt14_20260802_075200_full.txt,dia207_utt14,Mischa,surprise,36,0,0,17,85,Speaker Not Trained
res_dia207_utt15_20260802_075246_full.txt,dia207_utt15,Phoebe,neutral,47,47,47,47,56,Processed
res_dia207_utt16_20260802_075411_full.txt,dia207_utt16,Monica,neutral,75,75,75,19,191,Processed
res_dia207_utt17_20260802_075841_full.txt,dia207_utt17,Phoebe,anger,202,115,115,219,325,Processed
res_dia207_utt18_20260802_080045_full.txt,dia207_utt18,Monica,anger,76,92,92,28,196,Processed
res_dia207_utt19_20260802_080218_full.txt,dia207_utt19,Phoebe,neutral,41,51,51,52,81,Processed
res_dia207_utt1_20260802_074224_full.txt,dia207_utt1,Mischa,neutral,82,0,0,186,154,Speaker Not Trained
res_dia207_utt2_20260802_080414_full.txt,dia207_utt2,Monica,surprise,128,124,124,69,228,Processed
res_dia207_utt3_20260802_080512_full.txt,dia207_utt3,Phoebe,neutral,34,20,20,65,47,Processed
res_dia207_utt4_20260802_080818_full.txt,dia207_utt4,Phoebe,neutral,191,191,191,215,432,Processed
res_dia207_utt5_20260802_080914_full.txt,dia207_utt5,Phoebe,neutral,48,48,48,48,107,Processed
res_dia207_utt6_20260802_080948_full.txt,dia207_utt6,Mischa,neutral,20,0,0,18,38,Speaker Not Trained
res_dia207_utt7_20260802_081056_full.txt,dia207_utt7,Mischa,neutral,28,0,0,67,46,Speaker Not Trained
res_dia207_utt8_20260802_081155_full.txt,dia207_utt8,Phoebe,neutral,46,46,46,46,122,Processed
res_dia207_utt9_20260802_081341_full.txt,dia207_utt9,Mischa,neutral,54,0,0,96,169,Speaker Not Trained
res_dia208_utt0_20260802_081804_full.txt,dia208_utt0,Danny,disgust,142,0,0,355,396,Speaker Not Trained
res_dia208_utt10_20260802_081935_full.txt,dia208_utt10,Rachel,surprise,37,25,25,12,67,Processed
res_dia208_utt11_20260802_082038_full.txt,dia208_utt11,Chandler,joy,62,62,62,65,111,Processed
res_dia208_utt12_20260802_082101_full.txt,dia208_utt12,Monica,surprise,34,34,34,1,5,Processed
res_dia208_utt14_20260802_082126_full.txt,dia208_utt14,Joey,sadness,39,39,39,0,42,Processed
res_dia208_utt15_20260802_082212_full.txt,dia208_utt15,Chandler,surprise,39,39,39,0,228,Processed
res_dia208_utt16_20260802_082230_full.txt,dia208_utt16,Joey,surprise,4,0,0,0,31,Speaker Not Found
res_dia208_utt1_20260802_081853_full.txt,dia208_utt1,Joey,neutral,76,0,0,4,157,Speaker Not Found
res_dia208_utt2_20260802_082320_full.txt,dia208_utt2,Chandler,surprise,65,65,65,23,161,Processed
res_dia208_utt3_20260802_082436_full.txt,dia208_utt3,Joey,neutral,152,152,152,2,301,Processed
res_dia208_utt4_20260802_082527_full.txt,dia208_utt4,Chandler,disgust,83,83,83,0,221,Processed
res_dia208_utt5_20260802_082645_full.txt,dia208_utt5,Krista,joy,79,0,0,89,249,Speaker Not Trained
res_dia208_utt6_20260802_082744_full.txt,dia208_utt6,Danny,anger,53,0,0,52,74,Speaker Not Trained
res_dia208_utt7_20260802_082818_full.txt,dia208_utt7,Krista,neutral,22,0,0,13,85,Speaker Not Trained
res_dia208_utt8_20260802_082922_full.txt,dia208_utt8,Krista,neutral,54,0,0,68,23,Speaker Not Trained
res_dia208_utt9_20260802_083012_full.txt,dia208_utt9,Danny,joy,42,0,0,15,78,Speaker Not Trained
res_dia209_utt0_20260802_083034_full.txt,dia209_utt0,The Director,neutral,31,0,0,1,0,Speaker Not Trained
res_dia20_utt0_20260801_052404_full.txt,dia20_utt0,Rachel,neutral,72,31,31,38,95,Processed
res_dia20_utt10_20260801_052520_full.txt,dia20_utt10,Phoebe,neutral,28,28,28,8,18,Processed
res_dia20_utt11_20260801_052558_full.txt,dia20_utt11,Joey,neutral,45,45,45,0,45,Processed
res_dia20_utt12_20260801_052631_full.txt,dia20_utt12,Joey,joy,43,43,43,0,0,Processed
res_dia20_utt13_20260801_052645_full.txt,dia20_utt13,Joey,joy,3,3,3,0,0,Processed
res_dia20_utt14_20260801_052859_full.txt,dia20_utt14,Joey,joy,298,298,298,0,210,Processed
res_dia20_utt15_20260801_053040_full.txt,dia20_utt15,Rachel,surprise,251,198,198,4,40,Processed
res_dia20_utt16_20260801_053251_full.txt,dia20_utt16,Joey,neutral,42,0,0,110,121,Speaker Not Found
res_dia20_utt1_20260801_052448_full.txt,dia20_utt1,Joey,joy,47,42,42,20,4,Processed
res_dia20_utt2_20260801_053400_full.txt,dia20_utt2,Phoebe,joy,111,111,111,13,75,Processed
res_dia20_utt3_20260801_053429_full.txt,dia20_utt3,Joey,joy,20,0,0,1,14,Speaker Not Found
res_dia20_utt4_20260801_053510_full.txt,dia20_utt4,Joey,joy,29,0,0,6,23,Speaker Not Found
res_dia20_utt5_20260801_053532_full.txt,dia20_utt5,Joey,joy,13,0,0,1,4,Speaker Not Found
res_dia20_utt6_20260801_053603_full.txt,dia20_utt6,Joey,joy,23,0,0,0,12,Speaker Not Found
res_dia20_utt7_20260801_053640_full.txt,dia20_utt7,Joey,joy,54,54,54,0,54,Processed
res_dia20_utt8_20260801_053705_full.txt,dia20_utt8,Joey,neutral,6,6,6,0,6,Processed
res_dia20_utt9_20260801_053743_full.txt,dia20_utt9,Joey,neutral,61,61,61,0,61,Processed
res_dia210_utt0_20260802_083120_full.txt,dia210_utt0,Richard,anger,43,0,0,43,43,Speaker Not Trained
res_dia210_utt10_20260802_083245_full.txt,dia210_utt10,Phoebe,neutral,76,76,76,17,36,Processed
res_dia210_utt1_20260802_083157_full.txt,dia210_utt1,Joey,surprise,50,0,0,40,1,Speaker Not Found
res_dia210_utt2_20260802_083404_full.txt,dia210_utt2,Richard,anger,73,0,0,92,1,Speaker Not Trained
res_dia210_utt3_20260802_083444_full.txt,dia210_utt3,Joey,anger,64,64,64,0,64,Processed
res_dia210_utt4_20260802_083607_full.txt,dia210_utt4,Richard,anger,84,0,0,84,84,Speaker Not Trained
res_dia210_utt5_20260802_083718_full.txt,dia210_utt5,Joey,anger,155,155,155,0,155,Processed
res_dia210_utt6_20260802_083750_full.txt,dia210_utt6,The Director,joy,65,0,0,0,17,Speaker Not Trained
res_dia210_utt7_20260802_083821_full.txt,dia210_utt7,Joey,joy,32,32,32,4,28,Processed
res_dia210_utt8_20260802_083923_full.txt,dia210_utt8,Richard,joy,87,0,0,67,4,Speaker Not Trained
res_dia210_utt9_20260802_084107_full.txt,dia210_utt9,The Assistant Director,neutral,74,0,0,149,10,Speaker Not Trained
res_dia211_utt0_20260802_084345_full.txt,dia211_utt0,Mrs. Geller,joy,89,0,0,201,117,Speaker Not Trained
res_dia211_utt10_20260802_084736_full.txt,dia211_utt10,Monica,joy,203,155,155,125,275,Processed
res_dia211_utt11_20260802_084800_full.txt,dia211_utt11,Monica,surprise,21,21,21,1,21,Processed
res_dia211_utt12_20260802_084859_full.txt,dia211_utt12,Mrs. Geller,fear,43,0,0,64,19,Speaker Not Trained
res_dia211_utt13_20260802_084952_full.txt,dia211_utt13,Monica,surprise,60,60,60,60,86,Processed
res_dia211_utt14_20260802_085036_full.txt,dia211_utt14,Mr. Geller,neutral,78,0,0,78,12,Speaker Not Trained
res_dia211_utt1_20260802_084439_full.txt,dia211_utt1,Chandler,neutral,53,54,54,31,67,Processed
res_dia211_utt2_20260802_085248_full.txt,dia211_utt2,Mr. Geller,joy,54,0,0,162,54,Speaker Not Trained
res_dia211_utt3_20260802_085345_full.txt,dia211_utt3,Chandler,neutral,36,30,30,45,127,Processed
res_dia211_utt5_20260802_085527_full.txt,dia211_utt5,Mr. Geller,joy,142,0,0,114,113,Speaker Not Trained
res_dia211_utt6_20260802_085749_full.txt,dia211_utt6,Mrs. Geller,disgust,104,0,0,149,238,Speaker Not Trained
res_dia211_utt7_20260802_085825_full.txt,dia211_utt7,Chandler,neutral,42,42,42,27,15,Processed
res_dia211_utt8_20260802_085929_full.txt,dia211_utt8,Monica,disgust,69,43,43,12,113,Processed
res_dia211_utt9_20260802_090005_full.txt,dia211_utt9,Mr. Geller,surprise,39,0,0,35,15,Speaker Not Trained
res_dia212_utt0_20260802_090052_full.txt,dia212_utt0,Phoebe,neutral,71,0,0,0,90,Speaker Not Found
res_dia212_utt1_20260802_090120_full.txt,dia212_utt1,Monica,joy,35,6,6,0,64,Processed
res_dia212_utt2_20260802_090206_full.txt,dia212_utt2,Phoebe,neutral,152,152,152,0,0,Processed
res_dia212_utt3_20260802_090248_full.txt,dia212_utt3,Monica,surprise,116,116,116,23,3,Processed
res_dia212_utt4_20260802_090318_full.txt,dia212_utt4,Phoebe,surprise,36,36,36,19,3,Processed
res_dia212_utt5_20260802_090400_full.txt,dia212_utt5,Monica,disgust,135,135,135,0,0,Processed
res_dia212_utt6_20260802_090444_full.txt,dia212_utt6,Phoebe,neutral,93,93,93,23,70,Processed
res_dia212_utt7_20260802_090517_full.txt,dia212_utt7,Monica,anger,76,69,69,7,46,Processed
res_dia212_utt8_20260802_090554_full.txt,dia212_utt8,Monica,neutral,102,102,102,0,0,Processed
res_dia212_utt9_20260802_090618_full.txt,dia212_utt9,Phoebe,surprise,53,53,53,1,0,Processed
res_dia213_utt0_20260802_090736_full.txt,dia213_utt0,Ross,neutral,87,76,76,118,40,Processed
res_dia213_utt1_20260802_090801_full.txt,dia213_utt1,Ross,neutral,53,53,53,0,0,Processed
res_dia213_utt2_20260802_090858_full.txt,dia213_utt2,Ross,joy,60,60,60,1,155,Processed
res_dia213_utt3_20260802_090919_full.txt,dia213_utt3,Ross,neutral,29,29,29,0,0,Processed
res_dia213_utt4_20260802_090945_full.txt,dia213_utt4,Chandler,sadness,28,23,23,0,19,Processed
res_dia214_utt0_20260802_091046_full.txt,dia214_utt0,Phoebe,surprise,39,32,32,42,131,Processed
res_dia214_utt10_20260802_091219_full.txt,dia214_utt10,Phoebe,neutral,32,32,32,40,0,Processed
res_dia214_utt1_20260802_091136_full.txt,dia214_utt1,Monica,neutral,43,0,0,34,46,Speaker Not Found
res_dia214_utt2_20260802_091444_full.txt,dia214_utt2,Phoebe,sadness,147,99,99,112,638,Processed
res_dia214_utt3_20260802_091537_full.txt,dia214_utt3,David,surprise,26,0,0,40,20,Speaker Not Trained
res_dia214_utt4_20260802_091614_full.txt,dia214_utt4,Phoebe,neutral,53,53,53,1,55,Processed
res_dia214_utt5_20260802_091705_full.txt,dia214_utt5,David,surprise,63,0,0,25,42,Speaker Not Trained
res_dia214_utt6_20260802_091758_full.txt,dia214_utt6,Phoebe,surprise,75,75,75,33,67,Processed
res_dia214_utt7_20260802_091903_full.txt,dia214_utt7,David,neutral,57,0,0,53,64,Speaker Not Trained
res_dia214_utt8_20260802_092055_full.txt,dia214_utt8,Phoebe,joy,117,117,117,111,65,Processed
res_dia214_utt9_20260802_092205_full.txt,dia214_utt9,David,neutral,59,0,0,65,48,Speaker Not Trained
res_dia215_utt0_20260802_092248_full.txt,dia215_utt0,Ross,joy,83,73,73,28,0,Processed
res_dia216_utt0_20260802_092432_full.txt,dia216_utt0,Ross,sadness,250,0,0,14,172,Speaker Not Found
res_dia216_utt1_20260802_092450_full.txt,dia216_utt1,Joey,neutral,3,0,0,0,3,Speaker Not Found
res_dia216_utt2_20260802_092607_full.txt,dia216_utt2,Ross,neutral,120,0,0,61,117,Speaker Not Found
res_dia217_utt0_20260802_092656_full.txt,dia217_utt0,Joey,neutral,26,26,26,52,26,Processed
res_dia218_utt10_20260802_092744_full.txt,dia218_utt10,Joey,neutral,56,56,56,0,1,Processed
res_dia218_utt11_20260802_092808_full.txt,dia218_utt11,Joey,neutral,36,36,36,0,1,Processed
res_dia218_utt12_20260802_092844_full.txt,dia218_utt12,Rachel,neutral,72,72,72,0,53,Processed
res_dia218_utt1_20260802_092719_full.txt,dia218_utt1,Ross,neutral,29,26,26,3,29,Processed
res_dia218_utt2_20260802_092936_full.txt,dia218_utt2,Ross,neutral,76,76,76,30,146,Processed
res_dia218_utt3_20260802_093015_full.txt,dia218_utt3,Ross,neutral,60,60,60,0,120,Processed
res_dia218_utt4_20260802_093052_full.txt,dia218_utt4,Monica,sadness,104,104,104,0,0,Processed
res_dia218_utt5_20260802_093204_full.txt,dia218_utt5,Joey,neutral,145,145,145,2,143,Processed
res_dia218_utt6_20260802_093318_full.txt,dia218_utt6,Joey,sadness,154,154,154,26,116,Processed
res_dia218_utt7_20260802_093341_full.txt,dia218_utt7,Joey,neutral,28,8,8,0,8,Processed
res_dia218_utt8_20260802_093359_full.txt,dia218_utt8,Joey,neutral,6,0,0,0,0,Speaker Not Found
res_dia218_utt9_20260802_093448_full.txt,dia218_utt9,Joey,neutral,113,75,75,2,73,Processed
res_dia219_utt0_20260802_093516_full.txt,dia219_utt0,Chandler,joy,52,52,52,0,0,Processed
res_dia219_utt10_20260802_093628_full.txt,dia219_utt10,Chandler,sadness,36,36,36,32,0,Processed
res_dia219_utt11_20260802_093649_full.txt,dia219_utt11,Chandler,sadness,33,33,33,0,0,Processed
res_dia219_utt12_20260802_093721_full.txt,dia219_utt12,Monica,anger,69,69,69,0,0,Processed
res_dia219_utt1_20260802_093555_full.txt,dia219_utt1,Joey,neutral,54,54,54,43,14,Processed
res_dia219_utt2_20260802_093742_full.txt,dia219_utt2,Joey,neutral,9,6,6,5,7,Processed
res_dia219_utt3_20260802_093808_full.txt,dia219_utt3,Joey,joy,63,63,63,0,0,Processed
res_dia219_utt4_20260802_093843_full.txt,dia219_utt4,Joey,joy,82,82,82,0,0,Processed
res_dia219_utt5_20260802_093929_full.txt,dia219_utt5,Ross,neutral,54,54,54,56,57,Processed
res_dia219_utt6_20260802_093959_full.txt,dia219_utt6,Monica,sadness,43,43,43,0,43,Processed
res_dia219_utt7_20260802_094059_full.txt,dia219_utt7,Phoebe,neutral,186,163,163,0,31,Processed
res_dia219_utt8_20260802_094136_full.txt,dia219_utt8,Monica,sadness,59,59,59,0,59,Processed
res_dia219_utt9_20260802_094255_full.txt,dia219_utt9,Chandler,neutral,123,123,123,112,31,Processed
res_dia21_utt0_20260801_053931_full.txt,dia21_utt0,Monica,surprise,53,25,25,111,106,Processed
res_dia21_utt10_20260801_054218_full.txt,dia21_utt10,Phoebe,neutral,97,97,97,0,11,Processed
res_dia21_utt11_20260801_054244_full.txt,dia21_utt11,Phoebe,disgust,49,49,49,0,0,Processed
res_dia21_utt12_20260801_054336_full.txt,dia21_utt12,Monica,neutral,43,43,43,41,0,Processed
res_dia21_utt13_20260801_054504_full.txt,dia21_utt13,Phoebe,joy,30,23,23,96,60,Processed
res_dia21_utt1_20260801_054119_full.txt,dia21_utt1,Ross,neutral,76,76,76,114,189,Processed
res_dia21_utt2_20260801_054654_full.txt,dia21_utt2,Monica,joy,144,146,146,30,204,Processed
res_dia21_utt3_20260801_054748_full.txt,dia21_utt3,Phoebe,surprise,59,59,59,10,79,Processed
res_dia21_utt4_20260801_054844_full.txt,dia21_utt4,Ross,neutral,52,52,52,4,96,Processed
res_dia21_utt5_20260801_054927_full.txt,dia21_utt5,Monica,surprise,48,0,0,7,67,Speaker Not Found
res_dia21_utt6_20260801_054959_full.txt,dia21_utt6,Phoebe,anger,31,31,31,0,6,Processed
res_dia21_utt7_20260801_055016_full.txt,dia21_utt7,Ross,neutral,9,0,0,0,0,Speaker Not Found
res_dia21_utt8_20260801_055128_full.txt,dia21_utt8,Phoebe,disgust,170,168,168,2,22,Processed
res_dia21_utt9_20260801_055156_full.txt,dia21_utt9,Phoebe,neutral,37,37,37,0,0,Processed
res_dia220_utt0_20260802_094401_full.txt,dia220_utt0,Phoebe,neutral,24,21,21,82,49,Processed
res_dia220_utt1_20260802_094422_full.txt,dia220_utt1,Rachel,joy,15,15,15,0,30,Processed
res_dia220_utt2_20260802_094459_full.txt,dia220_utt2,Monica,neutral,44,44,44,8,68,Processed
res_dia220_utt3_20260802_094612_full.txt,dia220_utt3,Phoebe,sadness,215,196,196,1,121,Processed
res_dia220_utt4_20260802_094634_full.txt,dia220_utt4,Rachel,neutral,17,17,17,0,18,Processed
res_dia220_utt5_20260802_094655_full.txt,dia220_utt5,Monica,neutral,14,14,14,0,14,Processed
res_dia220_utt6_20260802_224423_full.txt,dia220_utt6,Rachel,neutral,27,27,27,0,30,Processed
res_dia221_utt0_20260802_224436_full.txt,dia221_utt0,Rachel,neutral,14,14,14,0,0,Processed
res_dia221_utt1_20260802_224450_full.txt,dia221_utt1,Joshua,neutral,25,0,0,3,17,Speaker Not Trained
res_dia221_utt2_20260802_224516_full.txt,dia221_utt2,Rachel,surprise,41,36,36,5,0,Processed
res_dia221_utt3_20260802_224617_full.txt,dia221_utt3,Joshua,neutral,94,0,0,43,88,Speaker Not Trained
res_dia221_utt4_20260802_224704_full.txt,dia221_utt4,Rachel,neutral,58,57,57,18,27,Processed
res_dia221_utt5_20260802_224734_full.txt,dia221_utt5,Joshua,fear,32,0,0,32,26,Speaker Not Trained
res_dia222_utt0_20260802_224828_full.txt,dia222_utt0,Doug,joy,81,0,0,73,0,Speaker Not Trained
res_dia222_utt11_20260802_225117_full.txt,dia222_utt11,Doug,joy,199,0,0,197,26,Speaker Not Trained
res_dia222_utt12_20260802_225237_full.txt,dia222_utt12,Doug,joy,127,0,0,124,26,Speaker Not Trained
res_dia222_utt13_20260802_225326_full.txt,dia222_utt13,Monica,joy,49,49,49,54,0,Processed
res_dia222_utt14_20260802_225406_full.txt,dia222_utt14,Monica,neutral,67,67,67,0,45,Processed
res_dia222_utt15_20260802_225446_full.txt,dia222_utt15,Monica,disgust,50,50,50,15,35,Processed
res_dia222_utt16_20260802_225524_full.txt,dia222_utt16,Monica,disgust,48,48,48,10,18,Processed
res_dia222_utt17_20260802_225603_full.txt,dia222_utt17,Chandler,neutral,54,54,54,10,10,Processed
res_dia222_utt18_20260802_225706_full.txt,dia222_utt18,Monica,disgust,131,96,96,22,10,Processed
res_dia222_utt19_20260802_225804_full.txt,dia222_utt19,Chandler,disgust,102,102,102,0,102,Processed
res_dia222_utt1_20260802_224903_full.txt,dia222_utt1,Chandler,neutral,52,38,38,12,2,Processed
res_dia222_utt2_20260802_225828_full.txt,dia222_utt2,Monica,neutral,13,13,13,2,7,Processed
res_dia222_utt3_20260802_230008_full.txt,dia222_utt3,Doug,joy,106,0,0,120,60,Speaker Not Trained
res_dia222_utt4_20260802_230051_full.txt,dia222_utt4,Chandler,sadness,59,59,59,0,59,Processed
res_dia222_utt5_20260802_230321_full.txt,dia222_utt5,Doug,joy,220,0,0,177,121,Speaker Not Trained
res_dia222_utt6_20260802_230427_full.txt,dia222_utt6,Monica,neutral,113,73,73,65,47,Processed
res_dia222_utt7_20260802_230522_full.txt,dia222_utt7,Doug,neutral,40,0,0,40,55,Speaker Not Trained
res_dia222_utt8_20260802_230613_full.txt,dia222_utt8,Doug,joy,100,0,0,0,82,Speaker Not Trained
res_dia222_utt9_20260802_230718_full.txt,dia222_utt9,Doug,neutral,69,0,0,55,54,Speaker Not Trained
res_dia223_utt0_20260802_230838_full.txt,dia223_utt0,Emeril,neutral,142,0,0,73,33,Speaker Not Trained
res_dia223_utt10_20260802_231014_full.txt,dia223_utt10,Chandler,neutral,123,123,123,0,55,Processed
res_dia223_utt11_20260802_231059_full.txt,dia223_utt11,Monica,neutral,82,82,82,0,82,Processed
res_dia223_utt12_20260802_231121_full.txt,dia223_utt12,Chandler,surprise,12,12,12,0,12,Processed
res_dia223_utt13_20260802_231156_full.txt,dia223_utt13,Monica,neutral,48,0,0,0,45,Speaker Not Found
res_dia223_utt14_20260802_231226_full.txt,dia223_utt14,Chandler,neutral,39,39,39,0,39,Processed
res_dia223_utt1_20260802_230923_full.txt,dia223_utt1,Chandler,neutral,121,121,121,0,0,Processed
res_dia223_utt2_20260802_231249_full.txt,dia223_utt2,Monica,neutral,20,20,20,0,0,Processed
res_dia223_utt3_20260802_231312_full.txt,dia223_utt3,Chandler,neutral,18,16,16,0,0,Processed
res_dia223_utt4_20260802_231345_full.txt,dia223_utt4,Monica,neutral,68,0,0,0,0,Speaker Not Found
res_dia223_utt5_20260802_231504_full.txt,dia223_utt5,Chandler,sadness,229,229,229,0,6,Processed
res_dia223_utt6_20260802_231539_full.txt,dia223_utt6,Monica,neutral,72,72,72,0,0,Processed
res_dia223_utt7_20260802_231607_full.txt,dia223_utt7,Chandler,neutral,39,39,39,0,0,Processed
res_dia223_utt8_20260802_231707_full.txt,dia223_utt8,Chandler,neutral,197,161,161,0,22,Processed
res_dia223_utt9_20260802_231724_full.txt,dia223_utt9,Monica,neutral,36,36,36,0,36,Processed
res_dia224_utt0_20260802_231820_full.txt,dia224_utt0,Joey,neutral,156,156,156,3,187,Processed
res_dia224_utt1_20260802_231856_full.txt,dia224_utt1,Man,neutral,54,0,0,37,83,Speaker Not Trained
res_dia224_utt2_20260802_232002_full.txt,dia224_utt2,Joey,neutral,119,0,0,41,219,Speaker Not Found
res_dia224_utt3_20260802_232046_full.txt,dia224_utt3,Jake,neutral,61,0,0,9,174,Speaker Not Trained
res_dia224_utt4_20260802_232128_full.txt,dia224_utt4,Joey,joy,88,72,72,16,148,Processed
res_dia224_utt5_20260802_232346_full.txt,dia224_utt5,Jake,joy,391,0,0,101,562,Speaker Not Trained
res_dia225_utt0_20260802_232407_full.txt,dia225_utt0,Carol,disgust,51,0,0,6,1,Speaker Not Trained
res_dia225_utt10_20260802_232456_full.txt,dia225_utt10,Carol,neutral,38,0,0,0,38,Speaker Not Trained
res_dia225_utt1_20260802_232440_full.txt,dia225_utt1,Ross,neutral,116,113,113,16,1,Processed
res_dia225_utt2_20260802_232523_full.txt,dia225_utt2,Carol,joy,35,0,0,13,0,Speaker Not Trained
res_dia225_utt3_20260802_232539_full.txt,dia225_utt3,Ross,joy,33,33,33,3,0,Processed
res_dia225_utt4_20260802_232602_full.txt,dia225_utt4,Ross,neutral,79,79,79,0,0,Processed
res_dia225_utt5_20260802_232632_full.txt,dia225_utt5,Ross,neutral,128,128,128,0,0,Processed
res_dia225_utt6_20260802_232644_full.txt,dia225_utt6,Carol,joy,27,0,0,2,0,Speaker Not Trained
res_dia225_utt7_20260802_232730_full.txt,dia225_utt7,Ross,neutral,179,176,176,32,29,Processed
res_dia225_utt8_20260802_232749_full.txt,dia225_utt8,Carol,neutral,49,0,0,1,8,Speaker Not Trained
res_dia225_utt9_20260802_232835_full.txt,dia225_utt9,Ross,sadness,139,123,123,29,126,Processed
res_dia226_utt0_20260802_233002_full.txt,dia226_utt0,Rachel,surprise,72,68,68,131,128,Processed
res_dia226_utt10_20260802_233202_full.txt,dia226_utt10,Tom,neutral,109,0,0,147,133,Speaker Not Trained
res_dia226_utt11_20260802_233228_full.txt,dia226_utt11,Rachel,neutral,70,53,53,4,15,Processed
res_dia226_utt12_20260802_233300_full.txt,dia226_utt12,Tom,surprise,25,0,0,29,46,Speaker Not Trained
res_dia226_utt13_20260802_233324_full.txt,dia226_utt13,Rachel,neutral,72,72,72,4,0,Processed
res_dia226_utt17_20260802_233423_full.txt,dia226_utt17,Tom,sadness,64,0,0,89,64,Speaker Not Trained
res_dia226_utt18_20260802_233455_full.txt,dia226_utt18,Rachel,disgust,122,116,116,3,0,Processed
res_dia226_utt19_20260802_233536_full.txt,dia226_utt19,Rachel,joy,137,134,134,13,35,Processed
res_dia226_utt1_20260802_233041_full.txt,dia226_utt1,Danny,joy,51,0,0,51,51,Speaker Not Trained
res_dia226_utt20_20260802_233722_full.txt,dia226_utt20,Monica,neutral,27,27,27,1,8,Processed
res_dia226_utt21_20260802_233820_full.txt,dia226_utt21,Rachel,joy,36,13,13,106,16,Processed
res_dia226_utt2_20260802_233709_full.txt,dia226_utt2,Rachel,neutral,90,90,90,88,192,Processed
res_dia226_utt3_20260802_233919_full.txt,dia226_utt3,Danny,neutral,46,0,0,78,79,Speaker Not Trained
res_dia226_utt4_20260802_234124_full.txt,dia226_utt4,Rachel,neutral,143,114,114,204,119,Processed
res_dia226_utt5_20260802_234142_full.txt,dia226_utt5,Monica,neutral,39,38,38,2,0,Processed
res_dia226_utt6_20260802_234352_full.txt,dia226_utt6,Rachel,neutral,235,213,213,172,248,Processed
res_dia226_utt7_20260802_234454_full.txt,dia226_utt7,Danny,neutral,39,0,0,97,80,Speaker Not Trained
res_dia226_utt8_20260802_234522_full.txt,dia226_utt8,Rachel,surprise,77,77,77,3,74,Processed
res_dia226_utt9_20260802_234640_full.txt,dia226_utt9,Danny,joy,113,0,0,126,157,Speaker Not Trained
res_dia227_utt0_20260802_234656_full.txt,dia227_utt0,Joey,neutral,25,0,0,28,21,Speaker Not Found
res_dia228_utt0_20260802_234720_full.txt,dia228_utt0,Phoebe,anger,103,103,103,3,44,Processed
res_dia228_utt1_20260802_234922_full.txt,dia228_utt1,Joey,sadness,312,198,198,154,619,Processed
res_dia228_utt2_20260802_234953_full.txt,dia228_utt2,Joey,neutral,89,89,89,0,131,Processed
res_dia228_utt3_20260802_235020_full.txt,dia228_utt3,Joey,surprise,23,0,0,53,89,Speaker Not Found
res_dia228_utt4_20260802_235055_full.txt,dia228_utt4,Phoebe,joy,27,27,27,67,106,Processed
res_dia228_utt5_20260802_235121_full.txt,dia228_utt5,Joey,joy,50,50,50,0,191,Processed
res_dia228_utt6_20260802_235141_full.txt,dia228_utt6,Joey,neutral,36,36,36,0,98,Processed
res_dia228_utt7_20260802_235210_full.txt,dia228_utt7,Phoebe,anger,34,32,32,45,115,Processed
res_dia229_utt0_20260802_235224_full.txt,dia229_utt0,Jill,neutral,45,0,0,9,0,Speaker Not Trained
res_dia229_utt1_20260802_235258_full.txt,dia229_utt1,Chandler,joy,136,136,136,2,123,Processed
res_dia229_utt2_20260802_235348_full.txt,dia229_utt2,Jill,neutral,141,0,0,55,98,Speaker Not Trained
res_dia229_utt3_20260802_235417_full.txt,dia229_utt3,Chandler,neutral,148,148,148,0,1,Processed
res_dia229_utt4_20260802_235503_full.txt,dia229_utt4,Chandler,neutral,160,160,160,0,0,Processed
res_dia22_utt0_20260801_055256_full.txt,dia22_utt0,Joey,disgust,82,82,82,35,36,Processed
res_dia22_utt1_20260801_055405_full.txt,dia22_utt1,Nurse,neutral,56,0,0,60,22,Speaker Not Trained
res_dia22_utt2_20260801_055528_full.txt,dia22_utt2,Joey,surprise,81,81,81,82,81,Processed
res_dia22_utt3_20260801_055644_full.txt,dia22_utt3,Nurse,neutral,87,0,0,61,72,Speaker Not Trained
res_dia230_utt0_20260803_000616_full.txt,dia230_utt0,Lecturer,neutral,285,0,0,1613,151,Speaker Not Trained
res_dia230_utt1_20260803_001650_full.txt,dia230_utt1,Ross,joy,324,203,203,1519,457,Processed
res_dia231_utt0_20260803_001720_full.txt,dia231_utt0,Ross,neutral,105,96,96,41,8,Processed
res_dia231_utt10_20260803_001823_full.txt,dia231_utt10,Ross,sadness,83,83,83,5,12,Processed
res_dia231_utt11_20260803_001910_full.txt,dia231_utt11,Rachel,neutral,154,0,0,1,153,Speaker Not Found
res_dia231_utt12_20260803_001926_full.txt,dia231_utt12,Ross,neutral,14,9,9,12,0,Processed
res_dia231_utt13_20260803_001946_full.txt,dia231_utt13,Rachel,neutral,34,0,0,17,21,Speaker Not Found
res_dia231_utt14_20260803_002014_full.txt,dia231_utt14,Sophie,neutral,64,0,0,23,39,Speaker Not Trained
res_dia231_utt1_20260803_001802_full.txt,dia231_utt1,Rachel,neutral,87,28,28,11,102,Processed
res_dia231_utt2_20260803_002034_full.txt,dia231_utt2,Rachel,neutral,33,23,23,10,28,Processed
res_dia231_utt3_20260803_002049_full.txt,dia231_utt3,Ross,neutral,17,17,17,10,0,Processed
res_dia231_utt4_20260803_002129_full.txt,dia231_utt4,Ross,neutral,158,153,153,35,7,Processed
res_dia231_utt5_20260803_002157_full.txt,dia231_utt5,Rachel,neutral,86,59,59,27,0,Processed
res_dia231_utt6_20260803_002218_full.txt,dia231_utt6,Ross,neutral,47,47,47,17,24,Processed
res_dia231_utt7_20260803_002236_full.txt,dia231_utt7,Rachel,anger,23,0,0,16,1,Speaker Not Found
res_dia231_utt8_20260803_002255_full.txt,dia231_utt8,Ross,neutral,38,31,31,6,39,Processed
res_dia231_utt9_20260803_002313_full.txt,dia231_utt9,Rachel,anger,52,46,46,6,0,Processed
res_dia232_utt0_20260803_002333_full.txt,dia232_utt0,Monica,surprise,64,34,34,6,0,Processed
res_dia232_utt10_20260803_002424_full.txt,dia232_utt10,Chandler,surprise,85,84,84,17,94,Processed
res_dia232_utt11_20260803_002513_full.txt,dia232_utt11,Rachel,neutral,35,0,0,89,5,Speaker Not Found
res_dia232_utt12_20260803_002659_full.txt,dia232_utt12,Phoebe,surprise,87,66,66,204,55,Processed
res_dia232_utt13_20260803_002726_full.txt,dia232_utt13,Monica,surprise,45,45,45,19,21,Processed
res_dia232_utt14_20260803_002813_full.txt,dia232_utt14,Rachel,neutral,148,125,125,23,163,Processed
res_dia232_utt15_20260803_002854_full.txt,dia232_utt15,Monica,neutral,28,29,29,62,74,Processed
res_dia232_utt16_20260803_003005_full.txt,dia232_utt16,Rachel,surprise,172,0,0,82,109,Speaker Not Found
res_dia232_utt17_20260803_003057_full.txt,dia232_utt17,Chandler,neutral,151,152,152,45,64,Processed
res_dia232_utt18_20260803_003130_full.txt,dia232_utt18,Rachel,neutral,95,39,39,38,49,Processed
res_dia232_utt19_20260803_003150_full.txt,dia232_utt19,Chandler,neutral,35,0,0,19,15,Speaker Not Found
res_dia232_utt1_20260803_002355_full.txt,dia232_utt1,Chandler,neutral,31,0,0,31,0,Speaker Not Found
res_dia232_utt2_20260803_003223_full.txt,dia232_utt2,Chandler,neutral,127,127,127,45,0,Processed
res_dia232_utt3_20260803_003237_full.txt,dia232_utt3,Monica,surprise,43,43,43,0,0,Processed
res_dia232_utt4_20260803_003256_full.txt,dia232_utt4,Chandler,neutral,52,52,52,0,52,Processed
res_dia232_utt5_20260803_003316_full.txt,dia232_utt5,Monica,anger,72,72,72,0,0,Processed
res_dia232_utt6_20260803_003335_full.txt,dia232_utt6,Chandler,neutral,53,53,53,11,19,Processed
res_dia232_utt7_20260803_003353_full.txt,dia232_utt7,Monica,anger,60,59,59,10,24,Processed
res_dia232_utt8_20260803_003403_full.txt,dia232_utt8,Chandler,neutral,15,15,15,0,15,Processed
res_dia232_utt9_20260803_003420_full.txt,dia232_utt9,Monica,surprise,45,0,0,4,36,Speaker Not Found
res_dia233_utt0_20260803_003544_full.txt,dia233_utt0,Ross,joy,238,0,0,140,190,Speaker Not Found
res_dia233_utt1_20260803_003605_full.txt,dia233_utt1,Monica,surprise,86,86,86,0,35,Processed
res_dia234_utt10_20260803_003659_full.txt,dia234_utt10,Chandler,surprise,78,78,78,0,0,Processed
res_dia234_utt11_20260803_003731_full.txt,dia234_utt11,Monica,anger,98,89,89,2,90,Processed
res_dia234_utt1_20260803_003641_full.txt,dia234_utt1,The Woman,joy,78,0,0,39,43,Speaker Not Trained
res_dia234_utt2_20260803_003748_full.txt,dia234_utt2,Chandler,neutral,52,51,51,1,0,Processed
res_dia234_utt3_20260803_003805_full.txt,dia234_utt3,The Woman,neutral,48,0,0,0,17,Speaker Not Trained
res_dia234_utt4_20260803_003826_full.txt,dia234_utt4,Monica,surprise,58,58,58,18,3,Processed
res_dia234_utt5_20260803_003836_full.txt,dia234_utt5,Chandler,neutral,18,18,18,0,0,Processed
res_dia234_utt6_20260803_003850_full.txt,dia234_utt6,Chandler,anger,55,55,55,0,0,Processed
res_dia234_utt8_20260803_003904_full.txt,dia234_utt8,Chandler,neutral,34,34,34,0,0,Processed
res_dia234_utt9_20260803_003917_full.txt,dia234_utt9,Monica,neutral,25,25,25,0,25,Processed
res_dia235_utt0_20260803_003957_full.txt,dia235_utt0,Monica,anger,154,140,140,29,34,Processed
res_dia235_utt1_20260803_004022_full.txt,dia235_utt1,Rachel,surprise,134,134,134,0,0,Processed
res_dia235_utt2_20260803_004055_full.txt,dia235_utt2,Monica,joy,163,113,113,0,0,Processed
res_dia235_utt3_20260803_004138_full.txt,dia235_utt3,Rachel,joy,233,233,233,1,12,Processed
res_dia235_utt4_20260803_004156_full.txt,dia235_utt4,Monica,surprise,84,84,84,0,0,Processed
res_dia235_utt5_20260803_004221_full.txt,dia235_utt5,Ross,joy,119,119,119,0,0,Processed
res_dia235_utt6_20260803_004322_full.txt,dia235_utt6,Monica,neutral,103,90,90,74,54,Processed
res_dia235_utt7_20260803_004346_full.txt,dia235_utt7,Monica and Ross,neutral,108,0,0,3,5,Speaker Not Trained
res_dia235_utt8_20260803_004400_full.txt,dia235_utt8,Monica,sadness,28,20,20,3,23,Processed
res_dia235_utt9_20260803_004421_full.txt,dia235_utt9,Chandler,neutral,64,64,64,0,0,Processed
res_dia236_utt0_20260803_004446_full.txt,dia236_utt0,Joey,joy,25,0,0,46,11,Speaker Not Found
res_dia236_utt10_20260803_004604_full.txt,dia236_utt10,The Vendor,neutral,54,0,0,78,33,Speaker Not Trained
res_dia236_utt11_20260803_004734_full.txt,dia236_utt11,Chandler,disgust,170,171,171,93,258,Processed
res_dia236_utt12_20260803_004831_full.txt,dia236_utt12,Joey,neutral,215,200,200,79,52,Processed
res_dia236_utt13_20260803_004844_full.txt,dia236_utt13,The Vendor,anger,15,0,0,15,0,Speaker Not Trained
res_dia236_utt14_20260803_004857_full.txt,dia236_utt14,Joey,joy,11,5,5,17,0,Processed
res_dia236_utt15_20260803_005003_full.txt,dia236_utt15,Chandler,anger,132,126,126,52,174,Processed
res_dia236_utt1_20260803_004526_full.txt,dia236_utt1,The Vendor,neutral,111,0,0,41,74,Speaker Not Trained
res_dia236_utt2_20260803_005056_full.txt,dia236_utt2,Joey,neutral,216,183,183,40,74,Processed
res_dia236_utt3_20260803_005155_full.txt,dia236_utt3,Chandler,neutral,81,81,81,108,101,Processed
res_dia236_utt4_20260803_005216_full.txt,dia236_utt4,Joey,neutral,47,47,47,47,0,Processed
res_dia236_utt5_20260803_005247_full.txt,dia236_utt5,Chandler,anger,90,90,90,19,77,Processed
res_dia236_utt6_20260803_005302_full.txt,dia236_utt6,Joey,surprise,35,35,35,0,0,Processed
res_dia236_utt7_20260803_005322_full.txt,dia236_utt7,Chandler,neutral,73,73,73,0,0,Processed
res_dia236_utt9_20260803_005411_full.txt,dia236_utt9,Chandler,neutral,100,99,99,108,0,Processed
res_dia237_utt0_20260803_005443_full.txt,dia237_utt0,Monica,surprise,57,57,57,34,67,Processed
res_dia237_utt10_20260803_005700_full.txt,dia237_utt10,Julio,neutral,246,0,0,175,248,Speaker Not Trained
res_dia237_utt11_20260803_005719_full.txt,dia237_utt11,Monica,neutral,49,49,49,0,49,Processed
res_dia237_utt1_20260803_005511_full.txt,dia237_utt1,Julio,surprise,40,0,0,40,40,Speaker Not Trained
res_dia237_utt2_20260803_005840_full.txt,dia237_utt2,Monica,anger,236,238,238,11,309,Processed
res_dia237_utt3_20260803_010003_full.txt,dia237_utt3,Monica,neutral,122,87,87,81,166,Processed
res_dia237_utt4_20260803_010033_full.txt,dia237_utt4,Julio,surprise,43,0,0,43,43,Speaker Not Trained
res_dia237_utt5_20260803_010043_full.txt,dia237_utt5,Monica,anger,3,0,0,3,3,Speaker Not Found
res_dia237_utt6_20260803_010123_full.txt,dia237_utt6,Julio,surprise,51,0,0,54,48,Speaker Not Trained
res_dia237_utt7_20260803_010201_full.txt,dia237_utt7,Monica,surprise,86,87,87,10,29,Processed
res_dia237_utt8_20260803_010249_full.txt,dia237_utt8,Julio,sadness,199,0,0,10,29,Speaker Not Trained
res_dia237_utt9_20260803_010325_full.txt,dia237_utt9,Monica,sadness,96,96,96,37,102,Processed
res_dia238_utt0_20260803_010446_full.txt,dia238_utt0,Ross,neutral,145,135,135,141,44,Processed
res_dia238_utt1_20260803_010504_full.txt,dia238_utt1,Phoebe,neutral,54,54,54,0,25,Processed
res_dia238_utt2_20260803_010522_full.txt,dia238_utt2,Phoebe,neutral,66,66,66,0,0,Processed
res_dia238_utt3_20260803_010538_full.txt,dia238_utt3,Phoebe,neutral,67,67,67,0,0,Processed
res_dia238_utt4_20260803_010608_full.txt,dia238_utt4,Phoebe,neutral,12,0,0,63,9,Speaker Not Found
res_dia238_utt5_20260803_010645_full.txt,dia238_utt5,Phoebe,neutral,54,24,24,62,17,Processed
res_dia238_utt6_20260803_010704_full.txt,dia238_utt6,Phoebe,neutral,30,30,30,6,68,Processed
res_dia239_utt0_20260803_010858_full.txt,dia239_utt0,Ross,neutral,188,49,49,143,488,Processed
res_dia239_utt1_20260803_010925_full.txt,dia239_utt1,Ross,neutral,53,53,53,0,157,Processed
res_dia239_utt2_20260803_011004_full.txt,dia239_utt2,Janine,joy,58,0,0,58,96,Speaker Not Trained
res_dia239_utt3_20260803_011049_full.txt,dia239_utt3,Ross,joy,117,117,117,70,147,Processed
res_dia239_utt4_20260803_011116_full.txt,dia239_utt4,Ross,neutral,60,60,60,24,68,Processed
res_dia239_utt5_20260803_011140_full.txt,dia239_utt5,Janine,fear,42,0,0,27,42,Speaker Not Trained
res_dia239_utt6_20260803_011153_full.txt,dia239_utt6,Chandler,joy,32,32,32,0,32,Processed
res_dia23_utt0_20260801_055848_full.txt,dia23_utt0,Monica,surprise,158,90,90,54,122,Processed
res_dia23_utt1_20260801_055939_full.txt,dia23_utt1,Chandler,anger,50,50,50,0,88,Processed
res_dia23_utt2_20260801_060016_full.txt,dia23_utt2,Phoebe,surprise,37,36,36,12,43,Processed
res_dia23_utt3_20260801_060111_full.txt,dia23_utt3,Rachel,joy,31,0,0,30,79,Speaker Not Found
res_dia23_utt4_20260801_060148_full.txt,dia23_utt4,Monica,neutral,27,0,0,21,53,Speaker Not Found
res_dia23_utt5_20260801_060219_full.txt,dia23_utt5,Ross,neutral,22,22,22,0,0,Processed
res_dia23_utt6_20260801_060246_full.txt,dia23_utt6,Rachel,neutral,52,50,50,2,0,Processed
res_dia23_utt7_20260801_060328_full.txt,dia23_utt7,Monica,neutral,49,0,0,0,45,Speaker Not Found
res_dia23_utt8_20260801_060556_full.txt,dia23_utt8,Chandler,surprise,341,341,341,1,182,Processed
res_dia240_utt0_20260803_011354_full.txt,dia240_utt0,Monica,neutral,117,78,78,238,154,Processed
res_dia240_utt1_20260803_011518_full.txt,dia240_utt1,David,neutral,157,0,0,115,73,Speaker Not Trained
res_dia240_utt2_20260803_011613_full.txt,dia240_utt2,Monica,neutral,85,88,88,57,88,Processed
res_dia240_utt3_20260803_011700_full.txt,dia240_utt3,Chandler,fear,83,90,90,85,88,Processed
res_dia240_utt4_20260803_011747_full.txt,dia240_utt4,Monica,neutral,54,54,54,57,129,Processed
res_dia240_utt5_20260803_011852_full.txt,dia240_utt5,Phoebe,neutral,110,87,87,58,232,Processed
res_dia240_utt6_20260803_012215_full.txt,dia240_utt6,Phoebe,neutral,299,234,234,361,340,Processed
res_dia241_utt0_20260803_012323_full.txt,dia241_utt0,Phoebe,anger,99,78,78,100,266,Processed
res_dia241_utt10_20260803_012420_full.txt,dia241_utt10,Phoebe,joy,77,0,0,0,84,Speaker Not Found
res_dia241_utt11_20260803_012525_full.txt,dia241_utt11,Joey,disgust,133,133,133,91,373,Processed
res_dia241_utt12_20260803_012556_full.txt,dia241_utt12,Rachel,disgust,64,0,0,61,117,Speaker Not Found
res_dia241_utt13_20260803_012619_full.txt,dia241_utt13,Joey,disgust,37,37,37,37,56,Processed
res_dia241_utt1_20260803_012356_full.txt,dia241_utt1,Phoebe,sadness,100,100,100,0,261,Processed
res_dia241_utt2_20260803_012629_full.txt,dia241_utt2,Phoebe,neutral,7,7,7,0,21,Processed
res_dia241_utt3_20260803_012639_full.txt,dia241_utt3,Phoebe,anger,3,3,3,0,9,Processed
res_dia241_utt4_20260803_012708_full.txt,dia241_utt4,Phoebe,joy,92,92,92,0,276,Processed
res_dia241_utt5_20260803_012722_full.txt,dia241_utt5,Rachel,anger,37,37,37,0,1,Processed
res_dia241_utt6_20260803_012737_full.txt,dia241_utt6,Phoebe,neutral,31,31,31,0,63,Processed
res_dia241_utt7_20260803_012800_full.txt,dia241_utt7,Rachel,neutral,82,0,0,0,103,Speaker Not Found
res_dia241_utt8_20260803_012835_full.txt,dia241_utt8,Phoebe,anger,124,124,124,0,372,Processed
res_dia241_utt9_20260803_012959_full.txt,dia241_utt9,Rachel,neutral,147,77,77,174,117,Processed
res_dia242_utt0_20260803_013017_full.txt,dia242_utt0,Chandler,joy,55,55,55,0,55,Processed
res_dia242_utt1_20260803_013102_full.txt,dia242_utt1,Julie,neutral,59,0,0,73,45,Speaker Not Trained
res_dia242_utt2_20260803_013119_full.txt,dia242_utt2,Chandler,neutral,64,64,64,0,0,Processed
res_dia242_utt3_20260803_013133_full.txt,dia242_utt3,Monica,neutral,49,49,49,0,0,Processed
res_dia242_utt4_20260803_013232_full.txt,dia242_utt4,Chandler,neutral,242,242,242,3,180,Processed
res_dia242_utt5_20260803_013303_full.txt,dia242_utt5,Julie,surprise,49,0,0,55,43,Speaker Not Trained
res_dia242_utt6_20260803_013344_full.txt,dia242_utt6,Chandler,sadness,139,139,139,0,134,Processed
res_dia243_utt0_20260803_013427_full.txt,dia243_utt0,Ross,joy,45,44,44,81,42,Processed
res_dia243_utt1_20260803_013531_full.txt,dia243_utt1,Rachel,surprise,94,66,66,116,60,Processed
res_dia244_utt0_20260803_013552_full.txt,dia244_utt0,Ross,neutral,39,36,36,32,5,Processed
res_dia244_utt1_20260803_013619_full.txt,dia244_utt1,Ross,neutral,79,74,74,5,92,Processed
res_dia244_utt3_20260803_013645_full.txt,dia244_utt3,Ross,neutral,82,82,82,0,82,Processed
res_dia244_utt4_20260803_013704_full.txt,dia244_utt4,Rachel,fear,45,45,45,5,44,Processed
res_dia244_utt5_20260803_013728_full.txt,dia244_utt5,Ross,neutral,65,65,65,0,65,Processed
res_dia244_utt6_20260803_013758_full.txt,dia244_utt6,Ross,neutral,135,135,135,4,34,Processed
res_dia245_utt0_20260803_013815_full.txt,dia245_utt0,Phoebe,joy,32,32,32,1,30,Processed
res_dia245_utt10_20260803_013948_full.txt,dia245_utt10,Phoebe,disgust,106,0,0,17,63,Speaker Not Found
res_dia245_utt11_20260803_014027_full.txt,dia245_utt11,Monica,disgust,97,99,99,30,65,Processed
res_dia245_utt12_20260803_014042_full.txt,dia245_utt12,Monica,surprise,22,22,22,9,13,Processed
res_dia245_utt13_20260803_014059_full.txt,dia245_utt13,Monica,sadness,39,37,37,2,39,Processed
res_dia245_utt14_20260803_014137_full.txt,dia245_utt14,Monica,surprise,98,97,97,10,89,Processed
res_dia245_utt15_20260803_014207_full.txt,dia245_utt15,Monica,sadness,96,96,96,0,96,Processed
res_dia245_utt16_20260803_014243_full.txt,dia245_utt16,Phoebe,neutral,50,50,50,3,97,Processed
res_dia245_utt1_20260803_013909_full.txt,dia245_utt1,Phoebe,joy,194,194,194,16,83,Processed
res_dia245_utt2_20260803_014315_full.txt,dia245_utt2,Monica,joy,49,49,49,17,78,Processed
res_dia245_utt3_20260803_014408_full.txt,dia245_utt3,Phoebe,joy,74,55,55,81,124,Processed
res_dia245_utt4_20260803_014431_full.txt,dia245_utt4,Monica,neutral,66,66,66,3,25,Processed
res_dia245_utt5_20260803_014501_full.txt,dia245_utt5,Phoebe,joy,126,110,110,3,25,Processed
res_dia245_utt6_20260803_014529_full.txt,dia245_utt6,Monica,neutral,49,49,49,23,78,Processed
res_dia245_utt7_20260803_014625_full.txt,dia245_utt7,Phoebe,joy,136,112,112,31,205,Processed
res_dia245_utt8_20260803_014655_full.txt,dia245_utt8,Monica,joy,124,72,72,22,30,Processed
res_dia245_utt9_20260803_014757_full.txt,dia245_utt9,Monica,sadness,237,185,185,34,98,Processed
res_dia246_utt0_20260803_014811_full.txt,dia246_utt0,Ross,joy,49,49,49,0,0,Processed
res_dia246_utt1_20260803_014836_full.txt,dia246_utt1,Mona,sadness,115,0,0,1,36,Speaker Not Trained
res_dia246_utt2_20260803_014902_full.txt,dia246_utt2,Rachel,neutral,47,47,47,10,48,Processed
res_dia246_utt3_20260803_014941_full.txt,dia246_utt3,Rachel,neutral,139,139,139,5,134,Processed
res_dia246_utt4_20260803_014957_full.txt,dia246_utt4,Rachel,neutral,43,43,43,0,43,Processed
res_dia246_utt5_20260803_015017_full.txt,dia246_utt5,Ross,neutral,54,54,54,0,54,Processed
res_dia246_utt6_20260803_015119_full.txt,dia246_utt6,Rachel,neutral,255,254,254,14,230,Processed
res_dia247_utt0_20260803_015136_full.txt,dia247_utt0,Joey,neutral,66,60,60,9,8,Processed
res_dia247_utt1_20260803_015152_full.txt,dia247_utt1,Phoebe,surprise,51,51,51,0,17,Processed
res_dia247_utt2_20260803_015210_full.txt,dia247_utt2,Joey,joy,77,77,77,0,0,Processed
res_dia248_utt0_20260803_015222_full.txt,dia248_utt0,Phoebe,neutral,16,0,0,0,26,Speaker Not Found
res_dia248_utt1_20260803_015233_full.txt,dia248_utt1,Phoebe,anger,19,11,11,0,14,Processed
res_dia248_utt3_20260803_015247_full.txt,dia248_utt3,Phoebe,joy,44,44,44,0,0,Processed
res_dia248_utt4_20260803_015301_full.txt,dia248_utt4,Phoebe,joy,49,49,49,0,0,Processed
res_dia248_utt5_20260803_015335_full.txt,dia248_utt5,Monica,anger,119,119,119,50,0,Processed
res_dia248_utt6_20260803_015406_full.txt,dia248_utt6,Phoebe,joy,78,59,59,19,78,Processed
res_dia248_utt7_20260803_015429_full.txt,dia248_utt7,Monica,anger,86,82,82,1,39,Processed
res_dia249_utt0_20260803_015447_full.txt,dia249_utt0,Rachel,neutral,70,70,70,0,0,Processed
res_dia249_utt10_20260803_015604_full.txt,dia249_utt10,Joey,joy,44,44,44,72,45,Processed
res_dia249_utt11_20260803_015635_full.txt,dia249_utt11,Joey,neutral,84,84,84,6,86,Processed
res_dia249_utt13_20260803_015714_full.txt,dia249_utt13,Joey,joy,113,83,83,30,113,Processed
res_dia249_utt1_20260803_015526_full.txt,dia249_utt1,Joey,neutral,210,210,210,0,0,Processed
res_dia249_utt2_20260803_015739_full.txt,dia249_utt2,Monica,neutral,118,118,118,0,0,Processed
res_dia249_utt3_20260803_015826_full.txt,dia249_utt3,Joey,joy,55,11,11,92,4,Processed
res_dia249_utt4_20260803_015919_full.txt,dia249_utt4,Joey,sadness,119,100,100,140,0,Processed
res_dia249_utt5_20260803_015954_full.txt,dia249_utt5,Joey,sadness,78,78,78,78,78,Processed
res_dia249_utt6_20260803_020024_full.txt,dia249_utt6,Monica,sadness,86,86,86,0,107,Processed
res_dia249_utt7_20260803_020050_full.txt,dia249_utt7,Joey,joy,62,62,62,62,62,Processed
res_dia249_utt8_20260803_020126_full.txt,dia249_utt8,Monica,neutral,94,94,94,0,94,Processed
res_dia249_utt9_20260803_020145_full.txt,dia249_utt9,Joey,joy,18,18,18,28,10,Processed
res_dia24_utt0_20260801_060643_full.txt,dia24_utt0,Rachel,neutral,88,88,88,1,62,Processed
res_dia24_utt1_20260801_060733_full.txt,dia24_utt1,Rachel,neutral,112,0,0,0,15,Speaker Not Found
res_dia24_utt2_20260801_060814_full.txt,dia24_utt2,Rachel,neutral,46,0,0,33,5,Speaker Not Found
res_dia24_utt3_20260801_060848_full.txt,dia24_utt3,Ross,joy,38,38,38,0,38,Processed
res_dia24_utt4_20260801_060917_full.txt,dia24_utt4,Rachel,surprise,27,27,27,12,15,Processed
res_dia24_utt5_20260801_061013_full.txt,dia24_utt5,Ross,neutral,87,87,87,0,87,Processed
res_dia24_utt6_20260801_061106_full.txt,dia24_utt6,Ross,neutral,79,79,79,0,79,Processed
res_dia24_utt7_20260801_061158_full.txt,dia24_utt7,Rachel,joy,93,76,76,0,63,Processed
res_dia24_utt8_20260801_061259_full.txt,dia24_utt8,Ross,fear,106,105,105,19,66,Processed
res_dia250_utt0_20260803_020246_full.txt,dia250_utt0,Phoebe,surprise,178,57,57,117,5,Processed
res_dia250_utt1_20260803_020300_full.txt,dia250_utt1,Chandler,joy,40,40,40,1,0,Processed
res_dia250_utt2_20260803_020320_full.txt,dia250_utt2,Phoebe,surprise,57,0,0,7,57,Speaker Not Found
res_dia250_utt3_20260803_020354_full.txt,dia250_utt3,Chandler,joy,137,120,120,18,30,Processed
res_dia250_utt4_20260803_020420_full.txt,dia250_utt4,Phoebe,surprise,104,89,89,1,0,Processed
res_dia250_utt5_20260803_020442_full.txt,dia250_utt5,Monica,neutral,44,44,44,4,30,Processed
res_dia250_utt6_20260803_020453_full.txt,dia250_utt6,Rachel,neutral,5,0,0,5,14,Speaker Not Found
res_dia251_utt0_20260803_020537_full.txt,dia251_utt0,Rachel,anger,171,148,148,29,117,Processed
res_dia251_utt1_20260803_020607_full.txt,dia251_utt1,Rachel,neutral,77,77,77,39,8,Processed
res_dia251_utt2_20260803_020628_full.txt,dia251_utt2,Ross,neutral,64,39,39,23,2,Processed
res_dia251_utt3_20260803_020646_full.txt,dia251_utt3,Rachel,neutral,23,0,0,26,0,Speaker Not Found
res_dia251_utt4_20260803_020657_full.txt,dia251_utt4,Ross,neutral,18,16,16,2,0,Processed
res_dia251_utt5_20260803_020730_full.txt,dia251_utt5,Rachel,neutral,139,131,131,8,0,Processed
res_dia251_utt6_20260803_020753_full.txt,dia251_utt6,Joey,sadness,39,0,0,35,4,Speaker Not Found
res_dia252_utt0_20260803_020900_full.txt,dia252_utt0,Ross,neutral,41,41,41,119,51,Processed
res_dia252_utt10_20260803_021153_full.txt,dia252_utt10,Dr. Baldhara,neutral,67,0,0,81,37,Speaker Not Trained
res_dia252_utt13_20260803_021217_full.txt,dia252_utt13,Dr. Baldhara,neutral,55,0,0,15,40,Speaker Not Trained
res_dia252_utt14_20260803_021245_full.txt,dia252_utt14,Joey,joy,74,72,72,13,59,Processed
res_dia252_utt15_20260803_021359_full.txt,dia252_utt15,Joey,neutral,79,77,77,150,18,Processed
res_dia252_utt16_20260803_021425_full.txt,dia252_utt16,Chandler,neutral,39,39,39,31,49,Processed
res_dia252_utt17_20260803_021619_full.txt,dia252_utt17,Ross,joy,158,158,158,252,50,Processed
res_dia252_utt18_20260803_021724_full.txt,dia252_utt18,Dr. Baldhara,disgust,75,0,0,120,33,Speaker Not Trained
res_dia252_utt19_20260803_021847_full.txt,dia252_utt19,Dr. Baldhara,neutral,132,0,0,179,0,Speaker Not Trained
res_dia252_utt1_20260803_021105_full.txt,dia252_utt1,Dr. Baldhara,neutral,136,0,0,266,125,Speaker Not Trained
res_dia252_utt2_20260803_021931_full.txt,dia252_utt2,Dr. Baldhara,neutral,63,0,0,64,48,Speaker Not Trained
res_dia252_utt3_20260803_021955_full.txt,dia252_utt3,Ross,neutral,29,29,29,31,23,Processed
res_dia252_utt4_20260803_022022_full.txt,dia252_utt4,Dr. Baldhara,neutral,48,0,0,48,1,Speaker Not Trained
res_dia252_utt5_20260803_022041_full.txt,dia252_utt5,Ross,neutral,50,50,50,2,39,Processed
res_dia252_utt6_20260803_022138_full.txt,dia252_utt6,Dr. Baldhara,neutral,78,0,0,91,52,Speaker Not Trained
res_dia252_utt7_20260803_022204_full.txt,dia252_utt7,Ross,neutral,59,59,59,34,2,Processed
res_dia252_utt8_20260803_022246_full.txt,dia252_utt8,Dr. Baldhara,neutral,73,0,0,75,0,Speaker Not Trained
res_dia252_utt9_20260803_022310_full.txt,dia252_utt9,Ross,neutral,63,63,63,12,92,Processed
res_dia253_utt0_20260803_022339_full.txt,dia253_utt0,Chandler,neutral,155,155,155,0,0,Processed
res_dia253_utt10_20260803_022429_full.txt,dia253_utt10,Chandler,joy,119,119,119,0,0,Processed
res_dia253_utt11_20260803_022451_full.txt,dia253_utt11,Janice,neutral,55,0,0,7,55,Speaker Not Trained
res_dia253_utt1_20260803_022404_full.txt,dia253_utt1,Chandler,joy,51,51,51,31,20,Processed
res_dia253_utt2_20260803_022504_full.txt,dia253_utt2,Chandler,surprise,24,4,4,13,19,Processed
res_dia253_utt3_20260803_022519_full.txt,dia253_utt3,Chandler,surprise,41,41,41,0,0,Processed
res_dia253_utt4_20260803_022537_full.txt,dia253_utt4,Janice,neutral,31,0,0,0,25,Speaker Not Trained
res_dia253_utt5_20260803_022605_full.txt,dia253_utt5,Janice,joy,105,0,0,2,105,Speaker Not Trained
res_dia253_utt6_20260803_022618_full.txt,dia253_utt6,Janice,surprise,35,0,0,0,17,Speaker Not Trained
res_dia253_utt7_20260803_022635_full.txt,dia253_utt7,Janice,neutral,32,0,0,0,32,Speaker Not Trained
res_dia253_utt8_20260803_022658_full.txt,dia253_utt8,Chandler,joy,103,102,102,1,2,Processed
res_dia253_utt9_20260803_022726_full.txt,dia253_utt9,Janice,fear,109,0,0,1,75,Speaker Not Trained
res_dia254_utt0_20260803_022745_full.txt,dia254_utt0,Monica,fear,57,57,57,7,50,Processed
res_dia254_utt1_20260803_022805_full.txt,dia254_utt1,Monica,anger,84,53,53,1,6,Processed
res_dia254_utt2_20260803_022822_full.txt,dia254_utt2,Phoebe,anger,41,0,0,4,27,Speaker Not Found
res_dia254_utt3_20260803_022830_full.txt,dia254_utt3,Monica,anger,2,1,1,1,2,Processed
res_dia254_utt4_20260803_022852_full.txt,dia254_utt4,Phoebe,anger,51,37,37,36,13,Processed
res_dia254_utt5_20260803_022905_full.txt,dia254_utt5,Monica,anger,28,23,23,0,25,Processed
res_dia254_utt6_20260803_022917_full.txt,dia254_utt6,Phoebe,anger,19,19,19,0,19,Processed
res_dia254_utt7_20260803_022935_full.txt,dia254_utt7,Monica,neutral,28,0,0,1,50,Speaker Not Found
res_dia254_utt8_20260803_022957_full.txt,dia254_utt8,Monica,joy,39,29,29,4,45,Processed
res_dia254_utt9_20260803_023020_full.txt,dia254_utt9,Phoebe,anger,57,56,56,0,56,Processed
res_dia255_utt0_20260803_023053_full.txt,dia255_utt0,Monica,disgust,165,150,150,13,23,Processed
res_dia255_utt10_20260803_023123_full.txt,dia255_utt10,Monica,anger,34,34,34,0,3,Processed
res_dia255_utt11_20260803_023150_full.txt,dia255_utt11,Monica,anger,82,79,79,17,0,Processed
res_dia255_utt12_20260803_023208_full.txt,dia255_utt12,Monica,joy,46,35,35,11,0,Processed
res_dia255_utt13_20260803_023238_full.txt,dia255_utt13,Monica,disgust,126,126,126,21,0,Processed
res_dia255_utt14_20260803_023256_full.txt,dia255_utt14,Monica,disgust,53,53,53,16,0,Processed
res_dia255_utt15_20260803_023314_full.txt,dia255_utt15,Young Ethan,neutral,38,0,0,17,0,Speaker Not Trained
res_dia255_utt1_20260803_023109_full.txt,dia255_utt1,Young Ethan,neutral,57,0,0,3,0,Speaker Not Trained
res_dia255_utt2_20260803_023337_full.txt,dia255_utt2,Monica,surprise,80,77,77,8,0,Processed
res_dia255_utt3_20260803_023354_full.txt,dia255_utt3,Young Ethan,neutral,64,0,0,1,0,Speaker Not Trained
res_dia255_utt4_20260803_023428_full.txt,dia255_utt4,Monica,disgust,192,188,188,4,0,Processed
res_dia255_utt5_20260803_023451_full.txt,dia255_utt5,Young Ethan,joy,74,0,0,10,0,Speaker Not Trained
res_dia255_utt6_20260803_023505_full.txt,dia255_utt6,Monica,fear,25,24,24,3,23,Processed
res_dia255_utt7_20260803_023523_full.txt,dia255_utt7,Young Ethan,joy,25,0,0,25,25,Speaker Not Trained
res_dia255_utt8_20260803_023542_full.txt,dia255_utt8,Monica,surprise,34,34,34,16,18,Processed
res_dia255_utt9_20260803_023614_full.txt,dia255_utt9,Young Ethan,sadness,48,0,0,48,43,Speaker Not Trained
res_dia256_utt0_20260803_023848_full.txt,dia256_utt0,Rachel,sadness,133,66,66,323,336,Processed
res_dia256_utt10_20260803_024132_full.txt,dia256_utt10,Rachel,sadness,61,61,61,44,60,Processed
res_dia256_utt11_20260803_024146_full.txt,dia256_utt11,Rachel,anger,32,31,31,11,44,Processed
res_dia256_utt12_20260803_024208_full.txt,dia256_utt12,Rachel,anger,15,16,16,12,5,Processed
res_dia256_utt13_20260803_024241_full.txt,dia256_utt13,Rachel,anger,18,2,2,34,18,Processed
res_dia256_utt14_20260803_024308_full.txt,dia256_utt14,Rachel,anger,37,2,2,43,8,Processed
res_dia256_utt15_20260803_024402_full.txt,dia256_utt15,Chandler,neutral,50,47,47,116,111,Processed
res_dia256_utt1_20260803_024107_full.txt,dia256_utt1,Ross,neutral,106,106,106,289,206,Processed
res_dia256_utt2_20260803_024627_full.txt,dia256_utt2,Rachel,anger,173,111,111,236,351,Processed
res_dia256_utt3_20260803_024651_full.txt,dia256_utt3,Ross,neutral,104,104,104,0,0,Processed
res_dia256_utt4_20260803_024711_full.txt,dia256_utt4,Ross,neutral,51,51,51,0,54,Processed
res_dia256_utt5_20260803_024755_full.txt,dia256_utt5,Ross,neutral,99,99,99,33,174,Processed
res_dia256_utt6_20260803_024832_full.txt,dia256_utt6,Ross,anger,90,90,90,29,103,Processed
res_dia256_utt7_20260803_024906_full.txt,dia256_utt7,Rachel,joy,126,126,126,1,420,Processed
res_dia256_utt8_20260803_024921_full.txt,dia256_utt8,Phoebe,neutral,57,57,57,0,11,Processed
res_dia256_utt9_20260803_024945_full.txt,dia256_utt9,Rachel,neutral,36,43,43,36,32,Processed
res_dia257_utt0_20260803_025018_full.txt,dia257_utt0,Joey,joy,179,179,179,0,0,Processed
res_dia257_utt1_20260803_025035_full.txt,dia257_utt1,Rachel,fear,63,63,63,0,0,Processed
res_dia257_utt2_20260803_025048_full.txt,dia257_utt2,Rachel,fear,32,7,7,2,4,Processed
res_dia257_utt3_20260803_025056_full.txt,dia257_utt3,Rachel,neutral,3,0,0,0,0,Speaker Not Found
res_dia257_utt4_20260803_025126_full.txt,dia257_utt4,Rachel,sadness,77,0,0,38,26,Speaker Not Found
res_dia257_utt5_20260803_025136_full.txt,dia257_utt5,Rachel,fear,3,0,0,3,3,Speaker Not Found
res_dia257_utt6_20260803_025153_full.txt,dia257_utt6,Joey,fear,49,49,49,0,49,Processed
res_dia258_utt0_20260803_025214_full.txt,dia258_utt0,Chandler,joy,37,37,37,38,36,Processed
res_dia258_utt1_20260803_025252_full.txt,dia258_utt1,Monica,neutral,60,52,52,60,129,Processed
res_dia258_utt2_20260803_025411_full.txt,dia258_utt2,Chandler,surprise,72,72,72,157,38,Processed
res_dia258_utt3_20260803_025658_full.txt,dia258_utt3,Chandler,neutral,165,165,165,343,79,Processed
res_dia258_utt4_20260803_025828_full.txt,dia258_utt4,Chandler,neutral,87,90,90,167,25,Processed
res_dia258_utt5_20260803_030000_full.txt,dia258_utt5,Monica,neutral,319,256,256,95,59,Processed
res_dia258_utt6_20260803_030040_full.txt,dia258_utt6,Chandler,joy,50,50,50,46,116,Processed
res_dia259_utt0_20260803_030134_full.txt,dia259_utt0,Dr. Leedbetter,fear,82,0,0,87,77,Speaker Not Trained
res_dia259_utt1_20260803_030154_full.txt,dia259_utt1,Ross,fear,66,66,66,0,0,Processed
res_dia25_utt0_20260801_061426_full.txt,dia25_utt0,Mr. Treeger,joy,85,0,0,98,12,Speaker Not Trained
res_dia25_utt10_20260801_061633_full.txt,dia25_utt10,Mr. Treeger,neutral,86,0,0,86,0,Speaker Not Trained
res_dia25_utt11_20260801_061657_full.txt,dia25_utt11,Joey,surprise,26,26,26,0,0,Processed
res_dia25_utt12_20260801_061801_full.txt,dia25_utt12,Mr. Treeger,neutral,63,0,0,63,3,Speaker Not Trained
res_dia25_utt13_20260801_061834_full.txt,dia25_utt13,Joey,neutral,36,33,33,3,0,Processed
res_dia25_utt1_20260801_061522_full.txt,dia25_utt1,Joey,joy,84,0,0,19,62,Speaker Not Found
res_dia25_utt2_20260801_062111_full.txt,dia25_utt2,Mr. Treeger,joy,183,0,0,120,182,Speaker Not Trained
res_dia25_utt3_20260801_062203_full.txt,dia25_utt3,Joey,joy,96,88,88,13,83,Processed
res_dia25_utt4_20260801_062243_full.txt,dia25_utt4,Mr. Treeger,neutral,36,0,0,11,61,Speaker Not Trained
res_dia25_utt5_20260801_062328_full.txt,dia25_utt5,Joey,neutral,96,92,92,4,0,Processed
res_dia25_utt6_20260801_062542_full.txt,dia25_utt6,Mr. Treeger,neutral,198,0,0,160,0,Speaker Not Trained
res_dia25_utt7_20260801_062605_full.txt,dia25_utt7,Joey,neutral,15,15,15,0,0,Processed
res_dia25_utt8_20260801_062627_full.txt,dia25_utt8,Mr. Treeger,neutral,15,0,0,0,0,Speaker Not Trained
res_dia25_utt9_20260801_062656_full.txt,dia25_utt9,Joey,neutral,54,54,54,26,0,Processed
res_dia260_utt0_20260803_030227_full.txt,dia260_utt0,Joey,neutral,34,29,29,5,0,Processed
res_dia260_utt10_20260803_030319_full.txt,dia260_utt10,Ross,fear,78,78,78,2,82,Processed
res_dia260_utt11_20260803_030340_full.txt,dia260_utt11,Phoebe,anger,75,57,57,12,0,Processed
res_dia260_utt1_20260803_030253_full.txt,dia260_utt1,Phoebe,anger,59,59,59,55,8,Processed
res_dia260_utt2_20260803_030411_full.txt,dia260_utt2,Joey,surprise,62,0,0,35,85,Speaker Not Found
res_dia260_utt3_20260803_030419_full.txt,dia260_utt3,Phoebe,sadness,2,2,2,3,3,Processed
res_dia260_utt4_20260803_030437_full.txt,dia260_utt4,Phoebe,sadness,81,81,81,1,4,Processed
res_dia260_utt5_20260803_030456_full.txt,dia260_utt5,Phoebe,sadness,30,30,30,13,30,Processed
res_dia260_utt6_20260803_030518_full.txt,dia260_utt6,Rachel,sadness,52,52,52,0,52,Processed
res_dia260_utt7_20260803_030559_full.txt,dia260_utt7,Phoebe,sadness,169,54,54,12,76,Processed
res_dia260_utt8_20260803_030613_full.txt,dia260_utt8,Chandler,neutral,49,49,49,0,27,Processed
res_dia260_utt9_20260803_030642_full.txt,dia260_utt9,Phoebe,neutral,134,0,0,0,27,Speaker Not Found
res_dia261_utt0_20260803_030656_full.txt,dia261_utt0,Phoebe,surprise,35,35,35,0,10,Processed
res_dia261_utt1_20260803_030729_full.txt,dia261_utt1,Phoebe Sr.,surprise,49,0,0,35,90,Speaker Not Trained
res_dia261_utt2_20260803_030747_full.txt,dia261_utt2,Phoebe,neutral,45,45,45,12,20,Processed
res_dia261_utt3_20260803_030817_full.txt,dia261_utt3,Phoebe Sr.,joy,49,0,0,25,60,Speaker Not Trained
res_dia261_utt4_20260803_030901_full.txt,dia261_utt4,Phoebe,anger,129,100,100,42,118,Processed
res_dia261_utt5_20260803_031014_full.txt,dia261_utt5,Phoebe Sr.,anger,104,0,0,113,271,Speaker Not Trained
res_dia261_utt6_20260803_031039_full.txt,dia261_utt6,Phoebe,neutral,104,105,105,0,47,Processed
res_dia261_utt7_20260803_031103_full.txt,dia261_utt7,Phoebe Sr.,surprise,43,0,0,43,0,Speaker Not Trained
res_dia261_utt8_20260803_031129_full.txt,dia261_utt8,Phoebe,sadness,78,80,80,12,61,Processed
res_dia262_utt0_20260803_031202_full.txt,dia262_utt0,Phoebe,neutral,29,12,12,50,42,Processed
res_dia262_utt1_20260803_031227_full.txt,dia262_utt1,Phoebe,neutral,42,42,42,31,54,Processed
res_dia262_utt2_20260803_031325_full.txt,dia262_utt2,Phoebe,neutral,96,73,73,6,199,Processed
res_dia262_utt3_20260803_031740_full.txt,dia262_utt3,Chandler,sadness,364,320,320,380,947,Processed
res_dia262_utt4_20260803_031751_full.txt,dia262_utt4,Janice,anger,7,0,0,0,19,Speaker Not Trained
res_dia263_utt0_20260803_031843_full.txt,dia263_utt0,Phoebe,surprise,88,58,58,60,136,Processed
res_dia263_utt1_20260803_032019_full.txt,dia263_utt1,Monica,surprise,139,118,118,131,274,Processed
res_dia263_utt2_20260803_032158_full.txt,dia263_utt2,Phoebe,neutral,84,35,35,157,136,Processed
res_dia263_utt3_20260803_032250_full.txt,dia263_utt3,Monica,surprise,42,55,55,42,146,Processed
res_dia263_utt4_20260803_032309_full.txt,dia263_utt4,Phoebe,neutral,64,64,64,0,64,Processed
res_dia263_utt5_20260803_032434_full.txt,dia263_utt5,Phoebe,neutral,248,248,248,41,372,Processed
res_dia263_utt6_20260803_032551_full.txt,dia263_utt6,Monica,joy,215,216,216,87,207,Processed
res_dia263_utt7_20260803_032609_full.txt,dia263_utt7,Monica,disgust,47,47,47,0,47,Processed
res_dia263_utt8_20260803_032737_full.txt,dia263_utt8,Phoebe,joy,114,67,67,121,235,Processed
res_dia264_utt0_20260803_032750_full.txt,dia264_utt0,Chandler,neutral,26,26,26,6,0,Processed
res_dia264_utt10_20260803_032833_full.txt,dia264_utt10,Ross,neutral,43,18,18,25,0,Processed
res_dia264_utt11_20260803_032853_full.txt,dia264_utt11,Ross,neutral,51,51,51,18,1,Processed
res_dia264_utt12_20260803_032916_full.txt,dia264_utt12,Ross,neutral,32,32,32,27,5,Processed
res_dia264_utt13_20260803_032948_full.txt,dia264_utt13,Chandler,neutral,87,87,87,17,6,Processed
res_dia264_utt14_20260803_033016_full.txt,dia264_utt14,Ross,neutral,77,65,65,0,12,Processed
res_dia264_utt15_20260803_033103_full.txt,dia264_utt15,Ross,joy,121,121,121,0,121,Processed
res_dia264_utt16_20260803_033122_full.txt,dia264_utt16,Chandler,neutral,35,35,35,5,30,Processed
res_dia264_utt17_20260803_033140_full.txt,dia264_utt17,Ross,neutral,71,0,0,2,1,Speaker Not Found
res_dia264_utt18_20260803_033158_full.txt,dia264_utt18,Chandler,neutral,69,69,69,3,16,Processed
res_dia264_utt1_20260803_032817_full.txt,dia264_utt1,Ross,neutral,136,136,136,1,5,Processed
res_dia264_utt2_20260803_033211_full.txt,dia264_utt2,Chandler,surprise,36,14,14,0,10,Processed
res_dia264_utt3_20260803_033234_full.txt,dia264_utt3,Ross,neutral,97,97,97,0,0,Processed
res_dia264_utt4_20260803_033252_full.txt,dia264_utt4,Chandler,joy,71,71,71,0,0,Processed
res_dia264_utt5_20260803_033301_full.txt,dia264_utt5,Ross,neutral,16,16,16,0,0,Processed
res_dia264_utt6_20260803_033316_full.txt,dia264_utt6,Chandler,neutral,50,49,49,1,0,Processed
res_dia264_utt7_20260803_033335_full.txt,dia264_utt7,Ross,anger,58,58,58,3,38,Processed
res_dia264_utt8_20260803_033358_full.txt,dia264_utt8,Chandler,fear,96,96,96,7,0,Processed
res_dia264_utt9_20260803_033410_full.txt,dia264_utt9,Ross,neutral,20,20,20,0,0,Processed
res_dia265_utt0_20260803_033449_full.txt,dia265_utt0,Janice,anger,88,0,0,43,111,Speaker Not Trained
res_dia265_utt1_20260803_033513_full.txt,dia265_utt1,Monica,neutral,30,32,32,1,85,Processed
res_dia265_utt2_20260803_033605_full.txt,dia265_utt2,Janice,anger,145,0,0,31,237,Speaker Not Trained
res_dia265_utt3_20260803_033636_full.txt,dia265_utt3,Monica,neutral,83,68,68,15,151,Processed
res_dia265_utt4_20260803_033716_full.txt,dia265_utt4,Janice,sadness,153,0,0,3,122,Speaker Not Trained
res_dia266_utt0_20260803_033747_full.txt,dia266_utt0,Chandler,neutral,115,0,0,13,115,Speaker Not Found
res_dia267_utt0_20260803_033821_full.txt,dia267_utt0,Chandler,neutral,78,0,0,2,185,Speaker Not Found
res_dia268_utt0_20260803_033847_full.txt,dia268_utt0,Chandler,surprise,45,45,45,20,25,Processed
res_dia268_utt1_20260803_033909_full.txt,dia268_utt1,Chandler,neutral,72,14,14,2,14,Processed
res_dia269_utt0_20260803_033953_full.txt,dia269_utt0,Monica,neutral,76,76,76,17,284,Processed
res_dia269_utt1_20260803_034154_full.txt,dia269_utt1,Janice,surprise,345,0,0,42,402,Speaker Not Trained
res_dia26_utt0_20260801_062831_full.txt,dia26_utt0,Ross,surprise,85,53,53,71,124,Processed
res_dia26_utt10_20260801_063022_full.txt,dia26_utt10,The Casting Director,neutral,66,0,0,46,70,Speaker Not Trained
res_dia26_utt11_20260801_063240_full.txt,dia26_utt11,Joey,sadness,134,134,134,137,172,Processed
res_dia26_utt12_20260801_063451_full.txt,dia26_utt12,Ross,neutral,66,73,73,115,60,Processed
res_dia26_utt13_20260801_063541_full.txt,dia26_utt13,Ross,neutral,87,87,87,20,0,Processed
res_dia26_utt1_20260801_062916_full.txt,dia26_utt1,Joey,neutral,72,72,72,19,69,Processed
res_dia26_utt2_20260801_063656_full.txt,dia26_utt2,Carol,surprise,64,0,0,52,37,Speaker Not Trained
res_dia26_utt3_20260801_063754_full.txt,dia26_utt3,Joey,neutral,39,39,39,52,26,Processed
res_dia26_utt4_20260801_064504_full.txt,dia26_utt4,The Casting Director,neutral,186,0,0,578,230,Speaker Not Trained
res_dia26_utt5_20260801_064857_full.txt,dia26_utt5,Ross,joy,246,200,200,138,282,Processed
res_dia26_utt6_20260801_065201_full.txt,dia26_utt6,Joey,joy,61,37,37,207,82,Processed
res_dia26_utt7_20260801_065255_full.txt,dia26_utt7,Ross,joy,23,17,17,46,6,Processed
res_dia26_utt8_20260801_065340_full.txt,dia26_utt8,The Casting Director,neutral,36,0,0,25,0,Speaker Not Trained
res_dia26_utt9_20260801_065807_full.txt,dia26_utt9,The Casting Director,neutral,126,0,0,282,30,Speaker Not Trained
res_dia270_utt0_20260803_034223_full.txt,dia270_utt0,Ross,neutral,127,97,97,30,0,Processed
res_dia270_utt1_20260803_034252_full.txt,dia270_utt1,Rachel,joy,131,0,0,16,0,Speaker Not Found
res_dia270_utt2_20260803_034322_full.txt,dia270_utt2,Ross,joy,73,45,45,35,4,Processed
res_dia270_utt3_20260803_034333_full.txt,dia270_utt3,Rachel,neutral,35,35,35,0,0,Processed
res_dia271_utt0_20260803_034501_full.txt,dia271_utt0,Rachel,surprise,190,179,179,114,311,Processed
res_dia271_utt10_20260803_034621_full.txt,dia271_utt10,Joey,neutral,35,35,35,36,106,Processed
res_dia271_utt1_20260803_034550_full.txt,dia271_utt1,Katie,joy,56,0,0,76,185,Speaker Not Trained
res_dia271_utt2_20260803_034651_full.txt,dia271_utt2,Rachel,joy,59,59,59,0,181,Processed
res_dia271_utt3_20260803_034704_full.txt,dia271_utt3,Katie,joy,11,0,0,11,22,Speaker Not Trained
res_dia271_utt4_20260803_034723_full.txt,dia271_utt4,Rachel,joy,24,0,0,25,47,Speaker Not Found
res_dia271_utt5_20260803_034807_full.txt,dia271_utt5,Katie,surprise,85,0,0,2,171,Speaker Not Trained
res_dia271_utt6_20260803_034828_full.txt,dia271_utt6,Joey,neutral,38,38,38,2,74,Processed
res_dia271_utt7_20260803_034912_full.txt,dia271_utt7,Katie,neutral,60,0,0,71,164,Speaker Not Trained
res_dia271_utt8_20260803_034927_full.txt,dia271_utt8,Joey,neutral,25,25,25,14,25,Processed
res_dia271_utt9_20260803_035053_full.txt,dia271_utt9,Katie,anger,161,0,0,114,321,Speaker Not Trained
res_dia272_utt0_20260803_035144_full.txt,dia272_utt0,Phoebe,fear,166,158,158,78,0,Processed
res_dia272_utt1_20260803_035201_full.txt,dia272_utt1,Joey,surprise,65,65,65,0,0,Processed
res_dia272_utt2_20260803_035241_full.txt,dia272_utt2,Phoebe,anger,129,102,102,50,20,Processed
res_dia272_utt3_20260803_035307_full.txt,dia272_utt3,Hitchhiker,anger,53,0,0,35,15,Speaker Not Trained
res_dia272_utt4_20260803_035325_full.txt,dia272_utt4,Phoebe,neutral,42,41,41,1,32,Processed
res_dia272_utt5_20260803_035403_full.txt,dia272_utt5,Hitchhiker,neutral,55,0,0,55,0,Speaker Not Trained
res_dia272_utt6_20260803_035425_full.txt,dia272_utt6,Phoebe,neutral,42,39,39,3,42,Processed
res_dia272_utt7_20260803_035453_full.txt,dia272_utt7,Joey,joy,47,31,31,34,0,Processed
res_dia272_utt8_20260803_035524_full.txt,dia272_utt8,Phoebe,anger,49,49,49,58,0,Processed
res_dia273_utt0_20260803_035548_full.txt,dia273_utt0,Chandler,neutral,99,93,93,7,29,Processed
res_dia273_utt10_20260803_035618_full.txt,dia273_utt10,Chandler,neutral,79,79,79,0,0,Processed
res_dia273_utt11_20260803_035631_full.txt,dia273_utt11,Joey,neutral,22,0,0,0,3,Speaker Not Found
res_dia273_utt12_20260803_035640_full.txt,dia273_utt12,Chandler,neutral,3,3,3,0,3,Processed
res_dia273_utt13_20260803_035703_full.txt,dia273_utt13,Phoebe,joy,60,40,40,8,31,Processed
res_dia273_utt14_20260803_035713_full.txt,dia273_utt14,Chandler,neutral,10,0,0,5,13,Speaker Not Found
res_dia273_utt15_20260803_035734_full.txt,dia273_utt15,Ross,neutral,54,51,50,7,21,Processed
res_dia273_utt16_20260803_035757_full.txt,dia273_utt16,Chandler,neutral,84,84,84,11,26,Processed
res_dia273_utt17_20260803_035813_full.txt,dia273_utt17,Ross,disgust,53,53,53,0,0,Processed
res_dia273_utt18_20260803_035827_full.txt,dia273_utt18,Joey,surprise,31,31,31,0,0,Processed
res_dia273_utt1_20260803_035600_full.txt,dia273_utt1,Chandler,anger,26,21,21,5,0,Processed
res_dia273_utt2_20260803_035837_full.txt,dia273_utt2,Chandler,sadness,16,16,16,0,0,Processed
res_dia273_utt3_20260803_035855_full.txt,dia273_utt3,Chandler,sadness,83,83,83,0,0,Processed
res_dia273_utt4_20260803_035909_full.txt,dia273_utt4,Chandler,sadness,46,46,46,0,0,Processed
res_dia273_utt5_20260803_035922_full.txt,dia273_utt5,Phoebe,neutral,33,31,31,4,0,Processed
res_dia273_utt6_20260803_035949_full.txt,dia273_utt6,Chandler,neutral,72,0,0,9,66,Speaker Not Found
res_dia273_utt7_20260803_040002_full.txt,dia273_utt7,Phoebe,surprise,26,26,26,11,0,Processed
res_dia273_utt8_20260803_040059_full.txt,dia273_utt8,Chandler,anger,162,151,151,54,88,Processed
res_dia273_utt9_20260803_040150_full.txt,dia273_utt9,Phoebe,surprise,155,155,155,8,50,Processed
res_dia274_utt0_20260803_040224_full.txt,dia274_utt0,Joey,surprise,160,154,154,4,6,Processed
res_dia274_utt10_20260803_040310_full.txt,dia274_utt10,Joey,fear,73,73,73,2,70,Processed
res_dia274_utt11_20260803_040328_full.txt,dia274_utt11,Chandler,surprise,29,29,29,3,21,Processed
res_dia274_utt12_20260803_040341_full.txt,dia274_utt12,Joey,fear,19,14,14,6,18,Processed
res_dia274_utt1_20260803_040237_full.txt,dia274_utt1,Chandler,surprise,11,11,11,7,4,Processed
res_dia274_utt2_20260803_040355_full.txt,dia274_utt2,Joey,surprise,36,33,33,2,1,Processed
res_dia274_utt3_20260803_040418_full.txt,dia274_utt3,Chandler,disgust,46,0,0,19,44,Speaker Not Found
res_dia274_utt4_20260803_040459_full.txt,dia274_utt4,Chandler,neutral,199,147,147,5,72,Processed
res_dia274_utt5_20260803_040512_full.txt,dia274_utt5,Chandler,joy,27,27,27,0,14,Processed
res_dia274_utt6_20260803_040525_full.txt,dia274_utt6,Chandler,anger,41,41,41,0,20,Processed
res_dia274_utt7_20260803_040541_full.txt,dia274_utt7,Joey,anger,34,34,34,3,31,Processed
res_dia274_utt8_20260803_040555_full.txt,dia274_utt8,Joey,fear,21,21,21,0,21,Processed
res_dia274_utt9_20260803_040614_full.txt,dia274_utt9,Joey,joy,47,47,47,3,44,Processed
res_dia275_utt0_20260803_040631_full.txt,dia275_utt0,Ross,anger,63,62,62,1,0,Processed
res_dia275_utt10_20260803_040759_full.txt,dia275_utt10,Joey,fear,80,56,56,32,21,Processed
res_dia275_utt11_20260803_040818_full.txt,dia275_utt11,Rachel,anger,60,34,34,12,32,Processed
res_dia275_utt12_20260803_040846_full.txt,dia275_utt12,Joey,disgust,162,162,162,0,0,Processed
res_dia275_utt13_20260803_040902_full.txt,dia275_utt13,Rachel,surprise,37,33,33,4,0,Processed
res_dia275_utt14_20260803_040915_full.txt,dia275_utt14,Joey,disgust,40,40,40,0,0,Processed
res_dia275_utt15_20260803_041010_full.txt,dia275_utt15,Rachel,fear,267,229,229,19,96,Processed
res_dia275_utt16_20260803_041026_full.txt,dia275_utt16,Joey,anger,50,0,0,1,11,Speaker Not Found
res_dia275_utt1_20260803_040732_full.txt,dia275_utt1,Joey,anger,210,210,210,45,214,Processed
res_dia275_utt2_20260803_041045_full.txt,dia275_utt2,Rachel,neutral,30,28,28,30,2,Processed
res_dia275_utt3_20260803_041057_full.txt,dia275_utt3,Ross,fear,35,35,35,0,0,Processed
res_dia275_utt4_20260803_041126_full.txt,dia275_utt4,Joey,anger,73,73,73,9,132,Processed
res_dia275_utt5_20260803_041155_full.txt,dia275_utt5,Rachel,fear,77,66,66,39,18,Processed
res_dia275_utt6_20260803_041250_full.txt,dia275_utt6,Joey,neutral,226,171,171,14,188,Processed
res_dia275_utt7_20260803_041313_full.txt,dia275_utt7,Rachel,neutral,95,48,48,7,40,Processed
res_dia275_utt8_20260803_041330_full.txt,dia275_utt8,Joey,neutral,28,28,28,1,47,Processed
res_dia275_utt9_20260803_041358_full.txt,dia275_utt9,Rachel,surprise,77,70,70,40,1,Processed
res_dia276_utt0_20260803_041427_full.txt,dia276_utt0,Rachel,joy,69,61,61,65,3,Processed
res_dia276_utt2_20260803_041451_full.txt,dia276_utt2,Rachel,anger,48,0,0,55,2,Speaker Not Found
res_dia276_utt3_20260803_041521_full.txt,dia276_utt3,Joey,neutral,62,52,52,13,23,Processed
res_dia277_utt0_20260803_041846_full.txt,dia277_utt0,Joey,neutral,149,149,149,340,148,Processed
res_dia277_utt1_20260803_042026_full.txt,dia277_utt1,Joey,neutral,102,103,103,129,134,Processed
res_dia277_utt2_20260803_042147_full.txt,dia277_utt2,The Interviewer,neutral,153,0,0,51,152,Speaker Not Trained
res_dia277_utt3_20260803_042334_full.txt,dia277_utt3,Joey,anger,109,109,109,118,403,Processed
res_dia277_utt4_20260803_042432_full.txt,dia277_utt4,Joey,neutral,54,54,54,59,177,Processed
res_dia277_utt5_20260803_042455_full.txt,dia277_utt5,The Interviewer,neutral,55,0,0,0,100,Speaker Not Trained
res_dia277_utt6_20260803_042530_full.txt,dia277_utt6,Joey,neutral,27,27,27,2,92,Processed
res_dia278_utt0_20260803_042544_full.txt,dia278_utt0,Rachel,neutral,27,27,27,0,27,Processed
res_dia278_utt1_20260803_042601_full.txt,dia278_utt1,Phoebe,joy,50,50,50,0,0,Processed
res_dia278_utt2_20260803_042615_full.txt,dia278_utt2,Phoebe,joy,46,46,46,0,0,Processed
res_dia278_utt3_20260803_042639_full.txt,dia278_utt3,Phoebe,neutral,112,0,0,3,0,Speaker Not Found
res_dia278_utt4_20260803_042653_full.txt,dia278_utt4,Phoebe,sadness,56,56,56,0,0,Processed
res_dia278_utt5_20260803_042706_full.txt,dia278_utt5,Phoebe,joy,42,42,42,0,0,Processed
res_dia278_utt6_20260803_042747_full.txt,dia278_utt6,Joey,neutral,131,69,69,66,67,Processed
res_dia278_utt7_20260803_042800_full.txt,dia278_utt7,Joey,joy,45,45,45,0,0,Processed
res_dia278_utt8_20260803_042813_full.txt,dia278_utt8,Phoebe,joy,42,42,42,0,0,Processed
res_dia279_utt0_20260803_042852_full.txt,dia279_utt0,Joey,surprise,59,48,48,78,59,Processed
res_dia279_utt10_20260803_042938_full.txt,dia279_utt10,Ross,neutral,63,63,63,0,0,Processed
res_dia279_utt11_20260803_043003_full.txt,dia279_utt11,Chandler,joy,133,133,133,0,0,Processed
res_dia279_utt12_20260803_043020_full.txt,dia279_utt12,Ross,neutral,63,63,63,0,0,Processed
res_dia279_utt13_20260803_043033_full.txt,dia279_utt13,Chandler,anger,22,22,22,0,0,Processed
res_dia279_utt14_20260803_222233_full.txt,dia279_utt14,Ross,neutral,49,0,0,0,0,Speaker Not Found
res_dia279_utt15_20260803_222301_full.txt,dia279_utt15,Chandler,fear,48,48,48,0,10,Processed
res_dia279_utt1_20260803_042923_full.txt,dia279_utt1,Rachel,sadness,104,57,57,18,28,Processed
res_dia279_utt2_20260803_043058_full.txt,dia279_utt2,Joey,anger,43,33,33,17,34,Processed
res_dia279_utt3_20260803_043118_full.txt,dia279_utt3,Monica,fear,60,0,0,2,53,Speaker Not Found
res_dia279_utt4_20260803_043142_full.txt,dia279_utt4,Rachel,anger,94,94,94,0,90,Processed
res_dia279_utt5_20260803_043213_full.txt,dia279_utt5,Joey,neutral,80,0,0,26,9,Speaker Not Found
res_dia279_utt6_20260803_043241_full.txt,dia279_utt6,Monica,surprise,60,15,15,46,60,Processed
res_dia279_utt7_20260803_043331_full.txt,dia279_utt7,Chandler,neutral,184,179,179,31,130,Processed
res_dia279_utt8_20260803_043345_full.txt,dia279_utt8,Ross,neutral,40,40,40,0,0,Processed
res_dia279_utt9_20260803_043409_full.txt,dia279_utt9,Chandler,joy,42,24,24,11,55,Processed
res_dia27_utt0_20260801_070053_full.txt,dia27_utt0,Monica,sadness,149,0,0,123,178,Speaker Not Found
res_dia27_utt1_20260801_070205_full.txt,dia27_utt1,Chandler,joy,150,145,145,0,44,Processed
res_dia280_utt0_20260803_222338_full.txt,dia280_utt0,Rachel,neutral,35,8,8,27,35,Processed
res_dia280_utt1_20260803_222411_full.txt,dia280_utt1,Phoebe,anger,70,68,68,2,2,Processed
res_dia280_utt2_20260803_222434_full.txt,dia280_utt2,Joey,neutral,43,43,43,0,43,Processed
res_dia281_utt0_20260803_222507_full.txt,dia281_utt0,Joey,joy,22,18,18,46,39,Processed
res_dia281_utt10_20260803_222610_full.txt,dia281_utt10,Joey,surprise,56,56,56,1,135,Processed
res_dia281_utt1_20260803_222535_full.txt,dia281_utt1,Phoebe,joy,18,8,8,32,49,Processed
res_dia281_utt2_20260803_222810_full.txt,dia281_utt2,Joey,neutral,130,80,80,175,357,Processed
res_dia281_utt3_20260803_222830_full.txt,dia281_utt3,Phoebe,neutral,36,36,36,0,36,Processed
res_dia281_utt4_20260803_222932_full.txt,dia281_utt4,Joey,surprise,143,129,129,14,391,Processed
res_dia281_utt5_20260803_222958_full.txt,dia281_utt5,Phoebe,neutral,42,42,42,2,40,Processed
res_dia281_utt6_20260803_223045_full.txt,dia281_utt6,Joey,disgust,121,121,121,1,277,Processed
res_dia281_utt7_20260803_223118_full.txt,dia281_utt7,Phoebe,neutral,82,82,82,0,82,Processed
res_dia281_utt8_20260803_223137_full.txt,dia281_utt8,Joey,disgust,25,25,25,0,59,Processed
res_dia281_utt9_20260803_223153_full.txt,dia281_utt9,Phoebe,neutral,36,35,35,1,36,Processed
res_dia282_utt0_20260803_223245_full.txt,dia282_utt0,Phoebe,joy,132,5,5,40,260,Processed
res_dia282_utt1_20260803_223306_full.txt,dia282_utt1,Joey,neutral,44,5,5,7,51,Processed
res_dia282_utt2_20260803_223504_full.txt,dia282_utt2,Phoebe,joy,178,119,119,248,182,Processed
res_dia283_utt0_20260803_223539_full.txt,dia283_utt0,Joey,disgust,102,102,102,5,141,Processed
res_dia283_utt1_20260803_223638_full.txt,dia283_utt1,Phoebe,neutral,123,122,122,1,257,Processed
res_dia283_utt2_20260803_223712_full.txt,dia283_utt2,Joey,disgust,93,93,93,2,105,Processed
res_dia283_utt3_20260803_223814_full.txt,dia283_utt3,Phoebe,neutral,184,184,184,0,222,Processed
res_dia283_utt4_20260803_223840_full.txt,dia283_utt4,Phoebe,neutral,79,79,79,0,89,Processed
res_dia283_utt5_20260803_223852_full.txt,dia283_utt5,Joey,neutral,14,14,14,0,1,Processed
res_dia283_utt6_20260803_223914_full.txt,dia283_utt6,Phoebe,disgust,84,84,84,1,69,Processed
res_dia284_utt0_20260803_223942_full.txt,dia284_utt0,Phoebe,neutral,137,0,0,0,0,Speaker Not Found
res_dia284_utt1_20260803_223952_full.txt,dia284_utt1,Rachel,neutral,14,14,14,0,0,Processed
res_dia284_utt2_20260803_224010_full.txt,dia284_utt2,Phoebe,neutral,66,0,0,0,0,Speaker Not Found
res_dia285_utt0_20260803_224032_full.txt,dia285_utt0,Joey,neutral,65,46,46,19,65,Processed
res_dia285_utt10_20260803_224121_full.txt,dia285_utt10,Rachel,neutral,38,0,0,41,40,Speaker Not Found
res_dia285_utt11_20260803_224148_full.txt,dia285_utt11,Joey,neutral,56,0,0,42,53,Speaker Not Found
res_dia285_utt13_20260803_224221_full.txt,dia285_utt13,Rachel,neutral,49,17,17,32,98,Processed
res_dia285_utt14_20260803_224243_full.txt,dia285_utt14,Rachel,neutral,30,23,23,7,60,Processed
res_dia285_utt15_20260803_224304_full.txt,dia285_utt15,Rachel,neutral,22,0,0,13,43,Speaker Not Found
res_dia285_utt16_20260803_224325_full.txt,dia285_utt16,Joey,neutral,59,59,59,2,58,Processed
res_dia285_utt1_20260803_224054_full.txt,dia285_utt1,Rachel,joy,94,94,94,0,0,Processed
res_dia285_utt2_20260803_224350_full.txt,dia285_utt2,Joey,neutral,78,78,78,0,78,Processed
res_dia285_utt3_20260803_224420_full.txt,dia285_utt3,Rachel,joy,26,0,0,37,26,Speaker Not Found
res_dia285_utt4_20260803_224518_full.txt,dia285_utt4,Nurse,neutral,102,0,0,111,83,Speaker Not Trained
res_dia285_utt5_20260803_224613_full.txt,dia285_utt5,Rachel,neutral,177,0,0,65,138,Speaker Not Found
res_dia285_utt6_20260803_224655_full.txt,dia285_utt6,Nurse,neutral,125,0,0,33,90,Speaker Not Trained
res_dia285_utt7_20260803_224711_full.txt,dia285_utt7,Joey,anger,49,41,41,8,0,Processed
res_dia285_utt8_20260803_224750_full.txt,dia285_utt8,Rachel,neutral,93,0,0,41,99,Speaker Not Found
res_dia285_utt9_20260803_224807_full.txt,dia285_utt9,Joey,surprise,52,52,52,0,0,Processed
res_dia286_utt0_20260803_224828_full.txt,dia286_utt0,Chandler,neutral,52,49,49,3,45,Processed
res_dia286_utt1_20260803_224851_full.txt,dia286_utt1,Rachel,neutral,74,74,74,0,54,Processed
res_dia286_utt2_20260803_224910_full.txt,dia286_utt2,Phoebe,neutral,36,36,36,7,0,Processed
res_dia286_utt3_20260803_225011_full.txt,dia286_utt3,Chandler,neutral,200,156,156,84,24,Processed
res_dia287_utt0_20260803_225028_full.txt,dia287_utt0,Joey,neutral,56,58,58,0,2,Processed
res_dia287_utt10_20260803_225108_full.txt,dia287_utt10,Joey,neutral,31,18,18,11,2,Processed
res_dia287_utt11_20260803_225245_full.txt,dia287_utt11,Ross,neutral,87,87,87,193,121,Processed
res_dia287_utt12_20260803_225329_full.txt,dia287_utt12,Chandler,joy,131,8,8,11,99,Processed
res_dia287_utt1_20260803_225049_full.txt,dia287_utt1,Chandler,sadness,54,54,54,2,3,Processed
res_dia287_utt2_20260803_225348_full.txt,dia287_utt2,Joey,anger,47,47,47,0,88,Processed
res_dia287_utt3_20260803_225442_full.txt,dia287_utt3,Joey,neutral,190,190,190,1,373,Processed
res_dia287_utt4_20260803_225533_full.txt,dia287_utt4,Chandler,anger,104,104,104,95,91,Processed
res_dia287_utt5_20260803_225613_full.txt,dia287_utt5,Joey,neutral,53,50,50,38,107,Processed
res_dia287_utt6_20260803_225651_full.txt,dia287_utt6,Joey,neutral,73,8,8,65,17,Processed
res_dia287_utt7_20260803_225700_full.txt,dia287_utt7,Joey,joy,5,5,5,0,18,Processed
res_dia287_utt8_20260803_225712_full.txt,dia287_utt8,Joey,neutral,25,25,25,0,0,Processed
res_dia287_utt9_20260803_225733_full.txt,dia287_utt9,Joey,neutral,59,0,0,21,0,Speaker Not Found
res_dia288_utt0_20260803_225830_full.txt,dia288_utt0,Joey,joy,64,64,64,88,105,Processed
res_dia288_utt10_20260803_225940_full.txt,dia288_utt10,Rachel,neutral,26,26,26,0,49,Processed
res_dia288_utt11_20260803_230000_full.txt,dia288_utt11,Ross,surprise,21,3,3,2,36,Processed
res_dia288_utt12_20260803_230037_full.txt,dia288_utt12,Ross,surprise,33,33,33,41,57,Processed
res_dia288_utt13_20260803_230229_full.txt,dia288_utt13,Ross,neutral,150,150,150,59,394,Processed
res_dia288_utt14_20260803_230249_full.txt,dia288_utt14,Rachel,surprise,28,28,28,0,60,Processed
res_dia288_utt15_20260803_230352_full.txt,dia288_utt15,Ross,joy,105,0,0,11,250,Speaker Not Found
res_dia288_utt16_20260803_230429_full.txt,dia288_utt16,Rachel,neutral,61,61,61,4,144,Processed
res_dia288_utt17_20260803_230531_full.txt,dia288_utt17,Ross,neutral,79,79,79,44,225,Processed
res_dia288_utt18_20260803_230643_full.txt,dia288_utt18,Ross,neutral,126,58,58,53,290,Processed
res_dia288_utt19_20260803_230719_full.txt,dia288_utt19,Ross,neutral,71,71,71,85,44,Processed
res_dia288_utt1_20260803_225918_full.txt,dia288_utt1,Gunther,neutral,24,0,0,87,21,Speaker Not Trained
res_dia288_utt20_20260803_230818_full.txt,dia288_utt20,Joey,joy,29,29,29,34,4,Processed
res_dia288_utt2_20260803_230755_full.txt,dia288_utt2,Joey,surprise,50,50,50,15,119,Processed
res_dia288_utt3_20260803_231001_full.txt,dia288_utt3,Gunther,surprise,66,0,0,186,210,Speaker Not Trained
res_dia288_utt4_20260803_231120_full.txt,dia288_utt4,Joey,neutral,46,41,41,119,91,Processed
res_dia288_utt5_20260803_231240_full.txt,dia288_utt5,Gunther,neutral,59,0,0,126,163,Speaker Not Trained
res_dia288_utt6_20260803_231359_full.txt,dia288_utt6,Joey,anger,44,17,17,113,134,Processed
res_dia288_utt7_20260803_231454_full.txt,dia288_utt7,Ross,joy,79,17,17,74,73,Processed
res_dia288_utt8_20260803_231521_full.txt,dia288_utt8,Rachel,joy,41,41,41,22,57,Processed
res_dia288_utt9_20260803_231621_full.txt,dia288_utt9,Ross,neutral,54,54,54,112,61,Processed
res_dia289_utt1_20260803_231722_full.txt,dia289_utt1,Phoebe,fear,145,145,145,60,172,Processed
res_dia289_utt2_20260803_231942_full.txt,dia289_utt2,Earl,neutral,272,0,0,287,279,Speaker Not Trained
res_dia289_utt3_20260803_232034_full.txt,dia289_utt3,Phoebe,sadness,72,44,44,98,56,Processed
res_dia289_utt4_20260803_232143_full.txt,dia289_utt4,Earl,sadness,125,0,0,125,150,Speaker Not Trained
res_dia289_utt5_20260803_232200_full.txt,dia289_utt5,Phoebe,neutral,38,38,38,0,38,Processed
res_dia28_utt0_20260801_070328_full.txt,dia28_utt0,Ross,anger,53,47,47,4,170,Processed
res_dia28_utt1_20260801_070402_full.txt,dia28_utt1,Ross,anger,11,7,7,4,49,Processed
res_dia28_utt2_20260801_070421_full.txt,dia28_utt2,Ross,anger,2,2,2,0,8,Processed
res_dia28_utt3_20260801_070542_full.txt,dia28_utt3,Ross,joy,48,0,0,54,90,Speaker Not Found
res_dia28_utt4_20260801_070807_full.txt,dia28_utt4,Emily,fear,114,0,0,16,416,Speaker Not Trained
res_dia28_utt5_20260801_070928_full.txt,dia28_utt5,Ross,joy,62,62,62,0,225,Processed
res_dia28_utt6_20260801_071207_full.txt,dia28_utt6,Emily,fear,167,0,0,60,288,Speaker Not Trained
res_dia28_utt7_20260801_071338_full.txt,dia28_utt7,Ross,sadness,55,15,15,16,206,Processed
res_dia290_utt0_20260803_232216_full.txt,dia290_utt0,Earl,sadness,51,0,0,10,2,Speaker Not Trained
res_dia291_utt0_20260803_232317_full.txt,dia291_utt0,Phoebe,sadness,129,17,17,73,164,Processed
res_dia291_utt1_20260803_232348_full.txt,dia291_utt1,Earl,sadness,83,0,0,8,92,Speaker Not Trained
res_dia292_utt0_20260803_232417_full.txt,dia292_utt0,Earl,neutral,83,0,0,0,80,Speaker Not Trained
res_dia292_utt1_20260803_232657_full.txt,dia292_utt1,Earl,sadness,181,0,0,414,123,Speaker Not Trained
res_dia292_utt2_20260803_232723_full.txt,dia292_utt2,Earl,neutral,38,0,0,38,50,Speaker Not Trained
res_dia292_utt3_20260803_232841_full.txt,dia292_utt3,Earl,neutral,43,0,0,184,68,Speaker Not Trained
res_dia292_utt4_20260803_232958_full.txt,dia292_utt4,Earl,sadness,51,0,0,196,65,Speaker Not Trained
res_dia292_utt5_20260803_233015_full.txt,dia292_utt5,Earl,neutral,31,0,0,31,13,Speaker Not Trained
res_dia293_utt0_20260803_233110_full.txt,dia293_utt0,Joey,surprise,193,124,124,75,2,Processed
res_dia293_utt10_20260803_233150_full.txt,dia293_utt10,Monica,sadness,62,62,62,0,56,Processed
res_dia293_utt11_20260803_233204_full.txt,dia293_utt11,Chandler,neutral,27,27,27,0,27,Processed
res_dia293_utt12_20260803_233219_full.txt,dia293_utt12,Phoebe,joy,24,0,0,0,24,Speaker Not Found
res_dia293_utt1_20260803_233130_full.txt,dia293_utt1,Joey,surprise,84,84,84,0,0,Processed
res_dia293_utt2_20260803_233240_full.txt,dia293_utt2,Joey,fear,48,48,48,0,45,Processed
res_dia293_utt3_20260803_233318_full.txt,dia293_utt3,Monica,neutral,107,79,79,48,56,Processed
res_dia293_utt4_20260803_233432_full.txt,dia293_utt4,Joey,fear,233,233,233,112,101,Processed
res_dia293_utt5_20260803_233650_full.txt,dia293_utt5,Monica,neutral,176,177,177,246,87,Processed
res_dia293_utt6_20260803_233709_full.txt,dia293_utt6,Joey,neutral,44,44,44,0,44,Processed
res_dia293_utt7_20260803_233736_full.txt,dia293_utt7,Joey,neutral,109,109,109,0,17,Processed
res_dia293_utt8_20260803_233757_full.txt,dia293_utt8,Joey,joy,80,80,80,0,0,Processed
res_dia293_utt9_20260803_233820_full.txt,dia293_utt9,Chandler,neutral,62,62,62,0,62,Processed
res_dia294_utt0_20260803_233841_full.txt,dia294_utt0,Paul,joy,25,0,0,33,0,Speaker Not Trained
res_dia294_utt1_20260803_233852_full.txt,dia294_utt1,Rachel,neutral,14,11,11,3,0,Processed
res_dia295_utt0_20260803_233920_full.txt,dia295_utt0,Joey,surprise,28,28,28,0,84,Processed
res_dia295_utt10_20260803_234024_full.txt,dia295_utt10,Phoebe,anger,65,65,65,0,87,Processed
res_dia295_utt11_20260803_234130_full.txt,dia295_utt11,Joey,anger,86,86,86,3,262,Processed
res_dia295_utt12_20260803_234153_full.txt,dia295_utt12,Phoebe,surprise,30,0,0,1,82,Speaker Not Found
res_dia295_utt13_20260803_234228_full.txt,dia295_utt13,Joey,anger,63,45,45,1,112,Processed
res_dia295_utt14_20260803_234246_full.txt,dia295_utt14,Phoebe,joy,32,32,32,0,32,Processed
res_dia295_utt15_20260803_234256_full.txt,dia295_utt15,Phoebe,neutral,5,5,5,0,5,Processed
res_dia295_utt16_20260803_234326_full.txt,dia295_utt16,Phoebe,anger,89,84,84,22,72,Processed
res_dia295_utt17_20260803_234340_full.txt,dia295_utt17,Joey,anger,17,17,17,5,24,Processed
res_dia295_utt18_20260803_234353_full.txt,dia295_utt18,Phoebe,anger,9,0,0,2,18,Speaker Not Found
res_dia295_utt19_20260803_234407_full.txt,dia295_utt19,Joey,anger,13,13,13,1,26,Processed
res_dia295_utt1_20260803_233955_full.txt,dia295_utt1,Phoebe,neutral,70,70,70,0,121,Processed
res_dia295_utt20_20260803_234507_full.txt,dia295_utt20,Phoebe,anger,29,0,0,30,38,Speaker Not Found
res_dia295_utt21_20260803_234614_full.txt,dia295_utt21,Joey,anger,90,0,0,175,6,Speaker Not Found
res_dia295_utt2_20260803_234447_full.txt,dia295_utt2,Joey,surprise,45,45,45,0,142,Processed
res_dia295_utt3_20260803_234826_full.txt,dia295_utt3,Joey,surprise,180,180,180,0,582,Processed
res_dia295_utt4_20260803_234848_full.txt,dia295_utt4,Phoebe,sadness,45,45,45,0,47,Processed
res_dia295_utt5_20260803_234930_full.txt,dia295_utt5,Joey,anger,37,37,37,37,111,Processed
res_dia295_utt6_20260803_235021_full.txt,dia295_utt6,Joey,anger,55,55,55,16,151,Processed
res_dia295_utt7_20260803_235053_full.txt,dia295_utt7,Joey,anger,32,32,32,1,102,Processed
res_dia295_utt8_20260803_235136_full.txt,dia295_utt8,Joey,anger,46,46,46,0,169,Processed
res_dia295_utt9_20260803_235214_full.txt,dia295_utt9,Joey,anger,46,46,46,0,149,Processed
res_dia296_utt0_20260803_235240_full.txt,dia296_utt0,Ross,neutral,83,83,83,0,51,Processed
res_dia296_utt10_20260803_235318_full.txt,dia296_utt10,Carol,neutral,44,0,0,16,0,Speaker Not Trained
res_dia296_utt11_20260803_235347_full.txt,dia296_utt11,Ross,joy,126,126,126,0,37,Processed
res_dia296_utt12_20260803_235406_full.txt,dia296_utt12,Carol,neutral,35,0,0,10,13,Speaker Not Trained
res_dia296_utt13_20260803_235436_full.txt,dia296_utt13,Ross,neutral,29,0,0,45,0,Speaker Not Found
res_dia296_utt14_20260803_235519_full.txt,dia296_utt14,Carol,surprise,87,0,0,87,78,Speaker Not Trained
res_dia296_utt15_20260803_235529_full.txt,dia296_utt15,Rachel,surprise,12,12,12,0,0,Processed
res_dia296_utt16_20260803_235601_full.txt,dia296_utt16,Barry,neutral,47,0,0,62,8,Speaker Not Trained
res_dia296_utt17_20260803_235620_full.txt,dia296_utt17,Rachel,surprise,23,0,0,26,22,Speaker Not Found
res_dia296_utt18_20260803_235716_full.txt,dia296_utt18,Barry,neutral,59,0,0,123,7,Speaker Not Trained
res_dia296_utt19_20260803_235743_full.txt,dia296_utt19,Robbie,surprise,28,0,0,47,5,Speaker Not Trained
res_dia296_utt1_20260803_235300_full.txt,dia296_utt1,Susan,neutral,37,0,0,37,0,Speaker Not Trained
res_dia296_utt20_20260803_235831_full.txt,dia296_utt20,Barry,neutral,41,0,0,51,30,Speaker Not Trained
res_dia296_utt2_20260803_235804_full.txt,dia296_utt2,Carol,neutral,46,0,0,46,0,Speaker Not Trained
res_dia296_utt3_20260803_235845_full.txt,dia296_utt3,Ross,surprise,27,27,27,2,0,Processed
res_dia296_utt4_20260803_235856_full.txt,dia296_utt4,Susan,neutral,2,0,0,4,0,Speaker Not Trained
res_dia296_utt5_20260803_235939_full.txt,dia296_utt5,Ross,anger,174,170,170,10,136,Processed
res_dia296_utt6_20260803_235955_full.txt,dia296_utt6,Carol,neutral,21,0,0,18,0,Speaker Not Trained
res_dia296_utt7_20260804_000011_full.txt,dia296_utt7,Ross,neutral,34,34,34,0,6,Processed
res_dia296_utt8_20260804_000033_full.txt,dia296_utt8,Susan,neutral,61,0,0,5,12,Speaker Not Trained
res_dia296_utt9_20260804_000120_full.txt,dia296_utt9,Ross,neutral,186,0,0,5,9,Speaker Not Found
res_dia297_utt0_20260804_000146_full.txt,dia297_utt0,Monica,neutral,92,76,76,7,9,Processed
res_dia297_utt1_20260804_000220_full.txt,dia297_utt1,Monica,joy,144,144,144,0,0,Processed
res_dia297_utt2_20260804_000240_full.txt,dia297_utt2,Phoebe,anger,53,0,0,0,4,Speaker Not Found
res_dia297_utt3_20260804_000252_full.txt,dia297_utt3,Monica,neutral,12,2,2,10,4,Processed
res_dia297_utt4_20260804_000304_full.txt,dia297_utt4,Phoebe,joy,29,0,0,0,0,Speaker Not Found
res_dia297_utt5_20260804_000318_full.txt,dia297_utt5,Monica,neutral,41,41,41,0,0,Processed
res_dia297_utt6_20260804_000335_full.txt,dia297_utt6,Phoebe,joy,54,0,0,4,0,Speaker Not Found
res_dia297_utt7_20260804_000345_full.txt,dia297_utt7,Monica,neutral,14,14,14,0,0,Processed
res_dia297_utt8_20260804_000407_full.txt,dia297_utt8,Phoebe,joy,33,0,0,21,0,Speaker Not Found
res_dia297_utt9_20260804_000421_full.txt,dia297_utt9,Monica,neutral,28,28,28,0,0,Processed
res_dia298_utt0_20260804_000434_full.txt,dia298_utt0,Monica,anger,14,0,0,15,2,Speaker Not Found
res_dia298_utt1_20260804_000458_full.txt,dia298_utt1,Ross,anger,56,0,0,53,0,Speaker Not Found
res_dia298_utt2_20260804_000521_full.txt,dia298_utt2,Ross,joy,73,73,73,17,0,Processed
res_dia298_utt3_20260804_000559_full.txt,dia298_utt3,Monica,neutral,92,92,92,56,0,Processed
res_dia298_utt4_20260804_000627_full.txt,dia298_utt4,Ross,sadness,69,34,34,16,0,Processed
res_dia298_utt5_20260804_000657_full.txt,dia298_utt5,Ross,anger,39,0,0,10,29,Speaker Not Found
res_dia298_utt6_20260804_000711_full.txt,dia298_utt6,Monica,anger,3,0,0,1,2,Speaker Not Found
res_dia299_utt0_20260804_000755_full.txt,dia299_utt0,Joey,neutral,43,0,0,62,1,Speaker Not Found
res_dia299_utt1_20260804_000816_full.txt,dia299_utt1,Chandler,neutral,12,0,0,24,0,Speaker Not Found
res_dia299_utt2_20260804_000857_full.txt,dia299_utt2,Joey,neutral,36,0,0,63,0,Speaker Not Found
res_dia299_utt3_20260804_000919_full.txt,dia299_utt3,Chandler,neutral,63,63,63,1,0,Processed
res_dia29_utt0_20260801_071607_full.txt,dia29_utt0,Monica,surprise,188,184,184,130,445,Processed
res_dia29_utt10_20260801_071925_full.txt,dia29_utt10,Monica,anger,159,107,107,0,252,Processed
res_dia29_utt11_20260801_072212_full.txt,dia29_utt11,Monica,anger,231,186,186,7,420,Processed
res_dia29_utt12_20260801_072325_full.txt,dia29_utt12,Chandler,surprise,53,46,46,0,214,Processed
res_dia29_utt13_20260801_072902_full.txt,dia29_utt13,Ross,neutral,196,112,112,400,264,Processed
res_dia29_utt1_20260801_071731_full.txt,dia29_utt1,Chandler,joy,110,81,81,1,285,Processed
res_dia29_utt2_20260801_073041_full.txt,dia29_utt2,Monica,neutral,71,71,71,2,211,Processed
res_dia29_utt3_20260801_073141_full.txt,dia29_utt3,Chandler,joy,38,38,38,0,152,Processed
res_dia29_utt4_20260801_073241_full.txt,dia29_utt4,Monica,surprise,67,59,59,0,92,Processed
res_dia29_utt6_20260801_073333_full.txt,dia29_utt6,Monica,anger,57,57,57,5,52,Processed
res_dia29_utt7_20260801_073440_full.txt,dia29_utt7,Monica,anger,66,65,65,5,82,Processed
res_dia29_utt8_20260801_073544_full.txt,dia29_utt8,Monica,anger,64,55,55,0,375,Processed
res_dia29_utt9_20260801_073649_full.txt,dia29_utt9,Chandler,neutral,51,51,51,0,246,Processed
res_dia2_utt0_20260801_001335_full.txt,dia2_utt0,Chandler,neutral,26,1,1,15,76,Processed
res_dia2_utt10_20260801_001504_full.txt,dia2_utt10,Chandler,joy,19,13,13,29,17,Processed
res_dia2_utt11_20260801_001537_full.txt,dia2_utt11,Monica,neutral,28,28,28,27,54,Processed
res_dia2_utt12_20260801_001613_full.txt,dia2_utt12,Chandler,joy,29,25,25,37,75,Processed
res_dia2_utt1_20260801_001425_full.txt,dia2_utt1,Monica,neutral,35,35,35,75,1,Processed
res_dia2_utt2_20260801_001646_full.txt,dia2_utt2,Chandler,joy,43,43,43,51,44,Processed
res_dia2_utt3_20260801_001715_full.txt,dia2_utt3,Monica,sadness,41,38,38,38,41,Processed
res_dia2_utt4_20260801_001753_full.txt,dia2_utt4,Chandler,surprise,24,24,24,32,65,Processed
res_dia2_utt5_20260801_001819_full.txt,dia2_utt5,Monica,neutral,53,55,55,3,65,Processed
res_dia2_utt6_20260801_002007_full.txt,dia2_utt6,Chandler,disgust,115,133,133,149,154,Processed
res_dia2_utt7_20260801_002117_full.txt,dia2_utt7,Monica,sadness,64,28,28,83,95,Processed
res_dia2_utt8_20260801_002147_full.txt,dia2_utt8,Chandler,neutral,16,16,16,32,13,Processed
res_dia2_utt9_20260801_002242_full.txt,dia2_utt9,Monica,neutral,47,45,45,86,56,Processed
res_dia300_utt0_20260804_000948_full.txt,dia300_utt0,Joey,joy,69,66,66,0,3,Processed
res_dia300_utt10_20260804_001115_full.txt,dia300_utt10,Joey,anger,131,0,0,133,0,Speaker Not Found
res_dia300_utt11_20260804_001139_full.txt,dia300_utt11,Lydia,neutral,32,0,0,33,0,Speaker Not Trained
res_dia300_utt12_20260804_001209_full.txt,dia300_utt12,Joey,fear,42,42,42,42,0,Processed
res_dia300_utt14_20260804_001224_full.txt,dia300_utt14,Joey,neutral,8,0,0,8,0,Speaker Not Found
res_dia300_utt15_20260804_001310_full.txt,dia300_utt15,Lydia,neutral,60,0,0,56,45,Speaker Not Trained
res_dia300_utt1_20260804_001006_full.txt,dia300_utt1,Lydia,neutral,18,0,0,1,27,Speaker Not Trained
res_dia300_utt2_20260804_001319_full.txt,dia300_utt2,Joey,neutral,12,0,0,0,24,Speaker Not Found
res_dia300_utt3_20260804_001345_full.txt,dia300_utt3,Lydia,anger,50,0,0,50,0,Speaker Not Trained
res_dia300_utt4_20260804_001400_full.txt,dia300_utt4,Joey,surprise,26,26,26,0,26,Processed
res_dia300_utt5_20260804_001459_full.txt,dia300_utt5,Lydia,disgust,136,0,0,50,306,Speaker Not Trained
res_dia300_utt6_20260804_001512_full.txt,dia300_utt6,Joey,neutral,36,36,36,0,0,Processed
res_dia300_utt7_20260804_001526_full.txt,dia300_utt7,Lydia,neutral,18,0,0,18,18,Speaker Not Trained
res_dia300_utt8_20260804_001612_full.txt,dia300_utt8,Joey,disgust,204,202,202,39,2,Processed
res_dia300_utt9_20260804_001654_full.txt,dia300_utt9,Lydia,anger,91,0,0,89,0,Speaker Not Trained
res_dia301_utt0_20260804_001833_full.txt,dia301_utt0,Barry,fear,167,0,0,193,141,Speaker Not Trained
res_dia301_utt10_20260804_002110_full.txt,dia301_utt10,Rachel,neutral,244,0,0,267,17,Speaker Not Found
res_dia301_utt11_20260804_002202_full.txt,dia301_utt11,Mindy,joy,93,0,0,93,15,Speaker Not Trained
res_dia301_utt12_20260804_002256_full.txt,dia301_utt12,Rachel,disgust,179,179,179,8,103,Processed
res_dia301_utt13_20260804_002438_full.txt,dia301_utt13,Mindy,neutral,191,0,0,153,93,Speaker Not Trained
res_dia301_utt14_20260804_002459_full.txt,dia301_utt14,Rachel,surprise,36,36,36,0,36,Processed
res_dia301_utt15_20260804_002536_full.txt,dia301_utt15,Mindy,fear,144,0,0,12,0,Speaker Not Trained
res_dia301_utt16_20260804_002607_full.txt,dia301_utt16,Rachel,sadness,74,65,65,9,74,Processed
res_dia301_utt1_20260804_001920_full.txt,dia301_utt1,Bernice,fear,138,0,0,55,76,Speaker Not Trained
res_dia301_utt2_20260804_002629_full.txt,dia301_utt2,Barry,fear,43,0,0,20,14,Speaker Not Trained
res_dia301_utt3_20260804_002656_full.txt,dia301_utt3,Barry,neutral,69,0,0,39,14,Speaker Not Trained
res_dia301_utt4_20260804_002733_full.txt,dia301_utt4,Barry,fear,55,0,0,78,48,Speaker Not Trained
res_dia301_utt6_20260804_002759_full.txt,dia301_utt6,Rachel,neutral,39,24,24,45,37,Processed
res_dia301_utt7_20260804_002828_full.txt,dia301_utt7,Rachel,neutral,53,0,0,12,99,Speaker Not Found
res_dia301_utt8_20260804_002841_full.txt,dia301_utt8,Rachel,anger,20,0,0,6,34,Speaker Not Found
res_dia301_utt9_20260804_002919_full.txt,dia301_utt9,Rachel,surprise,123,68,68,60,6,Processed
res_dia302_utt0_20260804_003001_full.txt,dia302_utt0,Phoebe,neutral,102,95,95,37,177,Processed
res_dia302_utt10_20260804_003033_full.txt,dia302_utt10,Phoebe,neutral,61,61,61,0,91,Processed
res_dia302_utt1_20260804_003015_full.txt,dia302_utt1,Ross,sadness,36,36,36,0,0,Processed
res_dia302_utt2_20260804_003122_full.txt,dia302_utt2,Phoebe,fear,241,200,200,0,217,Processed
res_dia302_utt3_20260804_003150_full.txt,dia302_utt3,Chandler,anger,102,102,102,0,125,Processed
res_dia302_utt4_20260804_003215_full.txt,dia302_utt4,Ross,neutral,92,0,0,0,56,Speaker Not Found
res_dia302_utt5_20260804_003233_full.txt,dia302_utt5,Robert,surprise,12,0,0,23,30,Speaker Not Trained
res_dia302_utt6_20260804_003317_full.txt,dia302_utt6,Phoebe,neutral,34,12,12,69,47,Processed
res_dia302_utt7_20260804_003536_full.txt,dia302_utt7,Robert,neutral,208,0,0,252,359,Speaker Not Trained
res_dia302_utt8_20260804_003618_full.txt,dia302_utt8,Phoebe,neutral,61,61,61,62,145,Processed
res_dia302_utt9_20260804_003646_full.txt,dia302_utt9,Robert,surprise,36,0,0,28,59,Speaker Not Trained
res_dia303_utt0_20260804_003731_full.txt,dia303_utt0,Phoebe,anger,51,50,50,66,141,Processed
res_dia303_utt1_20260804_003804_full.txt,dia303_utt1,Monica,neutral,88,16,16,30,76,Processed
res_dia304_utt0_20260804_003825_full.txt,dia304_utt0,Phoebe,neutral,88,86,86,2,0,Processed
res_dia304_utt10_20260804_003855_full.txt,dia304_utt10,Phoebe,anger,71,71,71,0,0,Processed
res_dia304_utt1_20260804_003838_full.txt,dia304_utt1,Chandler,neutral,21,19,19,11,0,Processed
res_dia304_utt2_20260804_003915_full.txt,dia304_utt2,Monica,neutral,24,14,14,34,0,Processed
res_dia304_utt3_20260804_004050_full.txt,dia304_utt3,Chandler,neutral,378,362,362,117,52,Processed
res_dia304_utt4_20260804_004114_full.txt,dia304_utt4,Joey,neutral,55,0,0,26,0,Speaker Not Found
res_dia304_utt5_20260804_004132_full.txt,dia304_utt5,Chandler,surprise,21,0,0,17,7,Speaker Not Found
res_dia304_utt6_20260804_004153_full.txt,dia304_utt6,Monica,neutral,45,27,27,21,27,Processed
res_dia304_utt7_20260804_004244_full.txt,dia304_utt7,Chandler,neutral,153,62,62,6,172,Processed
res_dia304_utt8_20260804_004314_full.txt,dia304_utt8,Monica,anger,72,65,65,36,61,Processed
res_dia304_utt9_20260804_004347_full.txt,dia304_utt9,Chandler,anger,44,39,39,66,26,Processed
res_dia305_utt0_20260804_004517_full.txt,dia305_utt0,Chandler,joy,77,73,73,215,66,Processed
res_dia305_utt10_20260804_004557_full.txt,dia305_utt10,Chloe,neutral,55,0,0,55,23,Speaker Not Trained
res_dia305_utt11_20260804_004708_full.txt,dia305_utt11,Chloe,neutral,122,0,0,78,98,Speaker Not Trained
res_dia305_utt12_20260804_004731_full.txt,dia305_utt12,Joey,joy,47,27,27,22,7,Processed
res_dia305_utt13_20260804_004802_full.txt,dia305_utt13,Chloe,joy,55,0,0,55,24,Speaker Not Trained
res_dia305_utt14_20260804_004822_full.txt,dia305_utt14,Chandler,joy,41,40,40,1,41,Processed
res_dia305_utt1_20260804_004529_full.txt,dia305_utt1,Issac,neutral,25,0,0,2,7,Speaker Not Trained
res_dia305_utt2_20260804_004838_full.txt,dia305_utt2,Chandler,fear,46,46,46,0,0,Processed
res_dia305_utt3_20260804_005027_full.txt,dia305_utt3,Joey,neutral,243,141,141,156,88,Processed
res_dia305_utt4_20260804_005146_full.txt,dia305_utt4,Issac,neutral,82,0,0,153,14,Speaker Not Trained
res_dia305_utt5_20260804_005203_full.txt,dia305_utt5,Chandler,joy,44,40,40,1,0,Processed
res_dia305_utt6_20260804_005239_full.txt,dia305_utt6,Chloe,neutral,74,0,0,60,42,Speaker Not Trained
res_dia305_utt7_20260804_005312_full.txt,dia305_utt7,Chandler,neutral,122,122,122,1,41,Processed
res_dia305_utt8_20260804_005337_full.txt,dia305_utt8,Chloe,neutral,53,0,0,43,1,Speaker Not Trained
res_dia305_utt9_20260804_005350_full.txt,dia305_utt9,Joey,surprise,33,33,33,0,2,Processed
res_dia306_utt0_20260804_005423_full.txt,dia306_utt0,Ross,joy,110,109,109,49,0,Processed
res_dia306_utt1_20260804_005441_full.txt,dia306_utt1,Ross,joy,60,59,59,1,0,Processed
res_dia306_utt2_20260804_005459_full.txt,dia306_utt2,Ross,sadness,42,42,42,0,5,Processed
res_dia306_utt3_20260804_005526_full.txt,dia306_utt3,Carol,joy,61,0,0,37,0,Speaker Not Trained
res_dia306_utt4_20260804_005603_full.txt,dia306_utt4,Carol,neutral,199,0,0,3,0,Speaker Not Trained
res_dia306_utt5_20260804_005625_full.txt,dia306_utt5,Ross,joy,54,26,26,4,28,Processed
res_dia306_utt6_20260804_005640_full.txt,dia306_utt6,Carol,joy,24,0,0,0,16,Speaker Not Trained
res_dia306_utt7_20260804_005706_full.txt,dia306_utt7,Ross,neutral,88,70,70,18,20,Processed
res_dia307_utt0_20260804_005722_full.txt,dia307_utt0,Ross,neutral,32,32,32,0,32,Processed
res_dia307_utt10_20260804_005921_full.txt,dia307_utt10,Monica,neutral,451,451,451,17,181,Processed
res_dia307_utt11_20260804_005940_full.txt,dia307_utt11,Ross,neutral,49,49,49,0,39,Processed
res_dia307_utt12_20260804_010042_full.txt,dia307_utt12,Monica,neutral,241,243,243,39,44,Processed
res_dia307_utt1_20260804_005746_full.txt,dia307_utt1,Monica,joy,89,70,70,1,18,Processed
res_dia307_utt2_20260804_010106_full.txt,dia307_utt2,Ross,sadness,48,48,48,0,48,Processed
res_dia307_utt3_20260804_010124_full.txt,dia307_utt3,Monica,neutral,32,32,32,0,0,Processed
res_dia307_utt4_20260804_010206_full.txt,dia307_utt4,Ross,neutral,108,108,108,0,95,Processed
res_dia307_utt5_20260804_010253_full.txt,dia307_utt5,Monica,neutral,110,110,110,29,54,Processed
res_dia307_utt6_20260804_010307_full.txt,dia307_utt6,Monica,neutral,25,25,25,0,0,Processed
res_dia307_utt7_20260804_010332_full.txt,dia307_utt7,Ross,neutral,72,72,72,0,53,Processed
res_dia307_utt8_20260804_010347_full.txt,dia307_utt8,Monica,surprise,37,37,37,0,2,Processed
res_dia307_utt9_20260804_010410_full.txt,dia307_utt9,Ross,neutral,60,60,60,0,60,Processed
res_dia308_utt0_20260804_010520_full.txt,dia308_utt0,Supervisor,neutral,139,0,0,149,52,Speaker Not Trained
res_dia308_utt1_20260804_010657_full.txt,dia308_utt1,Phoebe,joy,128,120,120,230,48,Processed
res_dia308_utt2_20260804_010804_full.txt,dia308_utt2,Supervisor,neutral,75,0,0,157,0,Speaker Not Trained
res_dia308_utt3_20260804_011104_full.txt,dia308_utt3,Phoebe,neutral,205,205,205,484,0,Processed
res_dia308_utt4_20260804_011143_full.txt,dia308_utt4,Supervisor,neutral,38,0,0,76,0,Speaker Not Trained
res_dia308_utt5_20260804_011208_full.txt,dia308_utt5,Phoebe,neutral,54,54,54,54,54,Processed
res_dia309_utt0_20260804_011853_full.txt,dia309_utt0,Chandler,joy,909,327,327,731,569,Processed
res_dia309_utt1_20260804_012011_full.txt,dia309_utt1,Kathy,surprise,65,0,0,130,74,Speaker Not Trained
res_dia309_utt2_20260804_012033_full.txt,dia309_utt2,Chandler,joy,41,41,41,3,38,Processed
res_dia309_utt3_20260804_012048_full.txt,dia309_utt3,Kathy,neutral,13,0,0,13,36,Speaker Not Trained
res_dia309_utt4_20260804_012127_full.txt,dia309_utt4,Chandler,neutral,59,40,40,21,107,Processed
res_dia30_utt0_20260801_073950_full.txt,dia30_utt0,Elizabeth,neutral,94,0,0,224,136,Speaker Not Trained
res_dia30_utt10_20260801_074318_full.txt,dia30_utt10,Ross,neutral,59,59,59,95,59,Processed
res_dia30_utt11_20260801_074658_full.txt,dia30_utt11,Ross,fear,128,128,128,229,145,Processed
res_dia30_utt12_20260801_074749_full.txt,dia30_utt12,Paul,neutral,19,0,0,22,52,Speaker Not Trained
res_dia30_utt13_20260801_074902_full.txt,dia30_utt13,Ross,neutral,40,34,34,45,103,Processed
res_dia30_utt14_20260801_075250_full.txt,dia30_utt14,Paul,anger,131,0,0,152,331,Speaker Not Trained
res_dia30_utt15_20260801_075421_full.txt,dia30_utt15,Elizabeth,surprise,45,0,0,67,114,Speaker Not Trained
res_dia30_utt1_20260801_074140_full.txt,dia30_utt1,Ross,joy,58,58,58,118,58,Processed
res_dia30_utt2_20260801_075635_full.txt,dia30_utt2,Paul,neutral,83,0,0,86,233,Speaker Not Trained
res_dia30_utt3_20260801_075737_full.txt,dia30_utt3,Ross,neutral,53,53,53,53,53,Processed
res_dia30_utt4_20260801_080129_full.txt,dia30_utt4,Paul,anger,113,0,0,146,353,Speaker Not Trained
res_dia30_utt5_20260801_080216_full.txt,dia30_utt5,Ross,surprise,30,30,30,5,76,Processed
res_dia30_utt6_20260801_080348_full.txt,dia30_utt6,Paul,anger,48,0,0,55,119,Speaker Not Trained
res_dia30_utt7_20260801_080612_full.txt,dia30_utt7,Ross,fear,201,201,201,52,298,Processed
res_dia30_utt8_20260801_080813_full.txt,dia30_utt8,Paul,neutral,64,0,0,82,101,Speaker Not Trained
res_dia30_utt9_20260801_080849_full.txt,dia30_utt9,Ross,neutral,7,7,7,14,7,Processed
res_dia310_utt0_20260804_012153_full.txt,dia310_utt0,Phoebe,neutral,94,94,94,3,58,Processed
res_dia310_utt1_20260804_012210_full.txt,dia310_utt1,Monica,neutral,58,58,58,0,0,Processed
res_dia310_utt2_20260804_012228_full.txt,dia310_utt2,Phoebe,joy,52,52,52,0,0,Processed
res_dia310_utt3_20260804_012316_full.txt,dia310_utt3,Monica,sadness,163,77,77,38,23,Processed
res_dia310_utt4_20260804_012333_full.txt,dia310_utt4,Rachel,neutral,56,51,51,5,0,Processed
res_dia310_utt5_20260804_012356_full.txt,dia310_utt5,Monica,surprise,79,79,79,0,38,Processed
res_dia310_utt6_20260804_012429_full.txt,dia310_utt6,Rachel,sadness,136,0,0,0,38,Speaker Not Found
res_dia311_utt0_20260804_012512_full.txt,dia311_utt0,Phoebe,neutral,46,42,42,87,56,Processed
res_dia311_utt10_20260804_012549_full.txt,dia311_utt10,Rachel,surprise,40,34,34,0,37,Processed
res_dia311_utt11_20260804_012614_full.txt,dia311_utt11,Phoebe,neutral,78,67,67,9,38,Processed
res_dia311_utt12_20260804_012638_full.txt,dia311_utt12,Joey,neutral,54,54,54,5,64,Processed
res_dia311_utt1_20260804_012532_full.txt,dia311_utt1,Monica,joy,11,0,0,43,9,Speaker Not Found
res_dia311_utt2_20260804_012812_full.txt,dia311_utt2,Chandler,joy,94,5,5,219,154,Processed
res_dia311_utt3_20260804_012833_full.txt,dia311_utt3,Phoebe,joy,43,40,40,10,32,Processed
res_dia311_utt4_20260804_012918_full.txt,dia311_utt4,Ross,neutral,127,126,126,89,37,Processed
res_dia311_utt5_20260804_012949_full.txt,dia311_utt5,Phoebe,joy,39,39,39,49,42,Processed
res_dia311_utt6_20260804_013031_full.txt,dia311_utt6,Joey,neutral,49,45,45,72,62,Processed
res_dia311_utt7_20260804_013052_full.txt,dia311_utt7,Monica,joy,69,69,69,1,33,Processed
res_dia311_utt8_20260804_013104_full.txt,dia311_utt8,Rachel,surprise,17,17,17,0,17,Processed
res_dia311_utt9_20260804_013128_full.txt,dia311_utt9,Phoebe,neutral,68,65,65,1,42,Processed
res_dia312_utt0_20260804_013152_full.txt,dia312_utt0,Ross,neutral,52,39,39,15,29,Processed
res_dia312_utt10_20260804_013250_full.txt,dia312_utt10,Rachel,surprise,59,50,50,9,0,Processed
res_dia312_utt11_20260804_013306_full.txt,dia312_utt11,Rachel,neutral,39,39,39,0,0,Processed
res_dia312_utt12_20260804_013420_full.txt,dia312_utt12,Rachel,sadness,250,0,0,123,61,Speaker Not Found
res_dia312_utt13_20260804_013438_full.txt,dia312_utt13,Ross,sadness,27,27,27,0,27,Processed
res_dia312_utt14_20260804_013528_full.txt,dia312_utt14,Rachel,neutral,137,65,65,12,134,Processed
res_dia312_utt15_20260804_013549_full.txt,dia312_utt15,Ross,neutral,54,52,52,2,54,Processed
res_dia312_utt16_20260804_013613_full.txt,dia312_utt16,Rachel,neutral,36,17,17,24,31,Processed
res_dia312_utt17_20260804_013752_full.txt,dia312_utt17,Chandler,anger,147,26,26,156,221,Processed
res_dia312_utt18_20260804_013821_full.txt,dia312_utt18,Joey,sadness,50,43,43,31,79,Processed
res_dia312_utt19_20260804_013934_full.txt,dia312_utt19,Rachel,neutral,142,125,125,136,37,Processed
res_dia312_utt1_20260804_013229_full.txt,dia312_utt1,Rachel,anger,156,125,125,31,3,Processed
res_dia312_utt20_20260804_014012_full.txt,dia312_utt20,Joey,neutral,45,0,0,0,28,Speaker Not Found
res_dia312_utt21_20260804_014032_full.txt,dia312_utt21,Joey,sadness,53,50,50,7,39,Processed
res_dia312_utt2_20260804_013956_full.txt,dia312_utt2,Ross,anger,49,49,49,0,49,Processed
res_dia312_utt3_20260804_014057_full.txt,dia312_utt3,Rachel,neutral,97,97,97,0,13,Processed
res_dia312_utt4_20260804_014114_full.txt,dia312_utt4,Ross,sadness,25,25,25,0,25,Processed
res_dia312_utt5_20260804_014138_full.txt,dia312_utt5,Rachel,sadness,44,0,0,44,0,Speaker Not Found
res_dia312_utt6_20260804_014154_full.txt,dia312_utt6,Ross,neutral,43,43,43,0,25,Processed
res_dia312_utt7_20260804_014212_full.txt,dia312_utt7,Rachel,surprise,60,0,0,0,0,Speaker Not Found
res_dia312_utt8_20260804_014242_full.txt,dia312_utt8,Ross,surprise,106,106,106,0,51,Processed
res_dia312_utt9_20260804_014250_full.txt,dia312_utt9,Rachel,anger,2,0,0,2,0,Speaker Not Found
res_dia313_utt0_20260804_014307_full.txt,dia313_utt0,Joey,neutral,25,22,22,18,0,Processed
res_dia313_utt1_20260804_014321_full.txt,dia313_utt1,Chandler,neutral,36,36,36,0,0,Processed
res_dia313_utt2_20260804_014352_full.txt,dia313_utt2,Joey,neutral,115,61,60,18,3,Processed
res_dia313_utt3_20260804_014404_full.txt,dia313_utt3,Chandler,joy,29,29,29,0,0,Processed
res_dia314_utt0_20260804_014515_full.txt,dia314_utt0,Rachel,joy,129,129,129,63,408,Processed
res_dia314_utt10_20260804_014621_full.txt,dia314_utt10,Rachel,neutral,58,42,42,16,179,Processed
res_dia314_utt11_20260804_014711_full.txt,dia314_utt11,Joey,neutral,68,63,63,79,87,Processed
res_dia314_utt12_20260804_014756_full.txt,dia314_utt12,Rachel,neutral,99,99,99,0,219,Processed
res_dia314_utt1_20260804_014541_full.txt,dia314_utt1,Phoebe,joy,73,71,71,10,401,Processed
res_dia314_utt2_20260804_014839_full.txt,dia314_utt2,Rachel,joy,65,59,59,2,221,Processed
res_dia314_utt3_20260804_014913_full.txt,dia314_utt3,Phoebe,neutral,47,35,35,0,148,Processed
res_dia314_utt4_20260804_014934_full.txt,dia314_utt4,Rachel,joy,38,38,38,0,73,Processed
res_dia314_utt5_20260804_015005_full.txt,dia314_utt5,Phoebe,joy,58,58,58,0,105,Processed
res_dia314_utt7_20260804_015052_full.txt,dia314_utt7,Phoebe,neutral,92,92,92,0,234,Processed
res_dia314_utt8_20260804_015123_full.txt,dia314_utt8,Rachel,neutral,36,36,36,0,130,Processed
res_dia314_utt9_20260804_015237_full.txt,dia314_utt9,Phoebe,joy,159,136,136,14,410,Processed
res_dia315_utt0_20260804_015312_full.txt,dia315_utt0,Monica,neutral,78,72,72,15,132,Processed
res_dia315_utt1_20260804_015331_full.txt,dia315_utt1,Phoebe,neutral,44,41,41,6,40,Processed
res_dia315_utt2_20260804_015352_full.txt,dia315_utt2,Monica,joy,83,83,83,0,0,Processed
res_dia315_utt3_20260804_015427_full.txt,dia315_utt3,Monica,joy,157,157,157,0,0,Processed
res_dia315_utt4_20260804_015443_full.txt,dia315_utt4,Phoebe,anger,53,47,47,0,3,Processed
res_dia315_utt5_20260804_015512_full.txt,dia315_utt5,Monica,neutral,111,108,108,0,14,Processed
res_dia315_utt6_20260804_015526_full.txt,dia315_utt6,All,joy,28,0,0,0,3,Speaker Not Trained
res_dia315_utt7_20260804_015614_full.txt,dia315_utt7,Phoebe,joy,176,57,57,0,61,Processed
res_dia315_utt8_20260804_015633_full.txt,dia315_utt8,Monica,joy,25,0,0,0,25,Speaker Not Found
res_dia315_utt9_20260804_015726_full.txt,dia315_utt9,Chandler,joy,135,130,130,59,27,Processed
res_dia316_utt0_20260804_015742_full.txt,dia316_utt0,Joey,neutral,25,21,21,4,0,Processed
res_dia316_utt1_20260804_015758_full.txt,dia316_utt1,Chandler,neutral,34,0,0,0,0,Speaker Not Found
res_dia316_utt2_20260804_015837_full.txt,dia316_utt2,Chandler,sadness,143,0,0,0,34,Speaker Not Found
res_dia316_utt3_20260804_015856_full.txt,dia316_utt3,Joey,neutral,38,38,38,0,13,Processed
res_dia316_utt4_20260804_015918_full.txt,dia316_utt4,Chandler,fear,76,0,0,0,0,Speaker Not Found
res_dia316_utt5_20260804_015934_full.txt,dia316_utt5,Joey,anger,25,24,24,1,0,Processed
res_dia316_utt6_20260804_020013_full.txt,dia316_utt6,Voice,joy,168,0,0,0,0,Speaker Not Trained
res_dia316_utt7_20260804_020029_full.txt,dia316_utt7,Joey,neutral,30,30,30,0,0,Processed
res_dia316_utt8_20260804_020106_full.txt,dia316_utt8,Voice,neutral,144,0,0,0,9,Speaker Not Trained
res_dia317_utt0_20260804_020155_full.txt,dia317_utt0,Phoebe,neutral,99,99,99,58,16,Processed
res_dia317_utt10_20260804_020254_full.txt,dia317_utt10,Joey,anger,101,96,96,2,69,Processed
res_dia317_utt11_20260804_020312_full.txt,dia317_utt11,Ross,neutral,43,0,0,0,0,Speaker Not Found
res_dia317_utt12_20260804_020327_full.txt,dia317_utt12,Phoebe,anger,31,31,31,0,18,Processed
res_dia317_utt13_20260804_020347_full.txt,dia317_utt13,Phoebe,anger,58,58,58,0,2,Processed
res_dia317_utt14_20260804_020442_full.txt,dia317_utt14,Phoebe,anger,78,0,0,3,116,Speaker Not Found
res_dia317_utt15_20260804_020512_full.txt,dia317_utt15,Phoebe,anger,113,113,113,0,0,Processed
res_dia317_utt1_20260804_020216_full.txt,dia317_utt1,Rachel,joy,49,49,49,1,45,Processed
res_dia317_utt2_20260804_020547_full.txt,dia317_utt2,Phoebe,neutral,134,134,134,0,46,Processed
res_dia317_utt3_20260804_020631_full.txt,dia317_utt3,Rachel,anger,121,120,120,1,153,Processed
res_dia317_utt4_20260804_020656_full.txt,dia317_utt4,Phoebe,neutral,67,0,0,2,49,Speaker Not Found
res_dia317_utt5_20260804_020716_full.txt,dia317_utt5,Ross,joy,84,84,84,0,0,Processed
res_dia317_utt6_20260804_020727_full.txt,dia317_utt6,Joey,joy,19,0,0,0,0,Speaker Not Found
res_dia317_utt7_20260804_020759_full.txt,dia317_utt7,Phoebe,joy,67,0,0,14,59,Speaker Not Found
res_dia317_utt8_20260804_020837_full.txt,dia317_utt8,Joey,surprise,121,119,119,2,122,Processed
res_dia317_utt9_20260804_020856_full.txt,dia317_utt9,Phoebe,anger,57,57,57,0,57,Processed
res_dia318_utt0_20260804_020914_full.txt,dia318_utt0,Rachel,neutral,56,56,56,0,27,Processed
res_dia318_utt1_20260804_020927_full.txt,dia318_utt1,Monica,neutral,24,24,24,0,0,Processed
res_dia318_utt2_20260804_020943_full.txt,dia318_utt2,Chandler,neutral,32,32,32,0,32,Processed
res_dia318_utt3_20260804_020958_full.txt,dia318_utt3,Monica,neutral,32,0,0,0,4,Speaker Not Found
res_dia318_utt4_20260804_021013_full.txt,dia318_utt4,Chandler,neutral,25,25,25,0,25,Processed
res_dia319_utt0_20260804_021055_full.txt,dia319_utt0,Pete,neutral,112,0,0,78,17,Speaker Not Trained
res_dia319_utt10_20260804_021158_full.txt,dia319_utt10,Pete,neutral,73,0,0,8,73,Speaker Not Trained
res_dia319_utt11_20260804_021216_full.txt,dia319_utt11,Monica,neutral,36,36,36,0,36,Processed
res_dia319_utt12_20260804_021349_full.txt,dia319_utt12,Pete,neutral,225,0,0,133,92,Speaker Not Trained
res_dia319_utt13_20260804_021409_full.txt,dia319_utt13,Monica,surprise,41,41,41,0,41,Processed
res_dia319_utt14_20260804_021512_full.txt,dia319_utt14,Pete,joy,166,0,0,74,123,Speaker Not Trained
res_dia319_utt15_20260804_021530_full.txt,dia319_utt15,Monica,surprise,44,44,44,0,44,Processed
res_dia319_utt16_20260804_021618_full.txt,dia319_utt16,Pete,neutral,193,0,0,4,113,Speaker Not Trained
res_dia319_utt17_20260804_021642_full.txt,dia319_utt17,Monica,joy,70,68,68,0,61,Processed
res_dia319_utt18_20260804_021658_full.txt,dia319_utt18,Pete,neutral,32,0,0,12,16,Speaker Not Trained
res_dia319_utt19_20260804_021746_full.txt,dia319_utt19,Pete,joy,84,0,0,84,84,Speaker Not Trained
res_dia319_utt1_20260804_021127_full.txt,dia319_utt1,Monica,joy,60,51,51,29,0,Processed
res_dia319_utt20_20260804_021908_full.txt,dia319_utt20,Pete,joy,60,0,0,60,60,Speaker Not Trained
res_dia319_utt21_20260804_021927_full.txt,dia319_utt21,Pete,neutral,40,0,0,0,40,Speaker Not Trained
res_dia319_utt22_20260804_021955_full.txt,dia319_utt22,Monica,disgust,54,54,54,0,54,Processed
res_dia319_utt2_20260804_021833_full.txt,dia319_utt2,Pete,neutral,82,0,0,4,160,Speaker Not Trained
res_dia319_utt3_20260804_022027_full.txt,dia319_utt3,Monica,neutral,86,86,86,0,86,Processed
res_dia319_utt4_20260804_022058_full.txt,dia319_utt4,Pete,neutral,144,0,0,5,2,Speaker Not Trained
res_dia319_utt5_20260804_022118_full.txt,dia319_utt5,Monica,neutral,37,37,37,0,37,Processed
res_dia319_utt6_20260804_022219_full.txt,dia319_utt6,Pete,anger,263,0,0,30,69,Speaker Not Trained
res_dia319_utt7_20260804_022235_full.txt,dia319_utt7,Monica,surprise,33,33,33,0,33,Processed
res_dia319_utt8_20260804_022258_full.txt,dia319_utt8,Pete,sadness,41,0,0,0,41,Speaker Not Trained
res_dia319_utt9_20260804_022316_full.txt,dia319_utt9,Monica,neutral,30,30,30,0,30,Processed
res_dia31_utt0_20260801_081028_full.txt,dia31_utt0,Joey,neutral,77,50,50,71,36,Processed
res_dia31_utt1_20260801_081251_full.txt,dia31_utt1,The Dry Cleaner,neutral,52,0,0,168,0,Speaker Not Trained
res_dia31_utt2_20260801_081351_full.txt,dia31_utt2,Joey,neutral,98,98,98,1,94,Processed
res_dia31_utt3_20260801_081535_full.txt,dia31_utt3,Phoebe,neutral,140,140,140,53,107,Processed
res_dia320_utt0_20260804_022339_full.txt,dia320_utt0,Chandler,neutral,81,26,26,35,0,Processed
res_dia320_utt10_20260804_022449_full.txt,dia320_utt10,Chandler,neutral,100,100,100,23,77,Processed
res_dia320_utt11_20260804_022558_full.txt,dia320_utt11,Chandler,neutral,272,272,272,9,132,Processed
res_dia320_utt12_20260804_022626_full.txt,dia320_utt12,Monica,surprise,86,64,64,4,24,Processed
res_dia320_utt13_20260804_022714_full.txt,dia320_utt13,Chandler,sadness,247,219,219,4,24,Processed
res_dia320_utt14_20260804_022737_full.txt,dia320_utt14,Monica,neutral,53,53,53,0,53,Processed
res_dia320_utt15_20260804_022754_full.txt,dia320_utt15,Chandler,neutral,36,36,36,0,17,Processed
res_dia320_utt16_20260804_022810_full.txt,dia320_utt16,Monica,surprise,21,21,21,8,9,Processed
res_dia320_utt17_20260804_022827_full.txt,dia320_utt17,Chandler,joy,23,0,0,16,5,Speaker Not Found
res_dia320_utt1_20260804_022409_full.txt,dia320_utt1,Monica,neutral,134,99,99,35,0,Processed
res_dia320_utt2_20260804_022845_full.txt,dia320_utt2,Chandler,neutral,59,53,53,6,0,Processed
res_dia320_utt3_20260804_022856_full.txt,dia320_utt3,Monica,surprise,15,15,15,0,0,Processed
res_dia320_utt4_20260804_022914_full.txt,dia320_utt4,Chandler,sadness,63,0,0,0,0,Speaker Not Found
res_dia320_utt5_20260804_022938_full.txt,dia320_utt5,Monica,joy,86,74,74,12,0,Processed
res_dia320_utt6_20260804_022953_full.txt,dia320_utt6,Chandler,sadness,37,37,37,0,0,Processed
res_dia320_utt7_20260804_023013_full.txt,dia320_utt7,Monica,surprise,48,47,47,14,0,Processed
res_dia320_utt8_20260804_023041_full.txt,dia320_utt8,Chandler,sadness,110,66,66,20,0,Processed
res_dia320_utt9_20260804_023058_full.txt,dia320_utt9,Chandler,neutral,56,56,56,0,1,Processed
res_dia321_utt0_20260804_023109_full.txt,dia321_utt0,Phoebe,joy,15,15,15,0,0,Processed
res_dia321_utt10_20260804_023158_full.txt,dia321_utt10,Phoebe,disgust,77,76,76,9,20,Processed
res_dia321_utt11_20260804_023218_full.txt,dia321_utt11,Eric,disgust,26,0,0,3,49,Speaker Not Trained
res_dia321_utt1_20260804_023135_full.txt,dia321_utt1,Eric,joy,42,0,0,42,0,Speaker Not Trained
res_dia321_utt2_20260804_023237_full.txt,dia321_utt2,Phoebe,joy,63,63,63,4,0,Processed
res_dia321_utt3_20260804_023301_full.txt,dia321_utt3,Eric,neutral,41,0,0,17,41,Speaker Not Trained
res_dia321_utt4_20260804_023312_full.txt,dia321_utt4,Phoebe,surprise,15,15,15,0,0,Processed
res_dia321_utt5_20260804_023331_full.txt,dia321_utt5,Eric,neutral,41,0,0,0,28,Speaker Not Trained
res_dia321_utt6_20260804_023345_full.txt,dia321_utt6,Phoebe,surprise,22,22,22,0,0,Processed
res_dia321_utt7_20260804_023401_full.txt,dia321_utt7,Eric,joy,25,0,0,0,21,Speaker Not Trained
res_dia321_utt8_20260804_023412_full.txt,dia321_utt8,Phoebe,surprise,33,33,33,0,0,Processed
res_dia321_utt9_20260804_023454_full.txt,dia321_utt9,Eric,neutral,149,0,0,0,110,Speaker Not Trained
res_dia322_utt0_20260804_023521_full.txt,dia322_utt0,Monica,disgust,129,127,127,2,0,Processed
res_dia322_utt1_20260804_023600_full.txt,dia322_utt1,Stu,surprise,89,0,0,92,0,Speaker Not Trained
res_dia323_utt0_20260804_023704_full.txt,dia323_utt0,Monica,sadness,174,174,174,22,243,Processed
res_dia324_utt0_20260804_023721_full.txt,dia324_utt0,Phoebe Sr.,neutral,21,0,0,19,21,Speaker Not Trained
res_dia324_utt1_20260804_023735_full.txt,dia324_utt1,Phoebe,surprise,28,28,28,0,28,Processed
res_dia324_utt2_20260804_023758_full.txt,dia324_utt2,Joey,neutral,65,0,0,2,62,Speaker Not Found
res_dia324_utt3_20260804_023813_full.txt,dia324_utt3,Chandler,neutral,36,36,36,0,14,Processed
res_dia324_utt4_20260804_023910_full.txt,dia324_utt4,Joey,neutral,136,0,0,62,122,Speaker Not Found
res_dia324_utt5_20260804_024059_full.txt,dia324_utt5,Joey,neutral,334,57,57,92,281,Processed
res_dia324_utt6_20260804_024150_full.txt,dia324_utt6,Joey,neutral,179,57,57,13,100,Processed
res_dia324_utt7_20260804_024208_full.txt,dia324_utt7,Joey,neutral,54,54,54,0,0,Processed
res_dia325_utt0_20260804_024237_full.txt,dia325_utt0,Ross,neutral,66,38,38,8,61,Processed
res_dia326_utt0_20260804_024304_full.txt,dia326_utt0,Phoebe,sadness,61,28,28,0,28,Processed
res_dia326_utt1_20260804_024321_full.txt,dia326_utt1,Rachel,surprise,31,31,31,0,2,Processed
res_dia326_utt2_20260804_024353_full.txt,dia326_utt2,Monica,surprise,113,26,26,5,20,Processed
res_dia326_utt3_20260804_024409_full.txt,dia326_utt3,Phoebe,neutral,46,46,46,0,0,Processed
res_dia326_utt4_20260804_024430_full.txt,dia326_utt4,Rachel,surprise,70,2,2,0,0,Processed
res_dia326_utt5_20260804_024450_full.txt,dia326_utt5,Monica,fear,36,36,36,8,10,Processed
res_dia326_utt6_20260804_024536_full.txt,dia326_utt6,Rachel,joy,82,82,82,0,142,Processed
res_dia326_utt7_20260804_024547_full.txt,dia326_utt7,Phoebe,neutral,11,11,11,3,0,Processed
res_dia326_utt8_20260804_024610_full.txt,dia326_utt8,Rachel,neutral,75,70,70,9,25,Processed
res_dia327_utt0_20260804_024633_full.txt,dia327_utt0,Phoebe,anger,65,65,65,0,60,Processed
res_dia327_utt1_20260804_024647_full.txt,dia327_utt1,Ross,neutral,36,36,36,0,0,Processed
res_dia327_utt2_20260804_024708_full.txt,dia327_utt2,Phoebe,surprise,74,74,74,0,9,Processed
res_dia327_utt3_20260804_024726_full.txt,dia327_utt3,Ross,neutral,71,71,71,0,0,Processed
res_dia327_utt4_20260804_024738_full.txt,dia327_utt4,Phoebe,joy,25,25,25,0,4,Processed
res_dia327_utt5_20260804_024803_full.txt,dia327_utt5,Phoebe,neutral,95,95,95,0,18,Processed
res_dia327_utt6_20260804_024827_full.txt,dia327_utt6,Phoebe,anger,95,95,95,0,18,Processed
res_dia327_utt7_20260804_024851_full.txt,dia327_utt7,Phoebe,neutral,60,60,60,0,64,Processed
res_dia328_utt0_20260804_024955_full.txt,dia328_utt0,Jill,anger,65,0,0,100,156,Speaker Not Trained
res_dia328_utt1_20260804_025140_full.txt,dia328_utt1,Jill,anger,129,0,0,198,168,Speaker Not Trained
res_dia328_utt2_20260804_025157_full.txt,dia328_utt2,Jill,anger,29,0,0,25,0,Speaker Not Trained
res_dia328_utt3_20260804_025223_full.txt,dia328_utt3,Rachel,neutral,28,28,28,0,87,Processed
res_dia328_utt4_20260804_025258_full.txt,dia328_utt4,Jill,anger,108,0,0,11,59,Speaker Not Trained
res_dia328_utt5_20260804_025318_full.txt,dia328_utt5,Ross,neutral,50,50,50,1,49,Processed
res_dia328_utt6_20260804_025330_full.txt,dia328_utt6,Jill,joy,18,0,0,2,12,Speaker Not Trained
res_dia328_utt7_20260804_025351_full.txt,dia328_utt7,Joey,joy,51,0,0,12,40,Speaker Not Found
res_dia328_utt8_20260804_025442_full.txt,dia328_utt8,Chandler,sadness,167,106,106,4,134,Processed
res_dia329_utt0_20260804_025457_full.txt,dia329_utt0,Monica,joy,39,39,39,0,2,Processed
res_dia329_utt10_20260804_025541_full.txt,dia329_utt10,Phoebe,neutral,27,27,27,0,0,Processed
res_dia329_utt1_20260804_025528_full.txt,dia329_utt1,Rachel,anger,119,64,64,11,43,Processed
res_dia329_utt2_20260804_025557_full.txt,dia329_utt2,Phoebe,neutral,34,0,0,12,1,Speaker Not Found
res_dia329_utt3_20260804_025616_full.txt,dia329_utt3,Rachel,joy,40,0,0,6,40,Speaker Not Found
res_dia329_utt4_20260804_025629_full.txt,dia329_utt4,Monica,anger,26,26,26,0,0,Processed
res_dia329_utt5_20260804_025658_full.txt,dia329_utt5,Rachel,surprise,73,25,25,18,57,Processed
res_dia329_utt6_20260804_025725_full.txt,dia329_utt6,Phoebe,neutral,82,72,72,11,55,Processed
res_dia329_utt7_20260804_025740_full.txt,dia329_utt7,Monica,anger,30,30,30,0,0,Processed
res_dia329_utt8_20260804_025752_full.txt,dia329_utt8,Phoebe,neutral,15,15,15,0,0,Processed
res_dia329_utt9_20260804_025810_full.txt,dia329_utt9,Rachel,anger,35,35,35,2,33,Processed
res_dia32_utt0_20260801_081653_full.txt,dia32_utt0,Joey and Chandler,surprise,25,0,0,99,17,Speaker Not Trained
res_dia32_utt10_20260801_082144_full.txt,dia32_utt10,Ross,joy,19,17,17,74,2,Processed
res_dia32_utt11_20260801_082310_full.txt,dia32_utt11,Ross,joy,66,66,66,44,68,Processed
res_dia32_utt12_20260801_082520_full.txt,dia32_utt12,Ross,anger,151,151,151,37,252,Processed
res_dia32_utt13_20260801_082546_full.txt,dia32_utt13,Ross,anger,8,8,8,6,18,Processed
res_dia32_utt14_20260801_082714_full.txt,dia32_utt14,Ross,anger,74,74,74,12,208,Processed
res_dia32_utt15_20260801_082825_full.txt,dia32_utt15,Chandler,neutral,45,39,39,46,179,Processed
res_dia32_utt16_20260801_082906_full.txt,dia32_utt16,Joey,neutral,36,33,33,3,44,Processed
res_dia32_utt17_20260801_083022_full.txt,dia32_utt17,Phoebe,fear,30,30,30,88,63,Processed
res_dia32_utt18_20260801_083055_full.txt,dia32_utt18,Ross,neutral,24,24,24,5,37,Processed
res_dia32_utt1_20260801_082034_full.txt,dia32_utt1,Phoebe,neutral,296,207,207,112,354,Processed
res_dia32_utt2_20260801_083133_full.txt,dia32_utt2,Monica,surprise,27,27,27,17,98,Processed
res_dia32_utt3_20260801_083237_full.txt,dia32_utt3,Phoebe,neutral,60,60,60,53,248,Processed
res_dia32_utt4_20260801_083459_full.txt,dia32_utt4,Rachel,surprise,59,36,36,156,87,Processed
res_dia32_utt5_20260801_083524_full.txt,dia32_utt5,Phoebe,neutral,2,0,0,8,3,Speaker Not Found
res_dia32_utt6_20260801_083652_full.txt,dia32_utt6,Monica,surprise,26,13,13,95,26,Processed
res_dia32_utt7_20260801_083725_full.txt,dia32_utt7,Ross,surprise,3,3,3,15,4,Processed
res_dia32_utt8_20260801_083947_full.txt,dia32_utt8,Ross,neutral,41,21,21,157,66,Processed
res_dia32_utt9_20260801_084123_full.txt,dia32_utt9,Chandler,surprise,28,21,21,86,18,Processed
res_dia330_utt0_20260804_025849_full.txt,dia330_utt0,Joshua,neutral,80,0,0,4,96,Speaker Not Trained
res_dia330_utt1_20260804_025948_full.txt,dia330_utt1,Rachel,neutral,177,171,171,7,157,Processed
res_dia330_utt2_20260804_025958_full.txt,dia330_utt2,Joshua,joy,3,0,0,0,0,Speaker Not Trained
res_dia330_utt3_20260804_030015_full.txt,dia330_utt3,Rachel,neutral,38,0,0,2,36,Speaker Not Found
res_dia331_utt0_20260804_030032_full.txt,dia331_utt0,Phoebe,anger,38,38,38,0,35,Processed
res_dia331_utt1_20260804_030108_full.txt,dia331_utt1,Chandler,neutral,55,55,55,1,109,Processed
res_dia331_utt2_20260804_030120_full.txt,dia331_utt2,Phoebe,neutral,24,24,24,0,0,Processed
res_dia331_utt3_20260804_030139_full.txt,dia331_utt3,Phoebe,neutral,67,67,67,0,0,Processed
res_dia331_utt4_20260804_030200_full.txt,dia331_utt4,Phoebe,sadness,83,83,83,0,16,Processed
res_dia331_utt5_20260804_030225_full.txt,dia331_utt5,All,neutral,35,0,0,0,260,Speaker Not Trained
res_dia331_utt6_20260804_030347_full.txt,dia331_utt6,Monica,neutral,74,66,66,193,53,Processed
res_dia331_utt7_20260804_030433_full.txt,dia331_utt7,Rachel,neutral,40,40,40,91,39,Processed
res_dia331_utt8_20260804_030519_full.txt,dia331_utt8,Monica,joy,96,96,96,43,127,Processed
res_dia331_utt9_20260804_030550_full.txt,dia331_utt9,Gunther,joy,25,0,0,46,10,Speaker Not Trained
res_dia332_utt0_20260804_030727_full.txt,dia332_utt0,Ross,surprise,58,58,58,236,90,Processed
res_dia332_utt10_20260805_122657_full.txt,dia332_utt10,Joey,neutral,30,30,30,0,30,Processed
res_dia332_utt11_20260805_122716_full.txt,dia332_utt11,Ross,surprise,16,11,11,5,16,Processed
res_dia332_utt12_20260805_122733_full.txt,dia332_utt12,Ross,anger,25,25,25,0,25,Processed
res_dia332_utt13_20260805_122754_full.txt,dia332_utt13,Ross,surprise,44,44,44,9,30,Processed
res_dia332_utt14_20260805_122832_full.txt,dia332_utt14,Ross,surprise,93,93,93,5,88,Processed
res_dia332_utt15_20260805_122902_full.txt,dia332_utt15,Ross,neutral,46,0,0,25,34,Speaker Not Found
res_dia332_utt1_20260804_030739_full.txt,dia332_utt1,Joey,neutral,2,1,1,8,4,Processed
res_dia332_utt2_20260804_030849_full.txt,dia332_utt2,Joey,neutral,43,37,37,149,68,Processed
res_dia332_utt3_20260804_031055_full.txt,dia332_utt3,Joey,neutral,65,65,65,259,76,Processed
res_dia332_utt4_20260804_031149_full.txt,dia332_utt4,Ross,neutral,22,0,0,97,28,Speaker Not Found
res_dia332_utt5_20260804_031304_full.txt,dia332_utt5,Mona,joy,32,0,0,122,78,Speaker Not Trained
res_dia332_utt6_20260804_031413_full.txt,dia332_utt6,Joey,neutral,34,15,15,138,84,Processed
res_dia332_utt7_20260804_031622_full.txt,dia332_utt7,Mona,anger,104,0,0,250,152,Speaker Not Trained
res_dia332_utt8_20260805_123004_full.txt,dia332_utt8,Joey,neutral,101,97,97,60,133,Processed
res_dia332_utt9_20260805_123039_full.txt,dia332_utt9,Mona,neutral,32,0,0,33,61,Speaker Not Trained
res_dia333_utt0_20260805_123204_full.txt,dia333_utt0,Joey,neutral,86,64,64,145,47,Processed
res_dia333_utt1_20260805_123234_full.txt,dia333_utt1,Tour Guide,neutral,33,0,0,33,47,Speaker Not Trained
res_dia333_utt2_20260805_123256_full.txt,dia333_utt2,Joey,surprise,74,74,74,0,74,Processed
res_dia333_utt3_20260805_123319_full.txt,dia333_utt3,Tour Guide,neutral,43,0,0,43,11,Speaker Not Trained
res_dia333_utt4_20260805_123639_full.txt,dia333_utt4,Tour Guide,neutral,177,0,0,469,410,Speaker Not Trained
res_dia334_utt0_20260805_123704_full.txt,dia334_utt0,Joey,joy,108,0,0,0,0,Speaker Not Found
res_dia334_utt10_20260805_123732_full.txt,dia334_utt10,Kathy,neutral,48,0,0,4,0,Speaker Not Trained
res_dia334_utt11_20260805_123749_full.txt,dia334_utt11,Chandler,neutral,34,34,34,12,0,Processed
res_dia334_utt12_20260805_123807_full.txt,dia334_utt12,Kathy,neutral,64,0,0,1,1,Speaker Not Trained
res_dia334_utt1_20260805_123715_full.txt,dia334_utt1,Chandler,neutral,24,24,24,0,0,Processed
res_dia334_utt2_20260805_123827_full.txt,dia334_utt2,Joey,sadness,80,0,0,0,0,Speaker Not Found
res_dia334_utt3_20260805_123842_full.txt,dia334_utt3,Chandler,neutral,33,5,5,7,22,Processed
res_dia334_utt4_20260805_123853_full.txt,dia334_utt4,Kathy,neutral,24,0,0,3,0,Speaker Not Trained
res_dia334_utt5_20260805_123921_full.txt,dia334_utt5,Kathy,neutral,69,0,0,49,0,Speaker Not Trained
res_dia334_utt6_20260805_123951_full.txt,dia334_utt6,Kathy,neutral,70,0,0,70,0,Speaker Not Trained
res_dia334_utt7_20260805_124014_full.txt,dia334_utt7,Kathy,neutral,54,0,0,54,0,Speaker Not Trained
res_dia334_utt8_20260805_124034_full.txt,dia334_utt8,Kathy,neutral,49,0,0,18,46,Speaker Not Trained
res_dia334_utt9_20260805_124052_full.txt,dia334_utt9,Chandler,neutral,45,45,45,0,28,Processed
res_dia335_utt0_20260805_124133_full.txt,dia335_utt0,Ross,neutral,145,126,126,31,25,Processed
res_dia335_utt1_20260805_124159_full.txt,dia335_utt1,Dr. Ledbetter,joy,51,0,0,51,0,Speaker Not Trained
res_dia335_utt2_20260805_124223_full.txt,dia335_utt2,Ross,neutral,95,95,95,0,0,Processed
res_dia335_utt3_20260805_124257_full.txt,dia335_utt3,Dr. Ledbetter,neutral,75,0,0,75,0,Speaker Not Trained
res_dia336_utt0_20260805_124356_full.txt,dia336_utt0,Ross,surprise,268,228,228,37,0,Processed
res_dia336_utt10_20260805_124438_full.txt,dia336_utt10,Ross,disgust,60,60,60,0,19,Processed
res_dia336_utt11_20260805_124451_full.txt,dia336_utt11,Monica,sadness,25,23,23,2,0,Processed
res_dia336_utt12_20260805_124517_full.txt,dia336_utt12,Chandler,neutral,97,97,97,8,0,Processed
res_dia336_utt13_20260805_124603_full.txt,dia336_utt13,Ross,surprise,203,0,0,8,0,Speaker Not Found
res_dia336_utt14_20260805_124629_full.txt,dia336_utt14,Chandler,surprise,102,102,102,0,0,Processed
res_dia336_utt15_20260805_124745_full.txt,dia336_utt15,Ross,joy,235,235,235,84,172,Processed
res_dia336_utt16_20260805_124838_full.txt,dia336_utt16,Ross,joy,241,241,241,23,52,Processed
res_dia336_utt17_20260805_124909_full.txt,dia336_utt17,Ross,joy,76,76,76,75,1,Processed
res_dia336_utt18_20260805_124943_full.txt,dia336_utt18,Ross,joy,88,88,88,88,4,Processed
res_dia336_utt19_20260805_125012_full.txt,dia336_utt19,Rachel,neutral,102,0,0,19,6,Speaker Not Found
res_dia336_utt1_20260805_124419_full.txt,dia336_utt1,Chandler,joy,68,23,23,1,36,Processed
res_dia336_utt20_20260805_125104_full.txt,dia336_utt20,Ross,surprise,53,44,44,2,10,Processed
res_dia336_utt21_20260805_125119_full.txt,dia336_utt21,Chandler,joy,34,34,34,0,0,Processed
res_dia336_utt2_20260805_125047_full.txt,dia336_utt2,Monica,neutral,151,137,137,14,0,Processed
res_dia336_utt3_20260805_125134_full.txt,dia336_utt3,Ross,neutral,50,0,0,0,0,Speaker Not Found
res_dia336_utt4_20260805_125150_full.txt,dia336_utt4,Monica,surprise,37,27,27,10,0,Processed
res_dia336_utt6_20260805_125210_full.txt,dia336_utt6,Monica,sadness,73,73,73,0,0,Processed
res_dia336_utt7_20260805_125238_full.txt,dia336_utt7,Monica,anger,127,127,127,0,0,Processed
res_dia336_utt8_20260805_125321_full.txt,dia336_utt8,Monica,fear,232,154,154,0,0,Processed
res_dia336_utt9_20260805_125420_full.txt,dia336_utt9,Monica,sadness,255,65,65,36,0,Processed
res_dia337_utt0_20260805_125438_full.txt,dia337_utt0,Ross,neutral,29,20,20,16,5,Processed
res_dia337_utt10_20260805_125546_full.txt,dia337_utt10,Ross,neutral,138,138,138,1,137,Processed
res_dia337_utt11_20260805_125614_full.txt,dia337_utt11,Ross,neutral,48,48,48,1,47,Processed
res_dia337_utt12_20260805_125632_full.txt,dia337_utt12,Ross,neutral,41,41,41,0,41,Processed
res_dia337_utt13_20260805_125648_full.txt,dia337_utt13,Ross,neutral,38,38,38,10,0,Processed
res_dia337_utt14_20260805_125716_full.txt,dia337_utt14,Chandler,surprise,70,70,70,33,37,Processed
res_dia337_utt15_20260805_125732_full.txt,dia337_utt15,Ross,sadness,41,41,41,0,0,Processed
res_dia337_utt16_20260805_125801_full.txt,dia337_utt16,Chandler,surprise,125,125,125,0,0,Processed
res_dia337_utt17_20260805_125835_full.txt,dia337_utt17,Ross,neutral,119,68,68,2,51,Processed
res_dia337_utt18_20260805_125849_full.txt,dia337_utt18,Chandler,anger,24,0,0,9,15,Speaker Not Found
res_dia337_utt19_20260805_125913_full.txt,dia337_utt19,Ross,neutral,56,56,56,9,47,Processed
res_dia337_utt1_20260805_125501_full.txt,dia337_utt1,Chandler,surprise,86,86,86,2,39,Processed
res_dia337_utt2_20260805_125951_full.txt,dia337_utt2,Ross,neutral,132,132,132,0,76,Processed
res_dia337_utt3_20260805_130050_full.txt,dia337_utt3,Chandler,surprise,210,0,0,19,96,Speaker Not Found
res_dia337_utt4_20260805_130114_full.txt,dia337_utt4,Ross,joy,72,37,37,1,1,Processed
res_dia337_utt5_20260805_130210_full.txt,dia337_utt5,Chandler,joy,145,144,144,11,54,Processed
res_dia337_utt6_20260805_130246_full.txt,dia337_utt6,Ross,sadness,78,41,41,8,22,Processed
res_dia337_utt7_20260805_130318_full.txt,dia337_utt7,Chandler,surprise,47,51,51,22,26,Processed
res_dia337_utt8_20260805_130337_full.txt,dia337_utt8,Ross,neutral,27,27,27,0,27,Processed
res_dia337_utt9_20260805_130407_full.txt,dia337_utt9,Chandler,surprise,99,69,69,0,30,Processed
res_dia338_utt0_20260805_130445_full.txt,dia338_utt0,Joshua,neutral,58,0,0,29,73,Speaker Not Trained
res_dia338_utt10_20260805_130603_full.txt,dia338_utt10,Mr. Burgin,neutral,56,0,0,7,0,Speaker Not Trained
res_dia338_utt11_20260805_130628_full.txt,dia338_utt11,Rachel,neutral,61,50,50,11,3,Processed
res_dia338_utt12_20260805_130704_full.txt,dia338_utt12,Mr. Burgin,neutral,112,0,0,22,0,Speaker Not Trained
res_dia338_utt13_20260805_130742_full.txt,dia338_utt13,Rachel,neutral,141,141,141,0,0,Processed
res_dia338_utt14_20260805_130824_full.txt,dia338_utt14,Mr. Burgin,neutral,63,0,0,76,0,Speaker Not Trained
res_dia338_utt15_20260805_130849_full.txt,dia338_utt15,Rachel,neutral,34,0,0,34,0,Speaker Not Found
res_dia338_utt16_20260805_131101_full.txt,dia338_utt16,Mr. Burgin,neutral,125,0,0,215,0,Speaker Not Trained
res_dia338_utt1_20260805_130545_full.txt,dia338_utt1,Rachel,joy,94,0,0,91,29,Speaker Not Found
res_dia338_utt2_20260805_131203_full.txt,dia338_utt2,Mrs. Burgin,neutral,123,0,0,125,123,Speaker Not Trained
res_dia338_utt3_20260805_131224_full.txt,dia338_utt3,Rachel,surprise,60,0,0,4,12,Speaker Not Found
res_dia338_utt4_20260805_131251_full.txt,dia338_utt4,Rachel,joy,117,117,117,0,0,Processed
res_dia338_utt5_20260805_131354_full.txt,dia338_utt5,Rachel,neutral,141,125,125,140,16,Processed
res_dia338_utt6_20260805_131512_full.txt,dia338_utt6,Rachel,neutral,304,284,284,57,18,Processed
res_dia338_utt7_20260805_131551_full.txt,dia338_utt7,Mrs. Burgin,neutral,30,0,0,59,0,Speaker Not Trained
res_dia338_utt8_20260805_131613_full.txt,dia338_utt8,Rachel,joy,19,13,13,22,6,Processed
res_dia338_utt9_20260805_131630_full.txt,dia338_utt9,Joshua,neutral,19,0,0,19,0,Speaker Not Trained
res_dia339_utt0_20260805_131750_full.txt,dia339_utt0,Joey,neutral,124,93,93,173,195,Processed
res_dia339_utt1_20260805_131807_full.txt,dia339_utt1,Monica,neutral,25,25,25,15,0,Processed
res_dia339_utt3_20260805_131828_full.txt,dia339_utt3,Monica,anger,35,35,35,29,5,Processed
res_dia339_utt4_20260805_131920_full.txt,dia339_utt4,Joey,joy,61,0,0,108,96,Speaker Not Found
res_dia33_utt0_20260801_084205_full.txt,dia33_utt0,Chandler,fear,105,105,105,0,0,Processed
res_dia33_utt10_20260801_084357_full.txt,dia33_utt10,Rachel,neutral,121,121,121,21,0,Processed
res_dia33_utt1_20260801_084249_full.txt,dia33_utt1,Joey,joy,53,51,51,25,1,Processed
res_dia33_utt2_20260801_084506_full.txt,dia33_utt2,Ross,neutral,52,50,50,51,21,Processed
res_dia33_utt3_20260801_084801_full.txt,dia33_utt3,Chandler,neutral,215,72,72,148,64,Processed
res_dia33_utt4_20260801_084843_full.txt,dia33_utt4,Phoebe,surprise,39,39,39,9,25,Processed
res_dia33_utt5_20260801_085001_full.txt,dia33_utt5,Chandler,neutral,91,91,91,28,78,Processed
res_dia33_utt6_20260801_085120_full.txt,dia33_utt6,Ross,neutral,63,49,49,19,107,Processed
res_dia33_utt7_20260801_085211_full.txt,dia33_utt7,Monica,neutral,60,19,19,22,45,Processed
res_dia33_utt8_20260801_085312_full.txt,dia33_utt8,Chandler,joy,93,53,53,5,58,Processed
res_dia33_utt9_20260801_085438_full.txt,dia33_utt9,Monica,joy,173,173,173,53,24,Processed
res_dia340_utt0_20260805_132012_full.txt,dia340_utt0,Chandler,neutral,40,0,0,80,24,Speaker Not Found
res_dia341_utt0_20260805_132045_full.txt,dia341_utt0,Joey,neutral,40,0,0,40,97,Speaker Not Found
res_dia342_utt0_20260805_132057_full.txt,dia342_utt0,Chandler,neutral,19,19,19,2,0,Processed
res_dia342_utt10_20260805_132156_full.txt,dia342_utt10,Chandler,anger,87,87,87,45,79,Processed
res_dia342_utt11_20260805_132213_full.txt,dia342_utt11,Joey,neutral,40,40,40,9,12,Processed
res_dia342_utt12_20260805_132236_full.txt,dia342_utt12,Chandler,neutral,36,36,36,19,52,Processed
res_dia342_utt13_20260805_132255_full.txt,dia342_utt13,Joey,anger,70,70,70,4,0,Processed
res_dia342_utt14_20260805_132332_full.txt,dia342_utt14,Chandler,neutral,87,87,87,23,77,Processed
res_dia342_utt15_20260805_132420_full.txt,dia342_utt15,Joey,joy,166,125,125,23,77,Processed
res_dia342_utt16_20260805_132445_full.txt,dia342_utt16,Ross,surprise,75,0,0,10,29,Speaker Not Found
res_dia342_utt17_20260805_132509_full.txt,dia342_utt17,Chandler,joy,40,40,40,36,4,Processed
res_dia342_utt18_20260805_132533_full.txt,dia342_utt18,Ross,neutral,75,75,75,1,10,Processed
res_dia342_utt19_20260805_132601_full.txt,dia342_utt19,Chandler,neutral,81,81,81,15,36,Processed
res_dia342_utt1_20260805_132112_full.txt,dia342_utt1,Ross,neutral,49,12,12,0,0,Processed
res_dia342_utt2_20260805_132626_full.txt,dia342_utt2,Joey,neutral,105,104,104,1,0,Processed
res_dia342_utt3_20260805_132648_full.txt,dia342_utt3,Ross,neutral,81,81,81,1,9,Processed
res_dia342_utt4_20260805_132704_full.txt,dia342_utt4,Joey,neutral,35,35,35,0,0,Processed
res_dia342_utt5_20260805_132739_full.txt,dia342_utt5,Ross,joy,86,86,86,18,68,Processed
res_dia342_utt6_20260805_132759_full.txt,dia342_utt6,Chandler,anger,35,35,35,25,8,Processed
res_dia342_utt7_20260805_132845_full.txt,dia342_utt7,Ross,joy,71,70,70,17,124,Processed
res_dia342_utt8_20260805_132907_full.txt,dia342_utt8,Chandler,neutral,62,62,62,28,8,Processed
res_dia342_utt9_20260805_132931_full.txt,dia342_utt9,Joey,neutral,90,90,90,1,3,Processed
res_dia343_utt0_20260805_132959_full.txt,dia343_utt0,Monica,surprise,68,55,55,2,56,Processed
res_dia344_utt0_20260805_133015_full.txt,dia344_utt0,Joey,joy,43,42,42,1,0,Processed
res_dia344_utt10_20260805_133051_full.txt,dia344_utt10,Joey,surprise,20,20,20,11,0,Processed
res_dia344_utt11_20260805_133106_full.txt,dia344_utt11,Joey,joy,26,0,0,8,0,Speaker Not Found
res_dia344_utt12_20260805_133123_full.txt,dia344_utt12,Joey,joy,29,26,26,3,0,Processed
res_dia344_utt13_20260805_133141_full.txt,dia344_utt13,Joey,neutral,42,33,33,1,0,Processed
res_dia344_utt14_20260805_133208_full.txt,dia344_utt14,Monica,surprise,105,106,106,0,0,Processed
res_dia344_utt15_20260805_133449_full.txt,dia344_utt15,Joey,disgust,446,46,46,132,57,Processed
res_dia344_utt1_20260805_133035_full.txt,dia344_utt1,Joey,neutral,38,18,18,15,0,Processed
res_dia344_utt2_20260805_133533_full.txt,dia344_utt2,Joey,neutral,27,16,16,11,0,Processed
res_dia344_utt3_20260805_133651_full.txt,dia344_utt3,Joey,neutral,53,41,41,24,17,Processed
res_dia344_utt4_20260805_133736_full.txt,dia344_utt4,Joey,surprise,68,68,68,11,0,Processed
res_dia344_utt6_20260805_133808_full.txt,dia344_utt6,Monica,joy,78,66,66,18,35,Processed
res_dia344_utt7_20260805_133830_full.txt,dia344_utt7,Joey,joy,48,48,48,0,0,Processed
res_dia344_utt8_20260805_133908_full.txt,dia344_utt8,Joey,fear,39,24,24,46,0,Processed
res_dia344_utt9_20260805_133935_full.txt,dia344_utt9,Joey,neutral,71,73,73,0,0,Processed
res_dia345_utt0_20260805_133947_full.txt,dia345_utt0,Rachel,neutral,2,0,0,4,2,Speaker Not Found
res_dia345_utt1_20260805_134037_full.txt,dia345_utt1,Phoebe,neutral,45,6,6,47,70,Processed
res_dia345_utt2_20260805_134123_full.txt,dia345_utt2,Rachel,joy,61,0,0,51,61,Speaker Not Found
res_dia345_utt3_20260805_134259_full.txt,dia345_utt3,Phoebe,neutral,117,98,98,97,205,Processed
res_dia345_utt4_20260805_134603_full.txt,dia345_utt4,Rachel,joy,185,0,0,279,333,Speaker Not Found
res_dia346_utt0_20260805_134638_full.txt,dia346_utt0,Chandler,joy,125,123,123,2,12,Processed
res_dia346_utt1_20260805_134659_full.txt,dia346_utt1,Monica,surprise,35,31,31,0,35,Processed
res_dia346_utt2_20260805_134733_full.txt,dia346_utt2,Chandler,surprise,65,54,54,11,65,Processed
res_dia346_utt3_20260805_134802_full.txt,dia346_utt3,Monica,neutral,58,56,56,2,58,Processed
res_dia346_utt4_20260805_134847_full.txt,dia346_utt4,Chandler,neutral,130,0,0,0,127,Speaker Not Found
res_dia346_utt5_20260805_134913_full.txt,dia346_utt5,Monica,surprise,53,40,40,1,49,Processed
res_dia346_utt6_20260805_134958_full.txt,dia346_utt6,Chandler,neutral,162,162,162,0,70,Processed
res_dia347_utt0_20260805_135030_full.txt,dia347_utt0,Monica,sadness,50,28,28,50,22,Processed
res_dia347_utt10_20260805_135134_full.txt,dia347_utt10,Phoebe,sadness,16,15,15,0,1,Processed
res_dia347_utt11_20260805_135150_full.txt,dia347_utt11,Monica,neutral,31,0,0,0,0,Speaker Not Found
res_dia347_utt1_20260805_135118_full.txt,dia347_utt1,Chandler,neutral,42,0,0,51,58,Speaker Not Found
res_dia347_utt2_20260805_135218_full.txt,dia347_utt2,Monica,surprise,67,12,12,13,12,Processed
res_dia347_utt3_20260805_135310_full.txt,dia347_utt3,Chandler,neutral,184,33,33,38,1,Processed
res_dia347_utt4_20260805_135335_full.txt,dia347_utt4,Phoebe,sadness,83,83,83,0,0,Processed
res_dia347_utt5_20260805_135406_full.txt,dia347_utt5,Chandler,neutral,55,55,55,0,55,Processed
res_dia347_utt6_20260805_135425_full.txt,dia347_utt6,Monica,surprise,38,0,0,10,0,Speaker Not Found
res_dia347_utt7_20260805_135446_full.txt,dia347_utt7,Phoebe,sadness,74,74,74,0,0,Processed
res_dia347_utt8_20260805_135551_full.txt,dia347_utt8,Joey,surprise,105,48,48,60,33,Processed
res_dia347_utt9_20260805_135739_full.txt,dia347_utt9,Phoebe,sadness,98,94,94,110,165,Processed
res_dia348_utt0_20260805_140128_full.txt,dia348_utt0,Rachel,joy,64,64,64,327,158,Processed
res_dia348_utt1_20260805_140317_full.txt,dia348_utt1,Ross,joy,25,26,26,154,67,Processed
res_dia348_utt2_20260805_140754_full.txt,dia348_utt2,Man,joy,93,0,0,349,140,Speaker Not Trained
res_dia348_utt4_20260805_141211_full.txt,dia348_utt4,Ross,neutral,148,96,96,206,227,Processed
res_dia349_utt0_20260805_141242_full.txt,dia349_utt0,Monica,joy,22,22,22,22,79,Processed
res_dia349_utt10_20260805_141512_full.txt,dia349_utt10,Chandler,joy,67,65,65,94,171,Processed
res_dia349_utt11_20260805_141658_full.txt,dia349_utt11,Phoebe,surprise,103,66,66,50,270,Processed
res_dia349_utt1_20260805_141332_full.txt,dia349_utt1,Phoebe,joy,22,0,0,44,68,Speaker Not Found
res_dia349_utt2_20260805_141801_full.txt,dia349_utt2,Ross,joy,24,4,4,62,48,Processed
res_dia349_utt3_20260805_142141_full.txt,dia349_utt3,Monica,neutral,84,98,98,220,256,Processed
res_dia349_utt4_20260805_142206_full.txt,dia349_utt4,Phoebe,joy,26,26,26,0,49,Processed
res_dia349_utt5_20260805_142226_full.txt,dia349_utt5,Ross,joy,4,4,4,0,10,Processed
res_dia349_utt6_20260805_142309_full.txt,dia349_utt6,Monica,neutral,29,29,29,1,81,Processed
res_dia349_utt7_20260805_142434_full.txt,dia349_utt7,Phoebe,sadness,153,108,108,11,214,Processed
res_dia349_utt8_20260805_142543_full.txt,dia349_utt8,Ross,neutral,87,61,61,30,201,Processed
res_dia349_utt9_20260805_142639_full.txt,dia349_utt9,Phoebe,neutral,82,88,88,35,45,Processed
res_dia34_utt0_20260801_085608_full.txt,dia34_utt0,Rachel,neutral,29,28,28,85,60,Processed
res_dia34_utt10_20260801_090354_full.txt,dia34_utt10,Rachel,neutral,110,107,107,149,29,Processed
res_dia34_utt11_20260801_090424_full.txt,dia34_utt11,Ross,neutral,24,24,24,0,28,Processed
res_dia34_utt12_20260801_090451_full.txt,dia34_utt12,Rachel,neutral,17,17,17,0,17,Processed
res_dia34_utt13_20260801_090850_full.txt,dia34_utt13,Ross,disgust,91,74,74,428,32,Processed
res_dia34_utt1_20260801_090137_full.txt,dia34_utt1,Rachel,neutral,112,96,96,424,199,Processed
res_dia34_utt2_20260801_091027_full.txt,dia34_utt2,Rachel,neutral,80,0,0,96,85,Speaker Not Found
res_dia34_utt3_20260801_091127_full.txt,dia34_utt3,Ross,joy,52,52,52,35,50,Processed
res_dia34_utt4_20260801_091211_full.txt,dia34_utt4,Rachel,neutral,48,43,43,32,48,Processed
res_dia34_utt5_20260801_091309_full.txt,dia34_utt5,Ross,neutral,75,75,75,57,30,Processed
res_dia34_utt6_20260801_091402_full.txt,dia34_utt6,Rachel,neutral,46,36,36,6,77,Processed
res_dia34_utt7_20260801_091427_full.txt,dia34_utt7,Ross,neutral,24,24,24,0,18,Processed
res_dia34_utt8_20260801_091515_full.txt,dia34_utt8,Rachel,neutral,67,58,58,8,48,Processed
res_dia34_utt9_20260801_091610_full.txt,dia34_utt9,Ross,surprise,51,51,51,0,102,Processed
res_dia350_utt0_20260805_142709_full.txt,dia350_utt0,Chandler,neutral,59,53,53,58,0,Processed
res_dia350_utt1_20260805_142733_full.txt,dia350_utt1,Monica,joy,40,40,40,0,0,Processed
res_dia350_utt2_20260805_142843_full.txt,dia350_utt2,Chandler,joy,292,292,292,2,0,Processed
res_dia350_utt3_20260805_142916_full.txt,dia350_utt3,Monica,joy,72,72,72,21,0,Processed
res_dia350_utt4_20260805_142956_full.txt,dia350_utt4,Chandler,neutral,131,131,131,0,0,Processed
res_dia350_utt5_20260805_143032_full.txt,dia350_utt5,Monica,neutral,57,56,56,17,0,Processed
res_dia350_utt6_20260805_143109_full.txt,dia350_utt6,Chandler,neutral,99,99,99,0,0,Processed
res_dia350_utt7_20260805_143134_full.txt,dia350_utt7,Monica,neutral,24,24,24,0,0,Processed
res_dia351_utt0_20260805_143422_full.txt,dia351_utt0,Dr. Green,anger,162,0,0,202,120,Speaker Not Trained
res_dia351_utt10_20260805_143639_full.txt,dia351_utt10,Ross,anger,45,45,45,59,26,Processed
res_dia351_utt11_20260805_143659_full.txt,dia351_utt11,Mona,joy,5,0,0,6,4,Speaker Not Trained
res_dia351_utt12_20260805_143753_full.txt,dia351_utt12,Ross,anger,51,49,49,53,51,Processed
res_dia351_utt13_20260805_143838_full.txt,dia351_utt13,Dr. Green,anger,68,0,0,68,0,Speaker Not Trained
res_dia351_utt14_20260805_143855_full.txt,dia351_utt14,Mona,surprise,4,0,0,4,4,Speaker Not Trained
res_dia351_utt15_20260805_144009_full.txt,dia351_utt15,Ross,joy,85,82,82,88,78,Processed
res_dia351_utt1_20260805_143531_full.txt,dia351_utt1,Mona,surprise,71,0,0,68,37,Speaker Not Trained
res_dia351_utt2_20260805_144105_full.txt,dia351_utt2,Ross,surprise,16,16,16,16,6,Processed
res_dia351_utt3_20260805_144137_full.txt,dia351_utt3,Dr. Green,anger,9,0,0,9,9,Speaker Not Trained
res_dia351_utt4_20260805_144354_full.txt,dia351_utt4,Ross,fear,101,101,101,101,79,Processed
res_dia351_utt5_20260805_144608_full.txt,dia351_utt5,Dr. Green,anger,93,0,0,93,93,Speaker Not Trained
res_dia351_utt6_20260805_144818_full.txt,dia351_utt6,Ross,fear,92,92,92,112,58,Processed
res_dia351_utt7_20260805_145006_full.txt,dia351_utt7,Mona,surprise,62,0,0,62,61,Speaker Not Trained
res_dia351_utt8_20260805_145158_full.txt,dia351_utt8,Ross,joy,105,105,105,105,105,Processed
res_dia351_utt9_20260805_145303_full.txt,dia351_utt9,Dr. Green,anger,52,0,0,56,52,Speaker Not Trained
res_dia352_utt0_20260805_145329_full.txt,dia352_utt0,Chandler,neutral,49,49,49,0,0,Processed
res_dia352_utt1_20260805_145357_full.txt,dia352_utt1,Chandler,anger,75,75,75,0,0,Processed
res_dia352_utt2_20260805_145423_full.txt,dia352_utt2,Chandler,joy,51,51,51,0,0,Processed
res_dia352_utt3_20260805_145456_full.txt,dia352_utt3,Chandler,anger,75,75,75,0,0,Processed
res_dia352_utt4_20260805_145514_full.txt,dia352_utt4,Chandler,neutral,11,11,11,0,0,Processed
res_dia352_utt5_20260805_145543_full.txt,dia352_utt5,Chandler,joy,24,7,7,14,3,Processed
res_dia352_utt6_20260805_145607_full.txt,dia352_utt6,Chandler,surprise,36,36,36,0,0,Processed
res_dia353_utt0_20260805_145802_full.txt,dia353_utt0,Joey,neutral,142,133,133,113,76,Processed
res_dia353_utt1_20260805_145923_full.txt,dia353_utt1,Annabelle,neutral,100,0,0,38,70,Speaker Not Trained
res_dia354_utt0_20260805_150010_full.txt,dia354_utt0,Mr. Heckles,neutral,61,0,0,0,61,Speaker Not Trained
res_dia354_utt10_20260805_150338_full.txt,dia354_utt10,Rachel,joy,28,25,25,44,10,Processed
res_dia354_utt11_20260805_150519_full.txt,dia354_utt11,Monica,neutral,35,24,24,43,75,Processed
res_dia354_utt12_20260805_150723_full.txt,dia354_utt12,Rachel,neutral,58,31,31,86,0,Processed
res_dia354_utt13_20260805_151027_full.txt,dia354_utt13,Mr. Treeger,neutral,168,0,0,122,14,Speaker Not Trained
res_dia354_utt14_20260805_151233_full.txt,dia354_utt14,Monica,anger,36,36,36,70,22,Processed
res_dia354_utt15_20260805_151520_full.txt,dia354_utt15,Mr. Treeger,neutral,184,0,0,77,127,Speaker Not Trained
res_dia354_utt16_20260805_151636_full.txt,dia354_utt16,Ross,neutral,48,48,48,42,47,Processed
res_dia354_utt17_20260805_151708_full.txt,dia354_utt17,Mr. Treeger,neutral,3,0,0,3,3,Speaker Not Trained
res_dia354_utt1_20260805_150236_full.txt,dia354_utt1,Monica,neutral,148,50,50,123,54,Processed
res_dia354_utt2_20260805_151934_full.txt,dia354_utt2,Mr. Heckles,neutral,96,0,0,115,101,Speaker Not Trained
res_dia354_utt3_20260805_152024_full.txt,dia354_utt3,Rachel,neutral,45,0,0,0,96,Speaker Not Found
res_dia354_utt4_20260805_152231_full.txt,dia354_utt4,Chandler,neutral,99,28,28,68,122,Processed
res_dia354_utt5_20260805_152420_full.txt,dia354_utt5,Ross,neutral,69,0,0,48,117,Speaker Not Found
res_dia354_utt6_20260805_152525_full.txt,dia354_utt6,Phoebe,neutral,101,101,101,3,6,Processed
res_dia354_utt7_20260805_152618_full.txt,dia354_utt7,Rachel,surprise,88,83,83,5,0,Processed
res_dia354_utt8_20260805_152816_full.txt,dia354_utt8,Joey,joy,193,119,119,50,1,Processed
res_dia354_utt9_20260805_152951_full.txt,dia354_utt9,Monica,neutral,94,90,90,24,65,Processed
res_dia355_utt0_20260805_153032_full.txt,dia355_utt0,Monica,sadness,32,32,32,2,27,Processed
res_dia355_utt1_20260805_153111_full.txt,dia355_utt1,Rachel,neutral,23,23,23,0,15,Processed
res_dia355_utt2_20260805_153209_full.txt,dia355_utt2,Phoebe,neutral,47,0,0,1,85,Speaker Not Found
res_dia355_utt3_20260805_153254_full.txt,dia355_utt3,Chandler,joy,40,0,0,0,50,Speaker Not Found
res_dia355_utt4_20260805_153338_full.txt,dia355_utt4,Phoebe,neutral,38,28,28,1,38,Processed
res_dia356_utt0_20260805_153655_full.txt,dia356_utt0,Monica,sadness,183,155,155,71,76,Processed
res_dia356_utt10_20260805_154031_full.txt,dia356_utt10,Chandler,anger,119,119,119,41,105,Processed
res_dia356_utt11_20260805_154120_full.txt,dia356_utt11,Joey,surprise,54,54,54,0,15,Processed
res_dia356_utt12_20260805_154219_full.txt,dia356_utt12,Rachel,neutral,28,0,0,29,0,Speaker Not Found
res_dia356_utt13_20260805_154329_full.txt,dia356_utt13,Joey,joy,105,105,105,0,57,Processed
res_dia356_utt14_20260805_154439_full.txt,dia356_utt14,Chandler,neutral,49,49,49,8,87,Processed
res_dia356_utt15_20260805_154550_full.txt,dia356_utt15,Monica,neutral,33,19,19,37,7,Processed
res_dia356_utt16_20260805_154709_full.txt,dia356_utt16,Monica,neutral,58,57,57,62,0,Processed
res_dia356_utt17_20260805_154759_full.txt,dia356_utt17,Monica,anger,64,64,64,0,0,Processed
res_dia356_utt18_20260805_154852_full.txt,dia356_utt18,Monica,neutral,29,25,25,33,0,Processed
res_dia356_utt19_20260805_155003_full.txt,dia356_utt19,Monica,neutral,45,41,41,49,0,Processed
res_dia356_utt1_20260805_153835_full.txt,dia356_utt1,Ross,surprise,99,99,99,43,77,Processed
res_dia356_utt20_20260805_155250_full.txt,dia356_utt20,Monica,fear,32,28,28,35,31,Processed
res_dia356_utt21_20260805_155333_full.txt,dia356_utt21,Monica,anger,11,8,8,12,3,Processed
res_dia356_utt22_20260805_155417_full.txt,dia356_utt22,Joey,neutral,48,42,42,3,0,Processed
res_dia356_utt2_20260805_155146_full.txt,dia356_utt2,Monica,neutral,127,30,30,67,18,Processed
res_dia356_utt3_20260805_155509_full.txt,dia356_utt3,Rachel,surprise,41,0,0,19,0,Speaker Not Found
res_dia356_utt4_20260805_155545_full.txt,dia356_utt4,Joey,neutral,24,21,21,6,0,Processed
res_dia356_utt5_20260805_155617_full.txt,dia356_utt5,Chandler,neutral,3,0,0,0,0,Speaker Not Found
res_dia356_utt6_20260805_155701_full.txt,dia356_utt6,Ross,sadness,43,43,43,0,0,Processed
res_dia356_utt7_20260805_155757_full.txt,dia356_utt7,Joey,joy,59,59,59,5,29,Processed
res_dia356_utt8_20260805_155925_full.txt,dia356_utt8,Rachel,neutral,70,46,46,24,73,Processed
res_dia356_utt9_20260805_160118_full.txt,dia356_utt9,Joey,sadness,155,151,151,24,97,Processed
res_dia357_utt1_20260805_160154_full.txt,dia357_utt1,Monica,surprise,29,25,25,17,1,Processed
res_dia357_utt2_20260805_160324_full.txt,dia357_utt2,Chandler,neutral,101,108,108,70,3,Processed
res_dia357_utt3_20260805_160355_full.txt,dia357_utt3,Joey,surprise,39,39,39,0,3,Processed
res_dia358_utt0_20260805_160436_full.txt,dia358_utt0,Rachel,neutral,63,63,63,3,32,Processed
res_dia358_utt10_20260805_160701_full.txt,dia358_utt10,Chandler,joy,205,165,165,2,105,Processed
res_dia358_utt11_20260805_160736_full.txt,dia358_utt11,Rachel,surprise,57,0,0,0,0,Speaker Not Found
res_dia358_utt12_20260805_160842_full.txt,dia358_utt12,Phoebe,neutral,172,172,172,0,0,Processed
res_dia358_utt13_20260805_160918_full.txt,dia358_utt13,Rachel,surprise,58,58,58,0,0,Processed
res_dia358_utt14_20260805_160950_full.txt,dia358_utt14,Phoebe,sadness,53,53,53,0,0,Processed
res_dia358_utt15_20260805_161100_full.txt,dia358_utt15,Phoebe,neutral,199,199,199,0,0,Processed
res_dia358_utt16_20260805_161157_full.txt,dia358_utt16,Ross,neutral,138,138,138,0,0,Processed
res_dia358_utt17_20260805_161226_full.txt,dia358_utt17,Ross,neutral,35,35,35,1,0,Processed
res_dia358_utt18_20260805_161303_full.txt,dia358_utt18,Phoebe,sadness,67,67,67,0,0,Processed
res_dia358_utt1_20260805_160523_full.txt,dia358_utt1,Chandler,neutral,25,18,18,32,4,Processed
res_dia358_utt2_20260805_161331_full.txt,dia358_utt2,Chandler,neutral,49,49,49,0,3,Processed
res_dia358_utt3_20260805_161405_full.txt,dia358_utt3,Phoebe,sadness,48,48,48,3,48,Processed
res_dia358_utt4_20260805_161451_full.txt,dia358_utt4,Chandler,neutral,42,15,15,21,5,Processed
res_dia358_utt5_20260805_161525_full.txt,dia358_utt5,Ross,neutral,62,62,62,0,21,Processed
res_dia358_utt6_20260805_161604_full.txt,dia358_utt6,Phoebe,fear,102,102,102,0,0,Processed
res_dia358_utt7_20260805_161641_full.txt,dia358_utt7,Chandler,neutral,68,68,68,0,0,Processed
res_dia358_utt8_20260805_161709_full.txt,dia358_utt8,Ross,surprise,30,30,30,0,30,Processed
res_dia358_utt9_20260805_161750_full.txt,dia358_utt9,Phoebe,anger,118,118,118,0,0,Processed
res_dia359_utt0_20260805_161816_full.txt,dia359_utt0,Ross,surprise,32,32,32,0,0,Processed
res_dia359_utt1_20260805_161843_full.txt,dia359_utt1,Emily,neutral,27,0,0,22,0,Speaker Not Trained
res_dia359_utt3_20260805_161932_full.txt,dia359_utt3,Emily,sadness,142,0,0,0,0,Speaker Not Trained
res_dia359_utt4_20260805_162207_full.txt,dia359_utt4,Ross,joy,235,79,79,155,1,Processed
res_dia359_utt5_20260805_162310_full.txt,dia359_utt5,Emily,joy,186,0,0,15,0,Speaker Not Trained
res_dia359_utt6_20260805_162348_full.txt,dia359_utt6,Ross,sadness,98,98,98,0,0,Processed
res_dia35_utt0_20260801_091709_full.txt,dia35_utt0,Phoebe,surprise,41,0,0,63,40,Speaker Not Found
res_dia35_utt1_20260801_091814_full.txt,dia35_utt1,Phoebe,joy,28,0,0,55,31,Speaker Not Found
res_dia35_utt2_20260801_091846_full.txt,dia35_utt2,Phoebe,joy,7,0,0,18,6,Speaker Not Found
res_dia35_utt3_20260801_092042_full.txt,dia35_utt3,Phoebe,joy,53,0,0,122,56,Speaker Not Found
res_dia35_utt4_20260801_092126_full.txt,dia35_utt4,Phoebe,joy,22,20,20,30,20,Processed
res_dia35_utt5_20260801_092336_full.txt,dia35_utt5,Ross,joy,153,143,143,137,141,Processed
res_dia360_utt0_20260805_162517_full.txt,dia360_utt0,Monica,sadness,71,6,6,36,158,Processed
res_dia360_utt1_20260805_162805_full.txt,dia360_utt1,Ross,sadness,79,79,79,117,187,Processed
res_dia360_utt2_20260805_163001_full.txt,dia360_utt2,Chandler,neutral,36,72,72,60,154,Processed
res_dia360_utt3_20260805_163415_full.txt,dia360_utt3,Ross,neutral,56,55,55,249,52,Processed
res_dia360_utt4_20260805_163838_full.txt,dia360_utt4,Chandler,neutral,68,95,95,232,75,Processed
res_dia360_utt5_20260805_164231_full.txt,dia360_utt5,Monica,neutral,48,47,47,213,15,Processed
res_dia361_utt0_20260805_164533_full.txt,dia361_utt0,Ross,neutral,51,51,51,208,119,Processed
res_dia361_utt10_20260805_164920_full.txt,dia361_utt10,Ross,joy,54,54,54,54,49,Processed
res_dia361_utt11_20260805_165134_full.txt,dia361_utt11,Chandler,joy,161,123,123,112,58,Processed
res_dia361_utt12_20260805_165202_full.txt,dia361_utt12,Rachel,neutral,24,0,0,0,44,Speaker Not Found
res_dia361_utt13_20260805_165346_full.txt,dia361_utt13,Chandler,neutral,140,100,100,11,213,Processed
res_dia361_utt14_20260805_165436_full.txt,dia361_utt14,Rachel,neutral,88,86,86,3,95,Processed
res_dia361_utt1_20260805_164823_full.txt,dia361_utt1,Rachel,neutral,36,0,0,200,133,Speaker Not Found
res_dia361_utt2_20260805_165601_full.txt,dia361_utt2,Ross,neutral,70,71,71,0,215,Processed
res_dia361_utt3_20260805_165632_full.txt,dia361_utt3,Rachel,surprise,53,52,52,1,78,Processed
res_dia361_utt4_20260805_165754_full.txt,dia361_utt4,Ross,neutral,63,57,57,0,179,Processed
res_dia361_utt5_20260805_165828_full.txt,dia361_utt5,Chandler,neutral,40,40,40,0,53,Processed
res_dia361_utt6_20260805_170156_full.txt,dia361_utt6,Ross,joy,63,61,61,285,154,Processed
res_dia361_utt7_20260805_170224_full.txt,dia361_utt7,Chandler,surprise,40,40,40,0,27,Processed
res_dia361_utt8_20260805_170256_full.txt,dia361_utt8,Ross,neutral,41,41,41,0,33,Processed
res_dia361_utt9_20260805_170342_full.txt,dia361_utt9,Chandler,disgust,108,108,108,1,108,Processed
res_dia362_utt0_20260805_170614_full.txt,dia362_utt0,Rachel,sadness,250,187,187,29,1,Processed
res_dia362_utt1_20260805_170647_full.txt,dia362_utt1,Ross,neutral,40,40,40,14,6,Processed
res_dia362_utt2_20260805_170731_full.txt,dia362_utt2,Ross,neutral,134,134,134,1,0,Processed
res_dia362_utt3_20260805_170815_full.txt,dia362_utt3,Rachel,sadness,124,124,124,0,9,Processed
res_dia362_utt4_20260805_170909_full.txt,dia362_utt4,Dr. Long,neutral,64,0,0,64,0,Speaker Not Trained
res_dia362_utt5_20260805_171134_full.txt,dia362_utt5,Rachel,sadness,267,148,148,7,94,Processed
res_dia362_utt6_20260805_171208_full.txt,dia362_utt6,Dr. Long,neutral,72,0,0,6,0,Speaker Not Trained
res_dia362_utt7_20260805_171243_full.txt,dia362_utt7,Rachel,surprise,44,22,22,21,0,Processed
res_dia362_utt8_20260805_171321_full.txt,dia362_utt8,Dr. Long,neutral,92,0,0,21,0,Speaker Not Trained
res_dia362_utt9_20260805_171615_full.txt,dia362_utt9,Rachel,surprise,189,182,182,150,157,Processed
res_dia363_utt0_20260805_171706_full.txt,dia363_utt0,Carol,neutral,50,0,0,2,59,Speaker Not Trained
res_dia363_utt1_20260805_171814_full.txt,dia363_utt1,Rachel,neutral,76,0,0,65,54,Speaker Not Found
res_dia364_utt0_20260805_171848_full.txt,dia364_utt0,Carol,neutral,34,0,0,20,8,Speaker Not Trained
res_dia365_utt0_20260805_171923_full.txt,dia365_utt0,Rachel,neutral,15,0,0,24,6,Speaker Not Found
res_dia365_utt10_20260805_172444_full.txt,dia365_utt10,Flight Attendant,neutral,107,0,0,234,78,Speaker Not Trained
res_dia365_utt11_20260805_172642_full.txt,dia365_utt11,Man,neutral,46,0,0,101,30,Speaker Not Trained
res_dia365_utt12_20260805_173221_full.txt,dia365_utt12,Flight Attendant,neutral,93,0,0,385,27,Speaker Not Trained
res_dia365_utt13_20260805_173723_full.txt,dia365_utt13,Man,surprise,140,0,0,320,89,Speaker Not Trained
res_dia365_utt14_20260805_173905_full.txt,dia365_utt14,Man,anger,36,0,0,107,1,Speaker Not Trained
res_dia365_utt1_20260805_172031_full.txt,dia365_utt1,Flight Attendant,neutral,35,0,0,65,12,Speaker Not Trained
res_dia365_utt2_20260805_174009_full.txt,dia365_utt2,Rachel,neutral,44,43,43,41,62,Processed
res_dia365_utt3_20260805_174421_full.txt,dia365_utt3,Flight Attendant,neutral,95,0,0,151,287,Speaker Not Trained
res_dia365_utt4_20260805_174531_full.txt,dia365_utt4,Rachel,neutral,24,2,2,40,24,Processed
res_dia365_utt5_20260805_174738_full.txt,dia365_utt5,Rachel,sadness,77,26,26,104,75,Processed
res_dia365_utt6_20260805_174952_full.txt,dia365_utt6,Flight Attendant,anger,47,0,0,70,130,Speaker Not Trained
res_dia365_utt7_20260805_175246_full.txt,dia365_utt7,Rachel,neutral,138,138,138,114,216,Processed
res_dia365_utt8_20260805_175442_full.txt,dia365_utt8,Flight Attendant,neutral,56,0,0,92,175,Speaker Not Trained
res_dia365_utt9_20260805_175521_full.txt,dia365_utt9,Rachel,neutral,57,49,49,65,58,Processed
res_dia366_utt0_20260805_175547_full.txt,dia366_utt0,Chandler,neutral,28,28,28,2,84,Processed
res_dia366_utt10_20260805_175744_full.txt,dia366_utt10,Phoebe,neutral,136,136,136,93,124,Processed
res_dia366_utt11_20260805_175824_full.txt,dia366_utt11,Chandler,neutral,18,18,18,18,18,Processed
res_dia366_utt12_20260805_175926_full.txt,dia366_utt12,Phoebe,neutral,39,0,0,57,47,Speaker Not Found
res_dia366_utt13_20260805_180002_full.txt,dia366_utt13,Chandler,fear,44,41,41,49,36,Processed
res_dia366_utt14_20260805_180045_full.txt,dia366_utt14,Phoebe,neutral,44,35,35,80,35,Processed
res_dia366_utt15_20260805_180109_full.txt,dia366_utt15,Chandler,surprise,32,32,32,0,32,Processed
res_dia366_utt16_20260805_180217_full.txt,dia366_utt16,Phoebe,neutral,49,49,49,145,40,Processed
res_dia366_utt17_20260805_180258_full.txt,dia366_utt17,Chandler,neutral,56,56,56,0,112,Processed
res_dia366_utt18_20260805_180316_full.txt,dia366_utt18,Phoebe,neutral,27,27,27,9,27,Processed
res_dia366_utt1_20260805_175614_full.txt,dia366_utt1,Chandler,neutral,31,31,31,0,76,Processed
res_dia366_utt2_20260805_180339_full.txt,dia366_utt2,Chandler,anger,33,30,30,3,72,Processed
res_dia366_utt3_20260805_180353_full.txt,dia366_utt3,Chandler,neutral,15,15,15,0,42,Processed
res_dia366_utt4_20260805_180414_full.txt,dia366_utt4,Janice,surprise,25,0,0,5,76,Speaker Not Trained
res_dia366_utt5_20260805_180523_full.txt,dia366_utt5,Chandler,anger,106,43,43,107,301,Processed
res_dia366_utt6_20260805_180622_full.txt,dia366_utt6,Janice,sadness,103,0,0,81,236,Speaker Not Trained
res_dia366_utt7_20260805_180826_full.txt,dia366_utt7,Chandler,sadness,146,84,84,148,339,Processed
res_dia366_utt8_20260805_181024_full.txt,dia366_utt8,Phoebe,surprise,128,128,128,239,65,Processed
res_dia366_utt9_20260805_181109_full.txt,dia366_utt9,Chandler,anger,52,53,53,2,155,Processed
res_dia367_utt0_20260805_181131_full.txt,dia367_utt0,Chandler,anger,26,26,26,0,26,Processed
res_dia36_utt0_20260801_092424_full.txt,dia36_utt0,Ross,neutral,73,73,73,0,73,Processed
res_dia36_utt1_20260801_092524_full.txt,dia36_utt1,Ross,neutral,155,155,155,0,41,Processed
res_dia36_utt2_20260801_092600_full.txt,dia36_utt2,Chandler,neutral,45,45,45,0,44,Processed
res_dia36_utt3_20260801_092653_full.txt,dia36_utt3,Joey,neutral,59,59,59,57,25,Processed
res_dia36_utt4_20260801_092725_full.txt,dia36_utt4,Chandler,sadness,17,17,17,16,29,Processed
res_dia36_utt5_20260801_092755_full.txt,dia36_utt5,Ross,sadness,45,45,45,3,70,Processed
res_dia37_utt0_20260801_092856_full.txt,dia37_utt0,Monica,neutral,113,113,113,2,18,Processed
res_dia37_utt1_20260801_092924_full.txt,dia37_utt1,Joey,joy,33,0,0,20,0,Speaker Not Found
res_dia37_utt2_20260801_093015_full.txt,dia37_utt2,Monica,joy,116,113,113,0,0,Processed
res_dia37_utt3_20260801_093050_full.txt,dia37_utt3,Joey,disgust,67,67,67,0,2,Processed
res_dia38_utt0_20260801_093142_full.txt,dia38_utt0,Monica,anger,52,52,52,4,100,Processed
res_dia38_utt10_20260801_093243_full.txt,dia38_utt10,Phoebe,surprise,45,45,45,0,0,Processed
res_dia38_utt11_20260801_093305_full.txt,dia38_utt11,Joey,surprise,38,38,38,0,1,Processed
res_dia38_utt1_20260801_093206_full.txt,dia38_utt1,Chandler,neutral,22,22,22,0,8,Processed
res_dia38_utt2_20260801_093329_full.txt,dia38_utt2,Monica,joy,16,16,16,5,16,Processed
res_dia38_utt3_20260801_093406_full.txt,dia38_utt3,Ross,neutral,59,59,59,2,14,Processed
res_dia38_utt4_20260801_093437_full.txt,dia38_utt4,Phoebe,surprise,57,0,0,0,50,Speaker Not Found
res_dia38_utt5_20260801_093522_full.txt,dia38_utt5,Ross,neutral,105,105,105,0,0,Processed
res_dia38_utt6_20260801_093638_full.txt,dia38_utt6,Ross,anger,195,195,195,0,0,Processed
res_dia38_utt7_20260801_093700_full.txt,dia38_utt7,Ross,surprise,12,12,12,9,12,Processed
res_dia38_utt8_20260801_093744_full.txt,dia38_utt8,Ross,surprise,38,38,38,42,11,Processed
res_dia38_utt9_20260801_093811_full.txt,dia38_utt9,Ross,surprise,72,72,72,0,0,Processed
res_dia39_utt0_20260801_093929_full.txt,dia39_utt0,Kate,anger,73,0,0,94,20,Speaker Not Trained
res_dia39_utt10_20260801_094203_full.txt,dia39_utt10,Kate,disgust,106,0,0,105,16,Speaker Not Trained
res_dia39_utt11_20260801_094345_full.txt,dia39_utt11,The Director,neutral,155,0,0,135,1,Speaker Not Trained
res_dia39_utt12_20260801_094415_full.txt,dia39_utt12,Joey,neutral,29,26,26,4,0,Processed
res_dia39_utt13_20260801_094457_full.txt,dia39_utt13,Kate,neutral,73,0,0,10,0,Speaker Not Trained
res_dia39_utt14_20260801_094550_full.txt,dia39_utt14,Joey,neutral,78,78,78,49,0,Processed
res_dia39_utt15_20260801_094746_full.txt,dia39_utt15,Joey,anger,296,296,296,49,103,Processed
res_dia39_utt16_20260801_095024_full.txt,dia39_utt16,Joey,anger,231,231,231,49,266,Processed
res_dia39_utt17_20260801_095110_full.txt,dia39_utt17,Kate,anger,56,0,0,0,53,Speaker Not Trained
res_dia39_utt18_20260801_095134_full.txt,dia39_utt18,Joey,anger,10,10,10,0,20,Processed
res_dia39_utt1_20260801_094045_full.txt,dia39_utt1,Joey,anger,45,45,45,96,0,Processed
res_dia39_utt2_20260801_095219_full.txt,dia39_utt2,Joey,surprise,17,17,17,35,16,Processed
res_dia39_utt3_20260801_095343_full.txt,dia39_utt3,Joey,anger,59,59,59,92,25,Processed
res_dia39_utt4_20260801_095417_full.txt,dia39_utt4,Joey,anger,58,57,57,8,6,Processed
res_dia39_utt5_20260801_095505_full.txt,dia39_utt5,Joey,anger,40,0,0,25,38,Speaker Not Found
res_dia39_utt6_20260801_095552_full.txt,dia39_utt6,Joey,anger,20,0,0,37,3,Speaker Not Found
res_dia39_utt7_20260801_095755_full.txt,dia39_utt7,The Director,joy,167,0,0,161,102,Speaker Not Trained
res_dia39_utt8_20260801_095840_full.txt,dia39_utt8,Kate,neutral,42,0,0,44,42,Speaker Not Trained
res_dia39_utt9_20260801_095913_full.txt,dia39_utt9,The Director,neutral,15,0,0,15,15,Speaker Not Trained
res_dia3_utt0_20260801_002301_full.txt,dia3_utt0,Phoebe,surprise,56,56,56,0,0,Processed
res_dia3_utt1_20260801_002313_full.txt,dia3_utt1,Chandler,surprise,27,27,27,0,0,Processed
res_dia3_utt2_20260801_002326_full.txt,dia3_utt2,Phoebe,surprise,28,0,0,0,0,Speaker Not Found
res_dia3_utt3_20260801_002345_full.txt,dia3_utt3,Phoebe,neutral,58,58,58,9,0,Processed
res_dia3_utt4_20260801_002410_full.txt,dia3_utt4,Phoebe,neutral,68,68,68,0,0,Processed
res_dia3_utt5_20260801_002433_full.txt,dia3_utt5,Phoebe,neutral,70,68,68,6,0,Processed
res_dia3_utt6_20260801_002506_full.txt,dia3_utt6,Phoebe,surprise,70,70,70,34,0,Processed
res_dia3_utt8_20260801_002526_full.txt,dia3_utt8,Phoebe,sadness,66,66,66,0,0,Processed
res_dia3_utt9_20260801_002544_full.txt,dia3_utt9,Joey,neutral,36,36,36,16,0,Processed
res_dia40_utt0_20260801_095947_full.txt,dia40_utt0,Phoebe,anger,81,81,81,9,8,Processed
res_dia40_utt10_20260801_100113_full.txt,dia40_utt10,Chandler,neutral,45,45,45,30,0,Processed
res_dia40_utt11_20260801_100151_full.txt,dia40_utt11,Monica,surprise,73,73,73,0,0,Processed
res_dia40_utt12_20260801_100234_full.txt,dia40_utt12,Joey,joy,52,52,52,0,52,Processed
res_dia40_utt13_20260801_100308_full.txt,dia40_utt13,Monica,sadness,38,38,38,0,0,Processed
res_dia40_utt14_20260801_100335_full.txt,dia40_utt14,Rachel,sadness,53,0,0,4,0,Speaker Not Found
res_dia40_utt1_20260801_100028_full.txt,dia40_utt1,Joey,anger,75,75,75,0,75,Processed
res_dia40_utt2_20260801_100420_full.txt,dia40_utt2,Chandler,neutral,48,43,43,1,43,Processed
res_dia40_utt3_20260801_100444_full.txt,dia40_utt3,Phoebe,neutral,40,40,40,0,1,Processed
res_dia40_utt4_20260801_100540_full.txt,dia40_utt4,Monica,neutral,59,57,57,2,83,Processed
res_dia40_utt5_20260801_100558_full.txt,dia40_utt5,Chandler,neutral,2,0,0,4,4,Speaker Not Found
res_dia40_utt6_20260801_100702_full.txt,dia40_utt6,Joey,joy,54,54,54,0,79,Processed
res_dia40_utt7_20260801_100728_full.txt,dia40_utt7,Monica,neutral,57,57,57,0,0,Processed
res_dia40_utt8_20260801_100840_full.txt,dia40_utt8,Joey,disgust,97,97,97,85,6,Processed
res_dia40_utt9_20260801_100937_full.txt,dia40_utt9,Monica,fear,29,7,7,47,0,Processed
res_dia41_utt0_20260801_101141_full.txt,dia41_utt0,Mr. Tribbiani,sadness,186,0,0,124,40,Speaker Not Trained
res_dia41_utt10_20260801_101335_full.txt,dia41_utt10,Joey,neutral,25,25,25,0,25,Processed
res_dia41_utt11_20260801_101437_full.txt,dia41_utt11,Mr. Tribbiani,neutral,64,0,0,33,62,Speaker Not Trained
res_dia41_utt12_20260801_101459_full.txt,dia41_utt12,Joey,disgust,8,8,8,0,8,Processed
res_dia41_utt13_20260801_101614_full.txt,dia41_utt13,Mr. Tribbiani,neutral,197,0,0,33,17,Speaker Not Trained
res_dia41_utt14_20260801_101703_full.txt,dia41_utt14,Joey,disgust,73,73,73,11,23,Processed
res_dia41_utt15_20260801_101828_full.txt,dia41_utt15,Mr. Tribbiani,surprise,70,0,0,74,45,Speaker Not Trained
res_dia41_utt1_20260801_101312_full.txt,dia41_utt1,Joey,surprise,261,258,258,14,4,Processed
res_dia41_utt2_20260801_101931_full.txt,dia41_utt2,Mr. Tribbiani,neutral,101,0,0,27,27,Speaker Not Trained
res_dia41_utt3_20260801_102015_full.txt,dia41_utt3,Joey,neutral,101,101,101,0,0,Processed
res_dia41_utt4_20260801_102309_full.txt,dia41_utt4,Mr. Tribbiani,neutral,204,0,0,191,137,Speaker Not Trained
res_dia41_utt5_20260801_102337_full.txt,dia41_utt5,Joey,surprise,22,22,22,2,20,Processed
res_dia41_utt6_20260801_102443_full.txt,dia41_utt6,Mr. Tribbiani,neutral,71,0,0,72,5,Speaker Not Trained
res_dia41_utt7_20260801_102701_full.txt,dia41_utt7,Mr. Tribbiani,neutral,123,0,0,124,103,Speaker Not Trained
res_dia41_utt8_20260801_102732_full.txt,dia41_utt8,Mr. Tribbiani,neutral,11,0,0,16,9,Speaker Not Trained
res_dia41_utt9_20260801_102849_full.txt,dia41_utt9,Mr. Tribbiani,neutral,46,0,0,69,28,Speaker Not Trained
res_dia42_utt0_20260801_102951_full.txt,dia42_utt0,Chandler,neutral,133,45,45,13,0,Processed
res_dia42_utt1_20260801_103328_full.txt,dia42_utt1,Guru Saj,surprise,181,0,0,269,75,Speaker Not Trained
res_dia43_utt0_20260801_103404_full.txt,dia43_utt0,Monica,neutral,76,37,37,20,0,Processed
res_dia43_utt1_20260801_103452_full.txt,dia43_utt1,Rachel,neutral,108,68,68,3,13,Processed
res_dia43_utt2_20260801_103536_full.txt,dia43_utt2,Monica,neutral,59,43,43,1,30,Processed
res_dia43_utt3_20260801_103613_full.txt,dia43_utt3,Rachel,neutral,79,79,79,0,35,Processed
res_dia43_utt4_20260801_103715_full.txt,dia43_utt4,Rachel,neutral,88,0,0,29,90,Speaker Not Found
res_dia43_utt5_20260801_103736_full.txt,dia43_utt5,Monica,neutral,29,29,29,0,0,Processed
res_dia43_utt6_20260801_103815_full.txt,dia43_utt6,Rachel,neutral,53,0,0,9,0,Speaker Not Found
res_dia44_utt0_20260801_103929_full.txt,dia44_utt0,Charlie,neutral,187,0,0,28,68,Speaker Not Trained
res_dia44_utt1_20260801_104010_full.txt,dia44_utt1,Ross,surprise,29,20,20,38,0,Processed
res_dia44_utt2_20260801_104029_full.txt,dia44_utt2,Charlie,neutral,14,0,0,14,0,Speaker Not Trained
res_dia45_utt0_20260801_104124_full.txt,dia45_utt0,Joey,sadness,71,71,71,45,0,Processed
res_dia45_utt1_20260801_104251_full.txt,dia45_utt1,Chandler,disgust,72,62,62,112,6,Processed
res_dia45_utt2_20260801_104355_full.txt,dia45_utt2,Joey,neutral,63,24,24,48,16,Processed
res_dia45_utt3_20260801_104426_full.txt,dia45_utt3,Chandler,anger,71,71,71,0,0,Processed
res_dia45_utt4_20260801_104506_full.txt,dia45_utt4,Joey,neutral,78,78,78,0,0,Processed
res_dia46_utt0_20260801_104535_full.txt,dia46_utt0,Monica,joy,42,42,42,0,42,Processed
res_dia46_utt10_20260801_104643_full.txt,dia46_utt10,Joey,neutral,16,15,15,1,15,Processed
res_dia46_utt11_20260801_104711_full.txt,dia46_utt11,Monica,fear,21,21,21,0,21,Processed
res_dia46_utt12_20260801_104847_full.txt,dia46_utt12,Chandler,joy,162,130,130,19,185,Processed
res_dia46_utt13_20260801_105036_full.txt,dia46_utt13,Joey,surprise,243,232,232,15,143,Processed
res_dia46_utt14_20260801_105112_full.txt,dia46_utt14,Chandler,joy,32,33,33,4,17,Processed
res_dia46_utt1_20260801_104623_full.txt,dia46_utt1,Joey,surprise,76,58,58,4,13,Processed
res_dia46_utt2_20260801_105150_full.txt,dia46_utt2,Monica,anger,66,66,66,0,66,Processed
res_dia46_utt3_20260801_105312_full.txt,dia46_utt3,Phoebe,surprise,171,88,88,22,58,Processed
res_dia46_utt4_20260801_105355_full.txt,dia46_utt4,Rachel,neutral,40,36,36,6,29,Processed
res_dia46_utt5_20260801_105426_full.txt,dia46_utt5,Joey,neutral,24,24,24,0,34,Processed
res_dia46_utt6_20260801_105633_full.txt,dia46_utt6,Rachel,anger,198,165,165,61,94,Processed
res_dia46_utt7_20260801_105800_full.txt,dia46_utt7,Joey,surprise,97,120,120,20,54,Processed
res_dia46_utt8_20260801_105900_full.txt,dia46_utt8,Chandler,joy,63,22,22,21,60,Processed
res_dia46_utt9_20260801_105951_full.txt,dia46_utt9,Monica,joy,41,41,41,42,22,Processed
res_dia47_utt0_20260801_110053_full.txt,dia47_utt0,Chandler,neutral,106,118,118,36,22,Processed
res_dia47_utt11_20260801_110220_full.txt,dia47_utt11,Chandler,surprise,45,52,52,38,0,Processed
res_dia47_utt12_20260801_110315_full.txt,dia47_utt12,Joey,neutral,36,0,0,50,4,Speaker Not Found
res_dia47_utt13_20260801_110452_full.txt,dia47_utt13,Chandler,surprise,107,107,107,109,94,Processed
res_dia47_utt14_20260801_110525_full.txt,dia47_utt14,Joey,neutral,26,26,26,0,32,Processed
res_dia47_utt15_20260801_110606_full.txt,dia47_utt15,Joey,joy,79,79,79,0,79,Processed
res_dia47_utt16_20260801_110640_full.txt,dia47_utt16,Joey,joy,33,33,33,0,33,Processed
res_dia47_utt17_20260801_110719_full.txt,dia47_utt17,Chandler,neutral,57,57,57,14,45,Processed
res_dia47_utt1_20260801_110131_full.txt,dia47_utt1,Joey,neutral,49,49,49,0,0,Processed
res_dia47_utt2_20260801_110856_full.txt,dia47_utt2,Joey,neutral,74,59,59,82,115,Processed
res_dia47_utt3_20260801_110945_full.txt,dia47_utt3,Joey,neutral,47,47,47,28,68,Processed
res_dia47_utt4_20260801_111056_full.txt,dia47_utt4,Joey,neutral,37,37,37,72,19,Processed
res_dia47_utt5_20260801_111201_full.txt,dia47_utt5,Joey,neutral,47,12,12,50,59,Processed
res_dia47_utt6_20260801_111241_full.txt,dia47_utt6,Joey,neutral,46,29,29,28,5,Processed
res_dia47_utt7_20260801_111338_full.txt,dia47_utt7,Joey,joy,82,29,29,26,67,Processed
res_dia47_utt8_20260801_111419_full.txt,dia47_utt8,Joey,neutral,20,20,20,26,6,Processed
res_dia47_utt9_20260801_111451_full.txt,dia47_utt9,Chandler,neutral,23,23,23,30,0,Processed
res_dia48_utt0_20260801_111527_full.txt,dia48_utt0,Rachel,neutral,51,0,0,0,0,Speaker Not Found
res_dia49_utt0_20260801_111556_full.txt,dia49_utt0,Ross,neutral,28,28,28,0,28,Processed
res_dia49_utt10_20260801_111810_full.txt,dia49_utt10,Chandler,neutral,61,61,61,88,4,Processed
res_dia49_utt11_20260801_111854_full.txt,dia49_utt11,Joey,neutral,90,91,91,10,57,Processed
res_dia49_utt12_20260801_111933_full.txt,dia49_utt12,Chandler,sadness,25,25,25,20,30,Processed
res_dia49_utt13_20260801_111959_full.txt,dia49_utt13,Joey,surprise,33,29,29,2,32,Processed
res_dia49_utt14_20260801_112050_full.txt,dia49_utt14,Chandler,neutral,59,59,59,38,45,Processed
res_dia49_utt15_20260801_112119_full.txt,dia49_utt15,Monica,surprise,41,41,41,0,13,Processed
res_dia49_utt16_20260801_112141_full.txt,dia49_utt16,Ross,neutral,4,0,0,0,3,Speaker Not Found
res_dia49_utt17_20260801_112214_full.txt,dia49_utt17,Chandler,neutral,74,74,74,0,18,Processed
res_dia49_utt18_20260801_112310_full.txt,dia49_utt18,Ross,surprise,75,75,75,1,94,Processed
res_dia49_utt19_20260801_112402_full.txt,dia49_utt19,Chandler,neutral,37,37,37,0,58,Processed
res_dia49_utt1_20260801_111700_full.txt,dia49_utt1,Ross,neutral,100,100,100,5,95,Processed
res_dia49_utt20_20260801_112509_full.txt,dia49_utt20,Monica,surprise,30,30,30,0,5,Processed
res_dia49_utt21_20260801_112537_full.txt,dia49_utt21,Joey,anger,30,28,28,0,27,Processed
res_dia49_utt2_20260801_112438_full.txt,dia49_utt2,Ross,anger,110,110,110,0,14,Processed
res_dia49_utt3_20260801_112640_full.txt,dia49_utt3,Monica,joy,119,113,113,7,27,Processed
res_dia49_utt4_20260801_112708_full.txt,dia49_utt4,Ross,fear,39,39,39,5,0,Processed
res_dia49_utt5_20260801_112753_full.txt,dia49_utt5,Joey,neutral,44,32,32,6,0,Processed
res_dia49_utt6_20260801_112816_full.txt,dia49_utt6,Joey,neutral,27,27,27,0,0,Processed
res_dia49_utt7_20260801_112900_full.txt,dia49_utt7,Joey,neutral,59,59,59,14,0,Processed
res_dia49_utt8_20260801_112928_full.txt,dia49_utt8,Joey,neutral,30,20,20,0,10,Processed
res_dia49_utt9_20260801_113002_full.txt,dia49_utt9,Monica,joy,48,0,0,2,7,Speaker Not Found
res_dia4_utt0_20260801_002612_full.txt,dia4_utt0,Rachel,surprise,23,0,0,25,38,Speaker Not Found
res_dia4_utt10_20260801_002655_full.txt,dia4_utt10,Rachel,joy,37,0,0,4,70,Speaker Not Found
res_dia4_utt11_20260801_002818_full.txt,dia4_utt11,Ross,sadness,223,223,223,35,214,Processed
res_dia4_utt12_20260801_002835_full.txt,dia4_utt12,Rachel,neutral,25,25,25,20,5,Processed
res_dia4_utt13_20260801_002848_full.txt,dia4_utt13,Ross,neutral,10,0,0,13,0,Speaker Not Found
res_dia4_utt14_20260801_002918_full.txt,dia4_utt14,Rachel,neutral,16,16,16,35,0,Processed
res_dia4_utt1_20260801_002627_full.txt,dia4_utt1,Ross,joy,3,0,0,6,3,Speaker Not Found
res_dia4_utt2_20260801_003007_full.txt,dia4_utt2,Rachel,surprise,27,0,0,66,57,Speaker Not Found
res_dia4_utt3_20260801_003140_full.txt,dia4_utt3,Ross,neutral,66,66,66,153,25,Processed
res_dia4_utt4_20260801_003157_full.txt,dia4_utt4,Rachel,neutral,33,31,31,10,0,Processed
res_dia4_utt5_20260801_003208_full.txt,dia4_utt5,Ross,neutral,2,0,0,2,2,Speaker Not Found
res_dia4_utt6_20260801_003218_full.txt,dia4_utt6,Rachel,neutral,5,0,0,3,5,Speaker Not Found
res_dia4_utt7_20260801_003240_full.txt,dia4_utt7,Ross,neutral,25,25,25,11,26,Processed
res_dia4_utt8_20260801_003341_full.txt,dia4_utt8,Rachel,joy,193,173,173,35,87,Processed
res_dia4_utt9_20260801_003406_full.txt,dia4_utt9,Ross,joy,33,33,33,13,48,Processed
res_dia50_utt0_20260801_113113_full.txt,dia50_utt0,Joey,joy,96,26,26,78,16,Processed
res_dia50_utt10_20260801_113319_full.txt,dia50_utt10,Joey,surprise,62,42,42,17,65,Processed
res_dia50_utt11_20260801_113346_full.txt,dia50_utt11,Joey,neutral,10,4,4,6,7,Processed
res_dia50_utt12_20260801_113435_full.txt,dia50_utt12,Joey,neutral,27,0,0,27,27,Speaker Not Found
res_dia50_utt13_20260801_113524_full.txt,dia50_utt13,Joey,anger,47,36,36,12,44,Processed
res_dia50_utt14_20260801_113551_full.txt,dia50_utt14,Joey,surprise,8,0,0,11,0,Speaker Not Found
res_dia50_utt15_20260801_113619_full.txt,dia50_utt15,Joey,anger,17,0,0,0,13,Speaker Not Found
res_dia50_utt16_20260801_113729_full.txt,dia50_utt16,Joey,neutral,59,50,50,12,0,Processed
res_dia50_utt1_20260801_113219_full.txt,dia50_utt1,Wayne,anger,77,0,0,26,61,Speaker Not Trained
res_dia50_utt2_20260801_113822_full.txt,dia50_utt2,Joey,surprise,7,7,7,0,7,Processed
res_dia50_utt3_20260801_113852_full.txt,dia50_utt3,Joey,neutral,6,6,6,0,6,Processed
res_dia50_utt4_20260801_114007_full.txt,dia50_utt4,Joey,neutral,106,106,106,0,106,Processed
res_dia50_utt5_20260801_114125_full.txt,dia50_utt5,Joey,fear,106,106,106,0,106,Processed
res_dia50_utt6_20260801_114234_full.txt,dia50_utt6,Joey,fear,77,75,75,2,81,Processed
res_dia50_utt7_20260801_114359_full.txt,dia50_utt7,Joey,sadness,60,0,0,70,50,Speaker Not Found
res_dia50_utt8_20260801_114439_full.txt,dia50_utt8,Joey,joy,35,35,35,0,35,Processed
res_dia50_utt9_20260801_114515_full.txt,dia50_utt9,Joey,surprise,27,27,27,0,27,Processed
res_dia51_utt0_20260801_114557_full.txt,dia51_utt0,Ross,neutral,58,12,12,13,0,Processed
res_dia51_utt10_20260801_114757_full.txt,dia51_utt10,Rachel,anger,66,0,0,32,50,Speaker Not Found
res_dia51_utt1_20260801_114655_full.txt,dia51_utt1,Rachel,sadness,111,89,89,13,0,Processed
res_dia51_utt2_20260801_114832_full.txt,dia51_utt2,Ross,neutral,94,74,74,8,13,Processed
res_dia51_utt3_20260801_114911_full.txt,dia51_utt3,Rachel,disgust,72,30,30,42,0,Processed
res_dia51_utt4_20260801_114938_full.txt,dia51_utt4,Ross,anger,63,63,63,0,51,Processed
res_dia51_utt5_20260801_115006_full.txt,dia51_utt5,Rachel,anger,73,0,0,13,0,Speaker Not Found
res_dia51_utt6_20260801_115042_full.txt,dia51_utt6,Ross,anger,123,116,116,7,0,Processed
res_dia51_utt7_20260801_115105_full.txt,dia51_utt7,Rachel,anger,65,0,0,8,9,Speaker Not Found
res_dia51_utt8_20260801_115136_full.txt,dia51_utt8,Ross,anger,107,107,107,0,0,Processed
res_dia51_utt9_20260801_115156_full.txt,dia51_utt9,Rachel,anger,40,0,0,0,40,Speaker Not Found
res_dia52_utt0_20260801_115236_full.txt,dia52_utt0,Monica,neutral,30,0,0,3,106,Speaker Not Found
res_dia52_utt10_20260801_115422_full.txt,dia52_utt10,Monica,neutral,86,86,86,0,344,Processed
res_dia52_utt11_20260801_115519_full.txt,dia52_utt11,Phoebe,neutral,44,44,44,0,132,Processed
res_dia52_utt1_20260801_115326_full.txt,dia52_utt1,Phoebe,joy,37,38,38,18,128,Processed
res_dia52_utt2_20260801_115544_full.txt,dia52_utt2,Monica,neutral,15,15,15,22,46,Processed
res_dia52_utt3_20260801_115614_full.txt,dia52_utt3,Phoebe,neutral,44,40,40,3,139,Processed
res_dia52_utt4_20260801_115841_full.txt,dia52_utt4,Monica,neutral,274,277,277,7,800,Processed
res_dia52_utt5_20260801_120003_full.txt,dia52_utt5,Phoebe,neutral,185,185,185,0,583,Processed
res_dia52_utt6_20260801_120047_full.txt,dia52_utt6,Monica,neutral,81,81,81,5,233,Processed
res_dia52_utt7_20260801_120113_full.txt,dia52_utt7,Phoebe,neutral,28,0,0,0,112,Speaker Not Found
res_dia52_utt8_20260801_120140_full.txt,dia52_utt8,Monica,neutral,30,30,30,1,118,Processed
res_dia52_utt9_20260801_120206_full.txt,dia52_utt9,Phoebe,neutral,21,21,21,11,73,Processed
res_dia53_utt0_20260801_120230_full.txt,dia53_utt0,Richard,joy,58,0,0,3,38,Speaker Not Trained
res_dia53_utt1_20260801_120245_full.txt,dia53_utt1,Monica,joy,30,30,30,0,0,Processed
res_dia53_utt2_20260801_120328_full.txt,dia53_utt2,Richard,neutral,57,0,0,57,0,Speaker Not Trained
res_dia53_utt3_20260801_120350_full.txt,dia53_utt3,Monica,neutral,85,85,85,0,0,Processed
res_dia53_utt4_20260801_120409_full.txt,dia53_utt4,Monica,neutral,58,58,58,0,0,Processed
res_dia53_utt5_20260801_120422_full.txt,dia53_utt5,Monica,neutral,26,26,26,0,0,Processed
res_dia53_utt6_20260801_120505_full.txt,dia53_utt6,Richard,joy,65,0,0,65,2,Speaker Not Trained
res_dia53_utt7_20260801_120741_full.txt,dia53_utt7,Monica,neutral,213,75,75,185,78,Processed
res_dia53_utt8_20260801_120943_full.txt,dia53_utt8,Richard,joy,205,0,0,205,0,Speaker Not Trained
res_dia54_utt0_20260801_121103_full.txt,dia54_utt0,Joey,disgust,202,153,153,36,177,Processed
res_dia54_utt10_20260801_121252_full.txt,dia54_utt10,Dina,neutral,78,0,0,81,75,Speaker Not Trained
res_dia54_utt11_20260801_121346_full.txt,dia54_utt11,Dina,neutral,56,0,0,56,56,Speaker Not Trained
res_dia54_utt12_20260801_121500_full.txt,dia54_utt12,Dina,fear,79,0,0,61,73,Speaker Not Trained
res_dia54_utt13_20260801_121552_full.txt,dia54_utt13,Joey,fear,69,69,69,0,69,Processed
res_dia54_utt14_20260801_121740_full.txt,dia54_utt14,Dina,sadness,108,0,0,108,108,Speaker Not Trained
res_dia54_utt15_20260801_121901_full.txt,dia54_utt15,Dina,sadness,71,0,0,71,71,Speaker Not Trained
res_dia54_utt16_20260801_122014_full.txt,dia54_utt16,Dina,sadness,58,0,0,52,58,Speaker Not Trained
res_dia54_utt17_20260801_122136_full.txt,dia54_utt17,Joey,joy,91,91,91,54,65,Processed
res_dia54_utt18_20260801_122501_full.txt,dia54_utt18,Dina,joy,370,0,0,141,225,Speaker Not Trained
res_dia54_utt19_20260801_122528_full.txt,dia54_utt19,Joey,joy,33,33,33,0,33,Processed
res_dia54_utt1_20260801_121138_full.txt,dia54_utt1,Rachel,sadness,62,62,62,0,62,Processed
res_dia54_utt20_20260801_122804_full.txt,dia54_utt20,Bobby,joy,103,0,0,97,3,Speaker Not Trained
res_dia54_utt21_20260801_122850_full.txt,dia54_utt21,Rachel,neutral,89,89,89,48,11,Processed
res_dia54_utt22_20260801_122913_full.txt,dia54_utt22,Joey,joy,42,0,0,3,14,Speaker Not Found
res_dia54_utt23_20260801_122940_full.txt,dia54_utt23,Rachel,anger,65,65,65,10,0,Processed
res_dia54_utt2_20260801_122654_full.txt,dia54_utt2,Joey,anger,258,258,258,43,45,Processed
res_dia54_utt3_20260801_123015_full.txt,dia54_utt3,Dina,fear,67,0,0,5,45,Speaker Not Trained
res_dia54_utt4_20260801_123115_full.txt,dia54_utt4,Dina,fear,65,0,0,65,65,Speaker Not Trained
res_dia54_utt5_20260801_123204_full.txt,dia54_utt5,Dina,neutral,95,0,0,10,87,Speaker Not Trained
res_dia54_utt6_20260801_123420_full.txt,dia54_utt6,Bobby,joy,120,0,0,172,0,Speaker Not Trained
res_dia54_utt7_20260801_123642_full.txt,dia54_utt7,Dina,anger,186,0,0,131,181,Speaker Not Trained
res_dia54_utt8_20260801_123717_full.txt,dia54_utt8,Joey,sadness,47,46,46,1,47,Processed
res_dia54_utt9_20260801_123801_full.txt,dia54_utt9,Dina,joy,36,0,0,36,36,Speaker Not Trained
res_dia55_utt0_20260801_123835_full.txt,dia55_utt0,Danny,joy,68,0,0,9,1,Speaker Not Trained
res_dia55_utt10_20260801_123938_full.txt,dia55_utt10,Krista,joy,13,0,0,15,15,Speaker Not Trained
res_dia55_utt11_20260801_124012_full.txt,dia55_utt11,Danny,joy,12,0,0,23,2,Speaker Not Trained
res_dia55_utt12_20260801_124050_full.txt,dia55_utt12,Krista,joy,15,0,0,30,5,Speaker Not Trained
res_dia55_utt13_20260801_124115_full.txt,dia55_utt13,Danny,joy,12,0,0,15,5,Speaker Not Trained
res_dia55_utt14_20260801_124138_full.txt,dia55_utt14,Krista,joy,18,0,0,9,18,Speaker Not Trained
res_dia55_utt15_20260801_124210_full.txt,dia55_utt15,Danny,joy,38,0,0,41,0,Speaker Not Trained
res_dia55_utt16_20260801_124232_full.txt,dia55_utt16,Rachel,neutral,53,53,53,0,0,Processed
res_dia55_utt1_20260801_123909_full.txt,dia55_utt1,Rachel,joy,75,75,75,12,0,Processed
res_dia55_utt2_20260801_124328_full.txt,dia55_utt2,Danny,neutral,216,0,0,14,0,Speaker Not Trained
res_dia55_utt3_20260801_124439_full.txt,dia55_utt3,Rachel,surprise,206,206,206,130,0,Processed
res_dia55_utt4_20260801_124508_full.txt,dia55_utt4,Danny,neutral,50,0,0,38,17,Speaker Not Trained
res_dia55_utt5_20260801_124526_full.txt,dia55_utt5,Rachel,joy,32,0,0,25,6,Speaker Not Found
res_dia55_utt6_20260801_124610_full.txt,dia55_utt6,Krista,surprise,181,0,0,29,13,Speaker Not Trained
res_dia55_utt7_20260801_124640_full.txt,dia55_utt7,Danny,neutral,28,0,0,34,28,Speaker Not Trained
res_dia55_utt8_20260801_124708_full.txt,dia55_utt8,Krista,joy,45,0,0,22,44,Speaker Not Trained
res_dia55_utt9_20260801_124726_full.txt,dia55_utt9,Danny,joy,18,0,0,19,21,Speaker Not Trained
res_dia56_utt0_20260801_124755_full.txt,dia56_utt0,Chandler,surprise,124,124,124,0,0,Processed
res_dia56_utt1_20260801_124819_full.txt,dia56_utt1,Jill,neutral,32,0,0,32,0,Speaker Not Trained
res_dia56_utt2_20260801_124905_full.txt,dia56_utt2,Chandler,surprise,204,183,183,21,47,Processed
res_dia56_utt3_20260801_124928_full.txt,dia56_utt3,Jill,neutral,93,0,0,0,0,Speaker Not Trained
res_dia56_utt4_20260801_124955_full.txt,dia56_utt4,Chandler,neutral,105,105,105,0,0,Processed
res_dia56_utt5_20260801_125023_full.txt,dia56_utt5,Jill,neutral,128,0,0,0,0,Speaker Not Trained
res_dia56_utt6_20260801_125118_full.txt,dia56_utt6,Chandler,joy,240,211,211,29,66,Processed
res_dia57_utt1_20260801_125155_full.txt,dia57_utt1,Chandler,neutral,51,1,1,51,50,Processed
res_dia57_utt2_20260801_125230_full.txt,dia57_utt2,Chandler,fear,180,178,178,2,3,Processed
res_dia57_utt3_20260801_125327_full.txt,dia57_utt3,Chandler,fear,140,140,140,80,50,Processed
res_dia58_utt0_20260801_125355_full.txt,dia58_utt0,Phoebe,neutral,133,133,133,0,33,Processed
res_dia58_utt1_20260801_125406_full.txt,dia58_utt1,Rachel,neutral,16,16,16,0,0,Processed
res_dia58_utt2_20260801_125424_full.txt,dia58_utt2,Phoebe,surprise,64,0,0,0,0,Speaker Not Found
res_dia58_utt3_20260801_125439_full.txt,dia58_utt3,Joey,neutral,34,34,34,0,0,Processed
res_dia58_utt4_20260801_125510_full.txt,dia58_utt4,Monica,anger,136,120,120,0,16,Processed
res_dia58_utt5_20260801_125526_full.txt,dia58_utt5,Joey,surprise,31,31,31,0,31,Processed
res_dia58_utt6_20260801_125555_full.txt,dia58_utt6,Monica,neutral,76,76,76,1,52,Processed
res_dia58_utt7_20260801_125620_full.txt,dia58_utt7,Monica,neutral,74,74,74,0,6,Processed
res_dia58_utt8_20260801_125638_full.txt,dia58_utt8,Monica,neutral,23,23,23,0,35,Processed
res_dia58_utt9_20260801_125701_full.txt,dia58_utt9,Joey,neutral,60,0,0,1,73,Speaker Not Found
res_dia59_utt0_20260801_125845_full.txt,dia59_utt0,Doug,neutral,120,0,0,156,351,Speaker Not Trained
res_dia59_utt1_20260801_125901_full.txt,dia59_utt1,Doug,joy,22,0,0,22,0,Speaker Not Trained
res_dia59_utt2_20260801_125924_full.txt,dia59_utt2,Doug,neutral,34,0,0,34,0,Speaker Not Trained
res_dia59_utt3_20260801_125942_full.txt,dia59_utt3,Doug,joy,13,0,0,15,6,Speaker Not Trained
res_dia59_utt4_20260801_130011_full.txt,dia59_utt4,Doug,joy,18,0,0,37,18,Speaker Not Trained
res_dia59_utt5_20260801_130054_full.txt,dia59_utt5,Doug,joy,25,0,0,53,11,Speaker Not Trained
res_dia59_utt6_20260801_130121_full.txt,dia59_utt6,Doug,joy,17,0,0,7,48,Speaker Not Trained
res_dia59_utt7_20260801_130203_full.txt,dia59_utt7,Doug,joy,53,0,0,30,88,Speaker Not Trained
res_dia59_utt8_20260801_130227_full.txt,dia59_utt8,Doug,joy,38,0,0,12,14,Speaker Not Trained
res_dia59_utt9_20260801_130346_full.txt,dia59_utt9,Doug,joy,83,0,0,54,93,Speaker Not Trained
res_dia5_utt0_20260801_003435_full.txt,dia5_utt0,Phoebe,neutral,42,42,42,15,62,Processed
res_dia5_utt1_20260801_003446_full.txt,dia5_utt1,Joey,neutral,4,0,0,4,4,Speaker Not Found
res_dia5_utt2_20260801_003520_full.txt,dia5_utt2,Phoebe,neutral,70,70,70,11,116,Processed
res_dia5_utt3_20260801_003559_full.txt,dia5_utt3,Sergei,surprise,68,0,0,41,114,Speaker Not Trained
res_dia61_utt0_20260801_130528_full.txt,dia61_utt0,Stevens,neutral,125,0,0,129,49,Speaker Not Trained
res_dia61_utt1_20260801_130551_full.txt,dia61_utt1,Doug,joy,19,0,0,10,18,Speaker Not Trained
res_dia61_utt2_20260801_130631_full.txt,dia61_utt2,Doug,joy,33,0,0,53,9,Speaker Not Trained
res_dia61_utt3_20260801_130710_full.txt,dia61_utt3,Doug,neutral,49,0,0,51,0,Speaker Not Trained
res_dia61_utt4_20260801_130815_full.txt,dia61_utt4,Doug,neutral,154,0,0,46,0,Speaker Not Trained
res_dia61_utt5_20260801_130839_full.txt,dia61_utt5,Chandler,sadness,62,62,62,0,0,Processed
res_dia61_utt6_20260801_130940_full.txt,dia61_utt6,Doug,joy,77,0,0,77,0,Speaker Not Trained
res_dia61_utt7_20260801_131012_full.txt,dia61_utt7,Chandler,sadness,32,15,15,17,28,Processed
res_dia61_utt8_20260801_131038_full.txt,dia61_utt8,Doug,joy,48,0,0,21,48,Speaker Not Trained
res_dia62_utt0_20260801_131117_full.txt,dia62_utt0,Chandler,neutral,77,60,60,40,17,Processed
res_dia62_utt10_20260801_131300_full.txt,dia62_utt10,Mr. Franklin,surprise,93,0,0,42,73,Speaker Not Trained
res_dia62_utt11_20260801_131419_full.txt,dia62_utt11,Chandler,neutral,178,178,178,102,97,Processed
res_dia62_utt1_20260801_131210_full.txt,dia62_utt1,Bob,joy,75,0,0,88,64,Speaker Not Trained
res_dia62_utt2_20260801_131445_full.txt,dia62_utt2,Chandler,neutral,59,59,59,26,33,Processed
res_dia62_utt3_20260801_131520_full.txt,dia62_utt3,Bob,joy,60,0,0,53,31,Speaker Not Trained
res_dia62_utt5_20260801_131536_full.txt,dia62_utt5,Chandler,joy,12,12,12,0,24,Processed
res_dia62_utt6_20260801_131601_full.txt,dia62_utt6,Mr. Franklin,neutral,32,0,0,0,64,Speaker Not Trained
res_dia62_utt7_20260801_131629_full.txt,dia62_utt7,Chandler,neutral,59,59,59,12,106,Processed
res_dia62_utt8_20260801_131713_full.txt,dia62_utt8,Mr. Franklin,neutral,51,0,0,65,37,Speaker Not Trained
res_dia62_utt9_20260801_131816_full.txt,dia62_utt9,Chandler,surprise,186,186,186,11,185,Processed
res_dia63_utt0_20260801_131837_full.txt,dia63_utt0,Ross,joy,41,41,41,15,51,Processed
res_dia63_utt1_20260801_131952_full.txt,dia63_utt1,Chandler,neutral,234,234,234,50,257,Processed
res_dia63_utt2_20260801_132049_full.txt,dia63_utt2,Ross,joy,142,142,142,32,186,Processed
res_dia63_utt3_20260801_132108_full.txt,dia63_utt3,Chandler,surprise,32,32,32,0,55,Processed
res_dia63_utt4_20260801_132215_full.txt,dia63_utt4,Ross,joy,222,0,0,47,60,Speaker Not Found
res_dia63_utt5_20260801_132350_full.txt,dia63_utt5,Chandler,anger,99,103,103,133,206,Processed
res_dia63_utt6_20260801_132438_full.txt,dia63_utt6,Ross,neutral,40,31,31,79,44,Processed
res_dia63_utt7_20260801_132507_full.txt,dia63_utt7,Chandler,sadness,90,90,90,0,77,Processed
res_dia64_utt0_20260801_132545_full.txt,dia64_utt0,Chandler,anger,117,121,121,3,47,Processed
res_dia64_utt10_20260801_132735_full.txt,dia64_utt10,Chandler,neutral,80,80,80,21,102,Processed
res_dia64_utt11_20260801_132800_full.txt,dia64_utt11,Joey,anger,52,52,52,0,52,Processed
res_dia64_utt12_20260801_132925_full.txt,dia64_utt12,Chandler,neutral,131,137,137,1,352,Processed
res_dia64_utt1_20260801_132652_full.txt,dia64_utt1,Monica,neutral,41,35,35,123,85,Processed
res_dia64_utt2_20260801_133016_full.txt,dia64_utt2,Chandler,neutral,27,27,27,109,25,Processed
res_dia64_utt3_20260801_133038_full.txt,dia64_utt3,Phoebe,neutral,5,0,0,28,5,Speaker Not Found
res_dia64_utt4_20260801_133245_full.txt,dia64_utt4,Monica,neutral,163,170,170,189,280,Processed
res_dia64_utt5_20260801_133305_full.txt,dia64_utt5,Phoebe,joy,46,46,46,0,63,Processed
res_dia64_utt6_20260801_133333_full.txt,dia64_utt6,Monica,neutral,75,75,75,7,84,Processed
res_dia64_utt7_20260801_133420_full.txt,dia64_utt7,Phoebe,joy,140,147,147,5,166,Processed
res_dia64_utt8_20260801_133440_full.txt,dia64_utt8,Joey,joy,24,24,24,34,14,Processed
res_dia64_utt9_20260801_133517_full.txt,dia64_utt9,Phoebe,anger,48,42,42,0,127,Processed
res_dia65_utt0_20260801_133554_full.txt,dia65_utt0,Ross,joy,107,107,107,1,106,Processed
res_dia65_utt1_20260801_133610_full.txt,dia65_utt1,Rachel,surprise,38,22,22,0,35,Processed
res_dia65_utt2_20260801_133631_full.txt,dia65_utt2,Ross,neutral,33,24,24,1,30,Processed
res_dia65_utt3_20260801_133756_full.txt,dia65_utt3,Rachel,joy,354,98,98,78,167,Processed
res_dia66_utt10_20260801_133905_full.txt,dia66_utt10,Phoebe,joy,158,103,103,13,103,Processed
res_dia66_utt11_20260801_133923_full.txt,dia66_utt11,Monica,sadness,36,36,36,0,36,Processed
res_dia66_utt12_20260801_133946_full.txt,dia66_utt12,Phoebe,neutral,64,64,64,0,53,Processed
res_dia66_utt1_20260801_133817_full.txt,dia66_utt1,Phoebe,neutral,80,80,80,0,0,Processed
res_dia66_utt2_20260801_134032_full.txt,dia66_utt2,Phoebe,neutral,177,139,139,20,33,Processed
res_dia66_utt3_20260801_134055_full.txt,dia66_utt3,Monica,neutral,55,55,55,0,55,Processed
res_dia66_utt4_20260801_134114_full.txt,dia66_utt4,Phoebe,neutral,72,72,72,0,0,Processed
res_dia66_utt5_20260801_134130_full.txt,dia66_utt5,Monica,surprise,24,24,24,0,18,Processed
res_dia66_utt6_20260801_134210_full.txt,dia66_utt6,Phoebe,neutral,132,132,132,0,98,Processed
res_dia66_utt7_20260801_134240_full.txt,dia66_utt7,Monica,neutral,86,86,86,0,86,Processed
res_dia66_utt8_20260801_134320_full.txt,dia66_utt8,Phoebe,sadness,141,141,141,0,105,Processed
res_dia66_utt9_20260801_134346_full.txt,dia66_utt9,Monica,joy,57,17,17,2,42,Processed
res_dia67_utt0_20260801_134430_full.txt,dia67_utt0,Rachel,surprise,33,0,0,67,129,Speaker Not Found
res_dia67_utt10_20260801_134617_full.txt,dia67_utt10,Rachel,joy,91,0,0,132,129,Speaker Not Found
res_dia67_utt11_20260801_134640_full.txt,dia67_utt11,Ross,joy,67,67,67,0,49,Processed
res_dia67_utt12_20260801_134654_full.txt,dia67_utt12,Phoebe,neutral,13,14,14,0,0,Processed
res_dia67_utt13_20260801_134715_full.txt,dia67_utt13,Phoebe,neutral,39,43,43,0,15,Processed
res_dia67_utt14_20260801_134745_full.txt,dia67_utt14,Phoebe,neutral,115,117,117,0,48,Processed
res_dia67_utt15_20260801_134837_full.txt,dia67_utt15,Phoebe,anger,147,110,110,6,77,Processed
res_dia67_utt1_20260801_134456_full.txt,dia67_utt1,Ross,neutral,26,26,26,15,64,Processed
res_dia67_utt2_20260801_134859_full.txt,dia67_utt2,Rachel,joy,73,73,73,1,74,Processed
res_dia67_utt3_20260801_134925_full.txt,dia67_utt3,Ross,neutral,57,57,57,11,0,Processed
res_dia67_utt5_20260801_135008_full.txt,dia67_utt5,Rachel,joy,56,56,56,36,64,Processed
res_dia67_utt6_20260801_135104_full.txt,dia67_utt6,Rachel,sadness,39,39,39,87,11,Processed
res_dia67_utt7_20260801_135151_full.txt,dia67_utt7,Rachel,joy,37,21,21,54,11,Processed
res_dia67_utt8_20260801_135210_full.txt,dia67_utt8,Rachel,joy,28,28,28,0,37,Processed
res_dia67_utt9_20260801_135239_full.txt,dia67_utt9,Ross,neutral,61,61,61,1,66,Processed
res_dia68_utt0_20260801_135434_full.txt,dia68_utt0,Director,anger,110,0,0,118,246,Speaker Not Trained
res_dia68_utt1_20260801_135549_full.txt,dia68_utt1,Joey,joy,88,82,82,6,182,Processed
res_dia68_utt2_20260801_135648_full.txt,dia68_utt2,Director,neutral,25,0,0,75,0,Speaker Not Trained
res_dia68_utt3_20260801_135714_full.txt,dia68_utt3,Joey,surprise,25,25,25,25,25,Processed
res_dia69_utt0_20260801_135849_full.txt,dia69_utt0,Chandler,joy,98,74,74,24,247,Processed
res_dia69_utt1_20260801_135953_full.txt,dia69_utt1,Chandler,neutral,64,60,60,36,194,Processed
res_dia69_utt2_20260801_140115_full.txt,dia69_utt2,Janice,neutral,74,0,0,74,222,Speaker Not Trained
res_dia69_utt3_20260801_140150_full.txt,dia69_utt3,Chandler,surprise,25,25,25,24,34,Processed
res_dia69_utt4_20260801_140239_full.txt,dia69_utt4,Phoebe,sadness,34,34,34,44,68,Processed
res_dia69_utt5_20260801_140320_full.txt,dia69_utt5,Chandler,neutral,46,47,47,27,77,Processed
res_dia69_utt6_20260801_140401_full.txt,dia69_utt6,Phoebe,anger,31,28,28,42,39,Processed
res_dia6_utt0_20260801_003729_full.txt,dia6_utt0,Chandler,joy,77,79,79,100,219,Processed
res_dia6_utt10_20260801_003826_full.txt,dia6_utt10,Joey,anger,33,32,32,1,60,Processed
res_dia6_utt11_20260801_003907_full.txt,dia6_utt11,Joey,anger,81,81,81,2,126,Processed
res_dia6_utt12_20260801_003929_full.txt,dia6_utt12,Joey,neutral,31,31,31,31,18,Processed
res_dia6_utt13_20260801_003945_full.txt,dia6_utt13,Joey,neutral,23,23,23,11,9,Processed
res_dia6_utt14_20260801_004001_full.txt,dia6_utt14,Chandler,sadness,14,13,13,3,12,Processed
res_dia6_utt15_20260801_004016_full.txt,dia6_utt15,Chandler,sadness,17,0,0,13,22,Speaker Not Found
res_dia6_utt16_20260801_004046_full.txt,dia6_utt16,Chandler,sadness,30,0,0,41,49,Speaker Not Found
res_dia6_utt17_20260801_004112_full.txt,dia6_utt17,Chandler,surprise,11,0,0,22,11,Speaker Not Found
res_dia6_utt18_20260801_004139_full.txt,dia6_utt18,Chandler,anger,28,16,16,34,16,Processed
res_dia6_utt19_20260801_004153_full.txt,dia6_utt19,Chandler,anger,15,15,15,15,0,Processed
res_dia6_utt1_20260801_003757_full.txt,dia6_utt1,Joey,surprise,38,38,38,6,71,Processed
res_dia6_utt20_20260801_004248_full.txt,dia6_utt20,Chandler,anger,20,20,20,19,0,Processed
res_dia6_utt21_20260801_004307_full.txt,dia6_utt21,Chandler,anger,45,45,45,0,0,Processed
res_dia6_utt2_20260801_004232_full.txt,dia6_utt2,Chandler,joy,40,40,40,4,105,Processed
res_dia6_utt3_20260801_004332_full.txt,dia6_utt3,Joey,neutral,48,48,48,1,53,Processed
res_dia6_utt4_20260801_004404_full.txt,dia6_utt4,Chandler,neutral,62,62,62,5,89,Processed
res_dia6_utt5_20260801_004517_full.txt,dia6_utt5,Joey,anger,58,58,58,92,173,Processed
res_dia6_utt6_20260801_004645_full.txt,dia6_utt6,Chandler,joy,98,99,99,43,305,Processed
res_dia6_utt7_20260801_004753_full.txt,dia6_utt7,Joey,neutral,121,121,121,33,159,Processed
res_dia6_utt8_20260801_004940_full.txt,dia6_utt8,Chandler,surprise,135,135,135,52,480,Processed
res_dia6_utt9_20260801_005004_full.txt,dia6_utt9,Joey,anger,24,24,24,1,65,Processed
res_dia70_utt0_20260801_140528_full.txt,dia70_utt0,Tony,joy,64,0,0,189,0,Speaker Not Trained
res_dia70_utt1_20260801_140553_full.txt,dia70_utt1,Joey,neutral,46,41,41,20,1,Processed
res_dia70_utt2_20260801_140617_full.txt,dia70_utt2,Chandler,neutral,65,65,65,12,25,Processed
res_dia70_utt3_20260801_140859_full.txt,dia70_utt3,Tony,neutral,112,0,0,375,56,Speaker Not Trained
res_dia70_utt4_20260801_141116_full.txt,dia70_utt4,Chandler,neutral,273,249,249,145,227,Processed
res_dia70_utt5_20260801_141141_full.txt,dia70_utt5,Tony,anger,33,0,0,34,33,Speaker Not Trained
res_dia70_utt6_20260801_141317_full.txt,dia70_utt6,Chandler,neutral,178,178,178,127,227,Processed
res_dia70_utt7_20260801_141422_full.txt,dia70_utt7,Peter,anger,73,0,0,62,70,Speaker Not Trained
res_dia70_utt8_20260801_141509_full.txt,dia70_utt8,Joey,anger,38,38,38,86,11,Processed
res_dia71_utt0_20260801_141520_full.txt,dia71_utt0,Rachel,neutral,2,4,4,0,0,Processed
res_dia71_utt1_20260801_141545_full.txt,dia71_utt1,Phoebe,neutral,39,32,32,0,0,Processed
res_dia72_utt0_20260801_141730_full.txt,dia72_utt0,Chandler,neutral,82,76,76,223,51,Processed
res_dia72_utt1_20260801_141817_full.txt,dia72_utt1,Ticket Counter Attendant,surprise,72,0,0,76,85,Speaker Not Trained
res_dia72_utt2_20260801_141931_full.txt,dia72_utt2,Chandler,neutral,61,58,58,113,109,Processed
res_dia72_utt3_20260801_141955_full.txt,dia72_utt3,Ticket Counter Attendant,surprise,49,0,0,23,47,Speaker Not Trained
res_dia72_utt4_20260801_142121_full.txt,dia72_utt4,Chandler,neutral,72,72,72,166,74,Processed
res_dia72_utt5_20260801_142159_full.txt,dia72_utt5,Ticket Counter Attendant,neutral,60,0,0,37,57,Speaker Not Trained
res_dia72_utt6_20260801_142237_full.txt,dia72_utt6,Chandler,neutral,40,40,40,46,82,Processed
res_dia72_utt7_20260801_142615_full.txt,dia72_utt7,Chandler,neutral,169,170,170,358,326,Processed
res_dia73_utt10_20260801_142715_full.txt,dia73_utt10,Chandler,surprise,31,12,12,5,0,Processed
res_dia73_utt11_20260801_142730_full.txt,dia73_utt11,Joey,neutral,36,0,0,0,2,Speaker Not Found
res_dia73_utt1_20260801_142656_full.txt,dia73_utt1,Chandler,joy,54,54,54,0,0,Processed
res_dia73_utt2_20260801_142751_full.txt,dia73_utt2,Chandler,joy,63,42,42,0,0,Processed
res_dia73_utt3_20260801_142806_full.txt,dia73_utt3,Joey,neutral,30,30,30,0,0,Processed
res_dia73_utt4_20260801_142819_full.txt,dia73_utt4,Chandler,neutral,4,0,0,4,4,Speaker Not Found
res_dia73_utt5_20260801_142839_full.txt,dia73_utt5,Joey,neutral,23,0,0,23,1,Speaker Not Found
res_dia73_utt6_20260801_142854_full.txt,dia73_utt6,Chandler,surprise,22,22,22,5,0,Processed
res_dia73_utt7_20260801_142926_full.txt,dia73_utt7,Joey,neutral,83,36,36,47,0,Processed
res_dia73_utt8_20260801_143039_full.txt,dia73_utt8,Chandler,neutral,327,327,327,0,246,Processed
res_dia73_utt9_20260801_143058_full.txt,dia73_utt9,Joey,neutral,71,71,71,0,0,Processed
res_dia74_utt0_20260801_143208_full.txt,dia74_utt0,Joey,joy,66,66,66,103,164,Processed
res_dia74_utt1_20260801_143250_full.txt,dia74_utt1,Phoebe,neutral,44,45,45,54,137,Processed
res_dia74_utt2_20260801_143309_full.txt,dia74_utt2,Chandler,neutral,47,47,47,0,70,Processed
res_dia74_utt3_20260801_143337_full.txt,dia74_utt3,Phoebe,neutral,33,20,20,31,60,Processed
res_dia74_utt4_20260801_143438_full.txt,dia74_utt4,Joey,disgust,67,67,67,103,131,Processed
res_dia74_utt5_20260801_143509_full.txt,dia74_utt5,Phoebe,anger,49,49,49,10,129,Processed
res_dia74_utt6_20260801_143554_full.txt,dia74_utt6,Joey,anger,53,53,53,57,129,Processed
res_dia75_utt0_20260801_143611_full.txt,dia75_utt0,Ross,neutral,32,32,32,17,25,Processed
res_dia76_utt0_20260801_143646_full.txt,dia76_utt0,Rachel,neutral,88,74,74,14,89,Processed
res_dia76_utt1_20260801_143702_full.txt,dia76_utt1,Ross,neutral,45,45,45,0,0,Processed
res_dia76_utt2_20260801_143732_full.txt,dia76_utt2,Ross,neutral,141,141,141,0,0,Processed
res_dia76_utt3_20260801_143810_full.txt,dia76_utt3,Ross,neutral,168,168,168,3,13,Processed
res_dia76_utt4_20260801_143834_full.txt,dia76_utt4,Ross,neutral,93,93,93,0,1,Processed
res_dia76_utt5_20260801_143853_full.txt,dia76_utt5,Rachel,joy,35,35,35,0,47,Processed
res_dia76_utt6_20260801_143912_full.txt,dia76_utt6,Ross,joy,65,61,61,0,6,Processed
res_dia76_utt7_20260801_143940_full.txt,dia76_utt7,Rachel,sadness,75,47,47,0,72,Processed
res_dia77_utt0_20260801_144007_full.txt,dia77_utt0,Dr. Long,neutral,29,0,0,29,29,Speaker Not Trained
res_dia77_utt1_20260801_144030_full.txt,dia77_utt1,Rachel,neutral,40,31,31,38,5,Processed
res_dia77_utt2_20260801_144139_full.txt,dia77_utt2,Dr. Long,neutral,90,0,0,113,40,Speaker Not Trained
res_dia77_utt3_20260801_144204_full.txt,dia77_utt3,Rachel,neutral,54,50,50,4,41,Processed
res_dia77_utt4_20260801_144217_full.txt,dia77_utt4,Rachel,joy,25,18,18,7,0,Processed
res_dia78_utt0_20260801_144242_full.txt,dia78_utt0,Ross,joy,71,71,71,4,72,Processed
res_dia78_utt1_20260801_144323_full.txt,dia78_utt1,Rachel,anger,65,41,41,63,4,Processed
res_dia78_utt2_20260801_144344_full.txt,dia78_utt2,Phoebe,anger,40,40,40,40,0,Processed
res_dia78_utt3_20260801_144359_full.txt,dia78_utt3,Phoebe,neutral,39,39,39,5,5,Processed
res_dia78_utt4_20260801_144416_full.txt,dia78_utt4,Ross,fear,15,0,0,3,12,Speaker Not Found
res_dia78_utt5_20260801_144444_full.txt,dia78_utt5,Rachel,surprise,116,116,116,4,7,Processed
res_dia79_utt0_20260801_144516_full.txt,dia79_utt0,Joey,neutral,112,112,112,25,38,Processed
res_dia79_utt1_20260801_144538_full.txt,dia79_utt1,Rachel,disgust,60,60,60,19,0,Processed
res_dia79_utt2_20260801_144609_full.txt,dia79_utt2,Joey,joy,97,0,0,18,1,Speaker Not Found
res_dia79_utt3_20260801_144627_full.txt,dia79_utt3,Rachel,surprise,17,17,17,17,0,Processed
res_dia79_utt4_20260801_144658_full.txt,dia79_utt4,Joey,neutral,45,32,32,26,0,Processed
res_dia79_utt5_20260801_144729_full.txt,dia79_utt5,Rachel,disgust,43,43,43,28,15,Processed
res_dia79_utt6_20260801_144750_full.txt,dia79_utt6,Joey,neutral,42,41,41,1,41,Processed
res_dia79_utt7_20260801_144812_full.txt,dia79_utt7,Joey,neutral,69,0,0,1,0,Speaker Not Found
res_dia7_utt0_20260801_005027_full.txt,dia7_utt0,Joey,neutral,69,69,69,0,0,Processed
res_dia7_utt1_20260801_005100_full.txt,dia7_utt1,Ross,anger,98,98,98,19,25,Processed
res_dia80_utt0_20260801_144846_full.txt,dia80_utt0,Rachel,neutral,72,40,40,7,141,Processed
res_dia80_utt1_20260801_144953_full.txt,dia80_utt1,Joey,joy,153,147,147,39,150,Processed
res_dia80_utt2_20260801_145124_full.txt,dia80_utt2,Rachel,surprise,205,181,181,87,205,Processed
res_dia80_utt3_20260801_145200_full.txt,dia80_utt3,Joey,neutral,65,65,65,65,65,Processed
res_dia80_utt4_20260801_145257_full.txt,dia80_utt4,Rachel,neutral,94,61,61,15,241,Processed
res_dia80_utt5_20260801_145346_full.txt,dia80_utt5,Joey,neutral,105,105,105,105,105,Processed
res_dia81_utt0_20260801_145424_full.txt,dia81_utt0,Joey,neutral,115,74,74,27,32,Processed
res_dia81_utt10_20260801_145501_full.txt,dia81_utt10,Joey,neutral,69,69,69,0,0,Processed
res_dia81_utt11_20260801_145523_full.txt,dia81_utt11,Phoebe,anger,79,70,70,9,0,Processed
res_dia81_utt12_20260801_145548_full.txt,dia81_utt12,Monica,neutral,51,51,51,16,2,Processed
res_dia81_utt13_20260801_145604_full.txt,dia81_utt13,Phoebe,anger,13,12,12,1,13,Processed
res_dia81_utt14_20260801_145637_full.txt,dia81_utt14,Phoebe,anger,111,69,61,23,55,Processed
res_dia81_utt15_20260801_145715_full.txt,dia81_utt15,Phoebe,anger,73,14,14,38,82,Processed
res_dia81_utt16_20260801_145737_full.txt,dia81_utt16,Phoebe,surprise,66,66,66,7,32,Processed
res_dia81_utt1_20260801_145444_full.txt,dia81_utt1,Monica,neutral,67,67,67,3,12,Processed
res_dia81_utt2_20260801_145748_full.txt,dia81_utt2,Joey,neutral,3,0,0,3,3,Speaker Not Found
res_dia81_utt3_20260801_145805_full.txt,dia81_utt3,Monica,joy,44,44,44,0,44,Processed
res_dia81_utt4_20260801_145824_full.txt,dia81_utt4,Joey,fear,35,35,35,5,49,Processed
res_dia81_utt5_20260801_145842_full.txt,dia81_utt5,Phoebe,neutral,20,4,4,20,21,Processed
res_dia81_utt6_20260801_145906_full.txt,dia81_utt6,Monica,joy,33,0,0,29,6,Speaker Not Found
res_dia81_utt7_20260801_145917_full.txt,dia81_utt7,Phoebe,surprise,2,0,0,0,2,Speaker Not Found
res_dia81_utt8_20260801_150000_full.txt,dia81_utt8,Monica,joy,97,51,51,44,126,Processed
res_dia81_utt9_20260801_150023_full.txt,dia81_utt9,Phoebe,neutral,36,23,23,16,36,Processed
res_dia82_utt0_20260801_150104_full.txt,dia82_utt0,Monica,neutral,79,74,74,77,84,Processed
res_dia82_utt10_20260801_150221_full.txt,dia82_utt10,Monica,neutral,82,82,82,0,82,Processed
res_dia82_utt11_20260801_150236_full.txt,dia82_utt11,Phoebe,neutral,59,59,59,0,0,Processed
res_dia82_utt1_20260801_150145_full.txt,dia82_utt1,Chandler,neutral,106,79,79,27,127,Processed
res_dia82_utt2_20260801_150303_full.txt,dia82_utt2,Monica,anger,69,69,69,0,69,Processed
res_dia82_utt3_20260801_150334_full.txt,dia82_utt3,Chandler,disgust,96,96,96,0,96,Processed
res_dia82_utt4_20260801_150400_full.txt,dia82_utt4,Monica,sadness,61,61,61,1,39,Processed
res_dia82_utt5_20260801_150420_full.txt,dia82_utt5,Chandler,neutral,55,55,55,0,52,Processed
res_dia82_utt6_20260801_150454_full.txt,dia82_utt6,Chandler,disgust,144,144,144,0,35,Processed
res_dia82_utt7_20260801_150514_full.txt,dia82_utt7,Phoebe,neutral,57,57,57,0,0,Processed
res_dia82_utt9_20260801_150551_full.txt,dia82_utt9,Chandler,disgust,155,155,155,0,41,Processed
res_dia83_utt0_20260801_150625_full.txt,dia83_utt0,Charlton Heston,neutral,73,0,0,73,0,Speaker Not Trained
res_dia83_utt1_20260801_150645_full.txt,dia83_utt1,Joey,neutral,34,34,34,0,34,Processed
res_dia83_utt2_20260801_150724_full.txt,dia83_utt2,Charlton Heston,anger,48,0,0,48,48,Speaker Not Trained
res_dia83_utt3_20260801_150754_full.txt,dia83_utt3,Joey,neutral,84,84,84,0,83,Processed
res_dia84_utt0_20260801_150816_full.txt,dia84_utt0,Monica,fear,57,23,23,21,4,Processed
res_dia84_utt1_20260801_150841_full.txt,dia84_utt1,Phoebe,anger,61,61,61,13,48,Processed
res_dia84_utt2_20260801_150901_full.txt,dia84_utt2,Rachel,anger,47,47,47,0,45,Processed
res_dia84_utt3_20260801_150920_full.txt,dia84_utt3,Phoebe,anger,52,52,52,0,0,Processed
res_dia84_utt4_20260801_151044_full.txt,dia84_utt4,Rachel,neutral,379,92,92,28,49,Processed
res_dia84_utt5_20260801_151121_full.txt,dia84_utt5,Joshua,neutral,67,0,0,29,60,Speaker Not Trained
res_dia84_utt6_20260801_151232_full.txt,dia84_utt6,Rachel,sadness,245,197,196,26,60,Processed
res_dia85_utt0_20260801_151330_full.txt,dia85_utt0,Rachel,neutral,45,42,42,91,66,Processed
res_dia85_utt1_20260801_151412_full.txt,dia85_utt1,Phoebe,neutral,43,43,43,23,125,Processed
res_dia85_utt2_20260801_151432_full.txt,dia85_utt2,Rachel,neutral,61,61,61,11,14,Processed
res_dia85_utt3_20260801_151509_full.txt,dia85_utt3,Phoebe,neutral,42,42,42,14,88,Processed
res_dia85_utt4_20260801_151721_full.txt,dia85_utt4,Rachel,neutral,169,169,169,8,369,Processed
res_dia86_utt0_20260801_151745_full.txt,dia86_utt0,Rachel,neutral,50,0,0,7,68,Speaker Not Found
res_dia86_utt10_20260801_151850_full.txt,dia86_utt10,Rachel,joy,41,40,40,21,110,Processed
res_dia86_utt1_20260801_151812_full.txt,dia86_utt1,Rachel,neutral,65,63,63,9,49,Processed
res_dia86_utt2_20260801_151931_full.txt,dia86_utt2,Nancy,surprise,49,0,0,50,126,Speaker Not Trained
res_dia86_utt3_20260801_152055_full.txt,dia86_utt3,Rachel,neutral,116,116,116,105,170,Processed
res_dia86_utt4_20260801_152130_full.txt,dia86_utt4,Rachel,neutral,40,40,40,40,43,Processed
res_dia86_utt5_20260801_152241_full.txt,dia86_utt5,Rachel,surprise,76,76,76,129,105,Processed
res_dia86_utt6_20260801_152343_full.txt,dia86_utt6,Rachel,neutral,60,58,58,106,76,Processed
res_dia86_utt7_20260801_152424_full.txt,dia86_utt7,Kim,neutral,25,0,0,50,39,Speaker Not Trained
res_dia86_utt8_20260801_152500_full.txt,dia86_utt8,Rachel,neutral,41,41,41,45,49,Processed
res_dia86_utt9_20260801_152553_full.txt,dia86_utt9,Kim,neutral,47,0,0,72,78,Speaker Not Trained
res_dia87_utt0_20260801_152612_full.txt,dia87_utt0,Rachel,sadness,37,37,37,0,31,Processed
res_dia87_utt1_20260801_152628_full.txt,dia87_utt1,Ross,neutral,19,19,19,0,13,Processed
res_dia87_utt2_20260801_152647_full.txt,dia87_utt2,Rachel,sadness,38,38,38,1,31,Processed
res_dia87_utt3_20260801_152701_full.txt,dia87_utt3,Ross,sadness,10,1,1,9,10,Processed
res_dia87_utt4_20260801_152731_full.txt,dia87_utt4,Phoebe,joy,89,81,81,3,100,Processed
res_dia87_utt5_20260801_152813_full.txt,dia87_utt5,Monica,neutral,24,2,2,53,60,Processed
res_dia87_utt6_20260801_152844_full.txt,dia87_utt6,Phoebe,neutral,25,0,0,39,64,Speaker Not Found
res_dia87_utt7_20260801_152922_full.txt,dia87_utt7,Joey,joy,25,10,10,55,73,Processed
res_dia87_utt8_20260801_153006_full.txt,dia87_utt8,Monica,joy,102,102,102,24,95,Processed
res_dia87_utt9_20260801_153049_full.txt,dia87_utt9,Ross,joy,122,29,29,1,152,Processed
res_dia88_utt0_20260801_153111_full.txt,dia88_utt0,Phoebe,neutral,71,71,71,0,0,Processed
res_dia88_utt1_20260801_153133_full.txt,dia88_utt1,Rachel,joy,74,0,0,0,15,Speaker Not Found
res_dia88_utt2_20260801_153152_full.txt,dia88_utt2,Phoebe,neutral,32,11,11,0,42,Processed
res_dia88_utt3_20260801_153219_full.txt,dia88_utt3,Phoebe,neutral,116,116,116,0,0,Processed
res_dia89_utt0_20260801_153303_full.txt,dia89_utt0,Joey,anger,169,142,142,31,0,Processed
res_dia89_utt10_20260801_153334_full.txt,dia89_utt10,Chandler,surprise,34,34,34,13,0,Processed
res_dia89_utt11_20260801_153347_full.txt,dia89_utt11,Rachel,anger,19,19,19,0,19,Processed
res_dia89_utt12_20260801_153417_full.txt,dia89_utt12,Rachel,disgust,78,78,78,9,71,Processed
res_dia89_utt15_20260801_153443_full.txt,dia89_utt15,Rachel,neutral,104,0,0,2,6,Speaker Not Found
res_dia89_utt16_20260801_153512_full.txt,dia89_utt16,Rachel,joy,83,0,0,40,14,Speaker Not Found
res_dia89_utt1_20260801_153319_full.txt,dia89_utt1,Chandler,neutral,47,47,47,0,0,Processed
res_dia89_utt2_20260801_153532_full.txt,dia89_utt2,Rachel,joy,33,0,0,27,39,Speaker Not Found
res_dia89_utt4_20260801_153553_full.txt,dia89_utt4,Joey,neutral,56,56,56,0,0,Processed
res_dia89_utt5_20260801_153620_full.txt,dia89_utt5,Rachel,neutral,35,27,27,34,0,Processed
res_dia89_utt6_20260801_153633_full.txt,dia89_utt6,Rachel,joy,24,21,21,6,0,Processed
res_dia89_utt7_20260801_153647_full.txt,dia89_utt7,Rachel,joy,26,24,24,2,0,Processed
res_dia89_utt8_20260801_153717_full.txt,dia89_utt8,Rachel,neutral,106,90,90,16,0,Processed
res_dia89_utt9_20260801_153736_full.txt,dia89_utt9,Rachel,anger,53,52,52,1,0,Processed
res_dia8_utt0_20260801_005139_full.txt,dia8_utt0,Phoebe,neutral,98,98,98,0,98,Processed
res_dia8_utt1_20260801_005240_full.txt,dia8_utt1,Phoebe,neutral,176,176,176,0,176,Processed
res_dia8_utt2_20260801_005259_full.txt,dia8_utt2,Chandler,neutral,32,32,32,0,32,Processed
res_dia8_utt3_20260801_005454_full.txt,dia8_utt3,Customer,neutral,158,0,0,145,147,Speaker Not Trained
res_dia8_utt4_20260801_005604_full.txt,dia8_utt4,Chandler,joy,68,68,68,76,56,Processed
res_dia8_utt5_20260801_005736_full.txt,dia8_utt5,Customer,neutral,62,0,0,113,44,Speaker Not Trained
res_dia8_utt6_20260801_005747_full.txt,dia8_utt6,Chandler,joy,2,2,2,2,4,Processed
res_dia90_utt0_20260801_153752_full.txt,dia90_utt0,Phoebe,surprise,38,38,38,0,0,Processed
res_dia91_utt0_20260801_153824_full.txt,dia91_utt0,Phoebe,anger,140,137,137,22,20,Processed
res_dia92_utt0_20260801_153841_full.txt,dia92_utt0,Phoebe,anger,38,25,25,3,9,Processed
res_dia92_utt1_20260801_153856_full.txt,dia92_utt1,Phoebe,neutral,37,37,37,0,0,Processed
res_dia93_utt0_20260801_153948_full.txt,dia93_utt0,Chandler,neutral,166,83,83,11,179,Processed
res_dia93_utt1_20260801_154008_full.txt,dia93_utt1,Monica,neutral,37,14,14,8,33,Processed
res_dia93_utt2_20260801_154025_full.txt,dia93_utt2,Chandler,neutral,27,27,27,0,1,Processed
res_dia93_utt3_20260801_154120_full.txt,dia93_utt3,Joey,surprise,126,112,112,14,136,Processed
res_dia93_utt4_20260801_154136_full.txt,dia93_utt4,Chandler,neutral,50,50,50,0,0,Processed
res_dia93_utt5_20260801_154151_full.txt,dia93_utt5,Joey,surprise,47,0,0,4,0,Speaker Not Found
res_dia93_utt6_20260801_154218_full.txt,dia93_utt6,Monica,disgust,51,21,21,25,35,Processed
res_dia93_utt7_20260801_154242_full.txt,dia93_utt7,Joey,surprise,34,31,31,1,36,Processed
res_dia94_utt0_20260801_154311_full.txt,dia94_utt0,Rachel,neutral,30,0,0,40,0,Speaker Not Found
res_dia94_utt10_20260801_154438_full.txt,dia94_utt10,Rachel,joy,60,60,60,18,42,Processed
res_dia94_utt11_20260801_154517_full.txt,dia94_utt11,Joanna,joy,72,0,0,54,0,Speaker Not Trained
res_dia94_utt12_20260801_154542_full.txt,dia94_utt12,Rachel,neutral,35,35,35,4,31,Processed
res_dia94_utt13_20260801_154605_full.txt,dia94_utt13,Joanna,joy,28,0,0,16,11,Speaker Not Trained
res_dia94_utt14_20260801_154622_full.txt,dia94_utt14,Rachel,neutral,25,25,25,4,21,Processed
res_dia94_utt15_20260801_154648_full.txt,dia94_utt15,Joanna,joy,37,0,0,36,15,Speaker Not Trained
res_dia94_utt1_20260801_154407_full.txt,dia94_utt1,Joanna,neutral,63,0,0,67,44,Speaker Not Trained
res_dia94_utt2_20260801_154715_full.txt,dia94_utt2,Rachel,fear,33,27,27,7,32,Processed
res_dia94_utt3_20260801_154747_full.txt,dia94_utt3,Joanna,neutral,43,0,0,39,3,Speaker Not Trained
res_dia94_utt4_20260801_154825_full.txt,dia94_utt4,Rachel,disgust,146,146,146,19,21,Processed
res_dia94_utt5_20260801_154906_full.txt,dia94_utt5,Joanna,fear,80,0,0,64,17,Speaker Not Trained
res_dia94_utt6_20260801_154928_full.txt,dia94_utt6,Joanna,anger,70,0,0,2,0,Speaker Not Trained
res_dia94_utt7_20260801_154948_full.txt,dia94_utt7,Joanna,sadness,33,0,0,33,0,Speaker Not Trained
res_dia94_utt8_20260801_155032_full.txt,dia94_utt8,Joanna,neutral,61,0,0,61,0,Speaker Not Trained
res_dia94_utt9_20260801_155104_full.txt,dia94_utt9,Joanna,neutral,72,0,0,10,72,Speaker Not Trained
res_dia95_utt0_20260801_155126_full.txt,dia95_utt0,Rachel,joy,87,87,87,1,0,Processed
res_dia95_utt10_20260801_155251_full.txt,dia95_utt10,Rachel,neutral,60,0,0,60,122,Speaker Not Found
res_dia95_utt11_20260801_155301_full.txt,dia95_utt11,Monica,neutral,3,3,3,3,6,Processed
res_dia95_utt12_20260801_155326_full.txt,dia95_utt12,Rachel,surprise,52,52,52,11,59,Processed
res_dia95_utt13_20260801_155343_full.txt,dia95_utt13,Monica,neutral,17,17,17,1,17,Processed
res_dia95_utt14_20260801_155457_full.txt,dia95_utt14,Rachel,neutral,210,210,210,25,306,Processed
res_dia95_utt15_20260801_155540_full.txt,dia95_utt15,Joey,neutral,85,85,85,1,169,Processed
res_dia95_utt16_20260801_155617_full.txt,dia95_utt16,Rachel,neutral,47,47,47,70,19,Processed
res_dia95_utt17_20260801_155711_full.txt,dia95_utt17,Joey,neutral,153,154,154,43,128,Processed
res_dia95_utt1_20260801_155203_full.txt,dia95_utt1,Joey,surprise,32,32,32,18,96,Processed
res_dia95_utt2_20260801_155725_full.txt,dia95_utt2,Rachel,neutral,44,44,44,0,0,Processed
res_dia95_utt3_20260801_155757_full.txt,dia95_utt3,Joey,neutral,46,46,46,50,88,Processed
res_dia95_utt4_20260801_155839_full.txt,dia95_utt4,Rachel,joy,88,88,88,49,72,Processed
res_dia95_utt5_20260801_155855_full.txt,dia95_utt5,Monica,joy,22,22,22,22,44,Processed
res_dia95_utt6_20260801_155917_full.txt,dia95_utt6,Rachel,surprise,27,0,0,42,54,Speaker Not Found
res_dia95_utt7_20260801_155942_full.txt,dia95_utt7,Rachel,surprise,35,35,35,45,8,Processed
res_dia95_utt8_20260801_160039_full.txt,dia95_utt8,Rachel,anger,89,89,89,90,46,Processed
res_dia95_utt9_20260801_160108_full.txt,dia95_utt9,Rachel,neutral,50,50,50,49,5,Processed
res_dia96_utt0_20260801_160134_full.txt,dia96_utt0,Monica,neutral,53,53,53,17,36,Processed
res_dia96_utt1_20260801_160151_full.txt,dia96_utt1,Monica,neutral,27,27,27,0,0,Processed
res_dia96_utt2_20260801_160211_full.txt,dia96_utt2,Monica,neutral,38,38,38,18,20,Processed
res_dia96_utt3_20260801_160232_full.txt,dia96_utt3,Monica,neutral,36,36,36,7,29,Processed
res_dia96_utt4_20260801_160249_full.txt,dia96_utt4,Monica,neutral,19,19,19,0,19,Processed
res_dia97_utt0_20260801_160331_full.txt,dia97_utt0,Monica,neutral,39,0,0,84,23,Speaker Not Found
res_dia97_utt1_20260801_160400_full.txt,dia97_utt1,Rachel,neutral,35,0,0,22,160,Speaker Not Found
res_dia97_utt2_20260801_160427_full.txt,dia97_utt2,Ross,neutral,54,2,2,30,52,Processed
res_dia97_utt3_20260801_160446_full.txt,dia97_utt3,Rachel,anger,64,64,64,1,4,Processed
res_dia98_utt1_20260801_160515_full.txt,dia98_utt1,Chandler,neutral,92,92,92,21,13,Processed
res_dia99_utt0_20260801_160527_full.txt,dia99_utt0,Chandler,joy,16,15,15,3,0,Processed
res_dia99_utt10_20260801_160611_full.txt,dia99_utt10,Chandler,neutral,51,51,51,0,51,Processed
res_dia99_utt11_20260801_160636_full.txt,dia99_utt11,Monica,anger,59,59,59,0,59,Processed
res_dia99_utt12_20260801_160706_full.txt,dia99_utt12,Cassie,neutral,80,0,0,2,94,Speaker Not Trained
res_dia99_utt13_20260801_160723_full.txt,dia99_utt13,Chandler,joy,34,34,34,2,28,Processed
res_dia99_utt14_20260801_160738_full.txt,dia99_utt14,Cassie,neutral,41,0,0,0,0,Speaker Not Trained
res_dia99_utt15_20260801_160755_full.txt,dia99_utt15,Monica,neutral,22,21,21,0,0,Processed
res_dia99_utt16_20260801_160813_full.txt,dia99_utt16,Cassie,neutral,39,0,0,2,0,Speaker Not Trained
res_dia99_utt17_20260801_160826_full.txt,dia99_utt17,Monica,anger,20,20,20,6,11,Processed
res_dia99_utt18_20260801_160845_full.txt,dia99_utt18,Chandler,neutral,48,48,48,0,48,Processed
res_dia99_utt1_20260801_160546_full.txt,dia99_utt1,Monica,joy,29,19,19,11,2,Processed
res_dia99_utt2_20260801_160906_full.txt,dia99_utt2,Chandler,joy,86,86,86,2,0,Processed
res_dia99_utt3_20260801_160937_full.txt,dia99_utt3,Monica,joy,53,49,48,20,28,Processed
res_dia99_utt4_20260801_161004_full.txt,dia99_utt4,Chandler,neutral,112,112,112,0,10,Processed
res_dia99_utt5_20260801_161021_full.txt,dia99_utt5,Monica,fear,28,0,0,0,28,Speaker Not Found
res_dia99_utt6_20260801_161114_full.txt,dia99_utt6,Chandler,neutral,186,186,186,12,81,Processed
res_dia99_utt7_20260801_161142_full.txt,dia99_utt7,Monica,anger,64,64,64,0,64,Processed
res_dia99_utt8_20260801_161202_full.txt,dia99_utt8,Chandler,joy,29,18,18,9,20,Processed
res_dia99_utt9_20260801_161234_full.txt,dia99_utt9,Monica,neutral,84,81,81,4,83,Processed
res_dia9_utt0_20260801_005814_full.txt,dia9_utt0,Chandler,neutral,68,68,68,12,4,Processed
res_dia9_utt10_20260801_161320_full.txt,dia9_utt10,Ross,neutral,163,162,162,16,56,Processed
res_dia9_utt11_20260801_161346_full.txt,dia9_utt11,Chandler,neutral,119,119,119,1,6,Processed
res_dia9_utt12_20260801_161416_full.txt,dia9_utt12,Ross,disgust,66,66,66,0,66,Processed
res_dia9_utt13_20260801_161518_full.txt,dia9_utt13,Chandler,anger,202,202,202,93,0,Processed
res_dia9_utt1_20260801_005904_full.txt,dia9_utt1,Jade,neutral,99,0,0,49,7,Speaker Not Trained
res_dia9_utt2_20260801_005947_full.txt,dia9_utt2,Jade,neutral,140,0,0,27,6,Speaker Not Trained
res_dia9_utt3_20260801_010026_full.txt,dia9_utt3,Chandler,joy,101,101,101,0,0,Processed
res_dia9_utt4_20260801_010053_full.txt,dia9_utt4,Ross,neutral,40,31,31,0,9,Processed
res_dia9_utt5_20260801_010117_full.txt,dia9_utt5,Chandler,neutral,15,15,15,9,6,Processed
res_dia9_utt6_20260801_010201_full.txt,dia9_utt6,Jade,neutral,54,0,0,8,41,Speaker Not Trained
res_dia9_utt7_20260801_161558_full.txt,dia9_utt7,Chandler,neutral,149,126,126,7,48,Processed
res_dia9_utt8_20260801_161621_full.txt,dia9_utt8,Jade,neutral,69,0,0,0,0,Speaker Not Trained
res_dia9_utt9_20260801_161640_full.txt,dia9_utt9,Chandler,joy,53,53,53,0,33,Processed
